amount,hour_of_day,transaction_type,is_foreign_country,account_age_days,num_transactions_today,distance_from_home_km,is_fraud
33.04,13,purchase,0,516,3,12.39,0
143.44,22,online,0,1719,1,1.01,0
52.14,6,withdrawal,0,1297,3,3.88,0
26.19,16,withdrawal,0,2408,2,0.03,0
103.63,12,purchase,0,2494,1,1.55,0
36.26,21,purchase,0,2162,5,4.59,0
38.72,15,purchase,0,2283,2,0.6,0
121.26,12,purchase,0,3552,3,10.67,0
1505.14,18,withdrawal,0,127,3,55.66,1
77.94,14,purchase,0,1324,3,15.81,0
122.89,14,withdrawal,0,3294,2,2.51,0
115.81,19,purchase,1,1236,1,4.45,0
5.62,14,online,0,2279,2,0.96,0
21.25,16,purchase,0,1805,1,7.11,0
48.14,10,withdrawal,0,2862,2,1.26,0
101.39,15,purchase,0,3444,3,12.01,0
65.9,21,purchase,0,1867,0,0.13,0
59.42,19,purchase,0,3017,3,10.05,0
96.28,8,purchase,0,1312,3,26.78,0
101.3,9,purchase,0,1642,0,8.07,0
31.1,10,withdrawal,0,2140,3,0.16,0
33.62,16,purchase,0,719,0,0.61,0
44.86,11,purchase,0,1287,2,7.86,0
66.09,10,purchase,0,2178,1,0.5,0
27.82,7,purchase,0,2815,2,4.56,0
135.02,9,purchase,1,1589,3,1.2,0
54.38,14,purchase,0,1466,2,23.68,0
34.91,22,purchase,0,2463,3,1.56,0
58.18,8,withdrawal,0,3476,2,21.53,0
229.26,20,online,0,55,0,18.59,0
35.68,22,purchase,0,1732,2,3.14,0
109.65,17,withdrawal,0,1334,3,31.45,0
66.59,7,transfer,0,467,1,22.3,0
27.49,14,purchase,0,3173,0,3.5,0
64.5,18,purchase,0,181,3,21.82,0
51.31,12,transfer,0,2571,2,21.4,0
5.18,13,purchase,0,615,1,8.44,0
49.0,12,purchase,0,1273,0,24.48,0
125.16,11,transfer,0,2333,1,5.05,0
182.16,13,purchase,0,458,2,15.62,0
73.01,8,purchase,0,657,2,72.09,0
182.12,9,withdrawal,0,1961,5,11.77,0
99.13,6,purchase,0,1448,4,6.5,0
40.75,6,transfer,0,961,0,5.1,0
53.85,14,purchase,0,980,4,30.03,0
473.2,2,online,1,169,5,692.71,1
65.38,19,transfer,0,406,1,6.61,0
30.89,22,withdrawal,0,3156,4,3.12,0
331.24,10,purchase,0,1197,3,7.06,0
18.17,21,purchase,0,1671,1,4.21,0
59.45,7,online,0,1241,1,3.17,0
100.47,21,transfer,0,2754,2,9.87,0
100.89,15,purchase,0,180,3,7.69,0
130.52,21,purchase,0,2203,4,29.47,0
22.87,14,purchase,0,609,3,7.58,0
117.15,15,purchase,0,721,2,5.7,0
105.79,10,transfer,0,3112,1,4.16,0
112.71,9,withdrawal,0,831,1,7.18,0
16.81,11,withdrawal,1,1909,3,16.18,0
40.59,14,purchase,0,3229,0,8.88,0
12.76,14,transfer,0,2301,2,19.42,0
178.47,20,purchase,0,3478,0,3.22,0
111.89,17,purchase,0,3239,1,0.54,0
243.7,18,purchase,0,2204,2,0.25,0
32.51,18,withdrawal,0,1279,0,5.1,0
76.64,14,online,1,1569,4,18.53,0
42.14,21,withdrawal,0,2116,2,27.64,0
24.9,10,online,0,1906,6,3.84,0
89.72,17,purchase,0,2725,2,7.23,0
122.21,21,transfer,0,2476,2,13.35,0
84.12,15,purchase,0,3204,2,1.07,0
382.34,14,transfer,0,1964,0,63.47,0
63.14,12,withdrawal,0,1352,4,1.02,0
163.23,14,purchase,0,1244,4,5.32,0
20.61,12,purchase,0,3259,1,6.31,0
19.07,19,purchase,0,2990,1,9.96,0
139.73,20,purchase,0,1847,1,14.84,0
78.53,8,transfer,0,2719,2,27.16,0
42.03,17,purchase,0,2224,1,31.5,0
42.52,22,withdrawal,0,235,2,7.27,0
164.24,9,online,0,3551,1,9.35,0
71.54,18,purchase,0,388,2,6.9,0
32.61,7,purchase,0,2372,2,25.91,0
15.69,6,purchase,0,3547,2,1.06,0
58.62,13,transfer,0,444,0,3.98,0
52.22,22,withdrawal,0,1784,2,16.95,0
76.13,22,withdrawal,0,1969,0,7.31,0
165.35,19,transfer,0,1073,6,21.18,0
33.58,18,transfer,1,2355,2,5.4,0
34.88,11,purchase,0,2574,2,7.66,0
201.76,17,withdrawal,0,1154,3,39.81,0
91.08,16,purchase,0,3462,4,20.83,0
37.5,22,withdrawal,0,2737,2,5.6,0
75.38,9,purchase,0,1318,4,13.15,0
32.66,6,purchase,0,2616,3,8.75,0
29.29,21,transfer,0,2358,2,20.86,0
84.86,21,withdrawal,0,1710,4,49.83,0
80.85,20,purchase,1,485,3,8.3,0
93.65,16,withdrawal,0,2577,1,43.74,0
146.12,17,online,0,2084,0,2.12,0
39.07,17,purchase,0,958,1,1.75,0
70.93,16,purchase,0,951,1,0.28,0
145.53,8,purchase,0,3043,4,15.37,0
40.6,14,transfer,0,2999,2,2.45,0
131.51,6,purchase,0,3247,2,14.68,0
111.75,22,purchase,0,3306,1,0.21,0
162.75,19,withdrawal,0,3275,0,6.84,0
74.32,18,purchase,0,2423,3,26.46,0
30.08,14,withdrawal,0,1310,1,27.62,0
67.21,19,purchase,0,300,2,1.64,0
61.3,11,purchase,0,1454,1,14.18,0
153.99,10,purchase,0,3122,1,26.33,0
99.28,18,purchase,0,1428,3,5.21,0
929.32,17,online,0,122,13,266.82,1
45.87,11,withdrawal,0,2307,4,2.99,0
101.69,18,withdrawal,0,3210,1,12.07,0
134.26,19,online,0,555,2,14.09,0
96.18,9,purchase,0,1735,2,1.77,0
201.91,8,withdrawal,1,1854,1,5.54,0
44.49,18,online,0,1513,5,55.04,0
111.65,16,withdrawal,0,691,0,6.38,0
103.48,14,withdrawal,0,834,1,4.71,0
22.39,21,purchase,0,1691,4,3.93,0
12.63,11,online,0,2249,2,11.21,0
15.71,16,purchase,0,1070,2,25.45,0
64.53,18,withdrawal,0,3321,2,2.41,0
177.83,6,withdrawal,0,2729,2,2.25,0
54.34,15,transfer,0,708,0,12.64,0
7.78,16,withdrawal,0,355,2,3.99,0
132.1,12,transfer,0,1438,1,12.59,0
56.85,7,purchase,0,1412,4,8.77,0
7.84,9,withdrawal,0,652,2,4.26,0
96.07,21,purchase,0,173,1,27.95,0
138.42,19,withdrawal,0,3220,3,22.82,0
155.13,12,withdrawal,0,220,2,3.56,0
42.82,13,purchase,0,2200,3,2.82,0
85.42,22,transfer,0,3260,3,9.53,0
77.83,18,online,0,1076,0,66.6,0
74.16,19,purchase,0,3216,1,17.68,0
11.9,14,purchase,0,3640,3,9.51,0
60.15,10,purchase,0,1329,2,13.34,0
165.15,6,purchase,0,2869,1,34.4,0
123.74,17,withdrawal,0,886,2,29.73,0
96.6,7,transfer,0,1307,2,12.26,0
53.25,13,online,0,1880,2,3.86,0
52.78,12,purchase,0,635,2,5.17,0
150.27,12,purchase,0,2643,2,0.15,0
21.81,16,purchase,0,2879,5,10.43,0
158.32,21,withdrawal,0,3468,2,8.88,0
14.13,7,purchase,0,340,2,12.98,0
82.39,7,transfer,0,3057,2,13.4,0
33.61,22,purchase,0,3102,1,16.87,0
59.49,20,purchase,0,138,3,30.19,0
304.85,22,online,1,2296,1,0.66,0
111.92,20,purchase,0,461,2,8.89,0
46.81,11,purchase,0,2166,0,14.83,0
24.26,21,online,0,3534,0,0.51,0
29.34,6,online,0,3382,3,7.49,0
145.86,10,purchase,0,2976,4,8.4,0
26.31,6,transfer,0,2047,3,3.17,0
69.98,16,purchase,0,1985,3,11.39,0
110.23,14,purchase,0,1548,7,20.4,0
67.2,22,purchase,0,3328,0,4.26,0
43.48,20,online,0,1435,2,8.61,0
172.07,13,withdrawal,0,2596,0,1.04,0
65.77,17,purchase,0,3029,0,12.76,0
43.41,21,purchase,0,2320,1,6.98,0
112.65,20,online,0,2920,1,14.39,0
79.4,14,withdrawal,0,2817,0,2.2,0
18.88,19,purchase,0,782,5,2.47,0
145.98,20,transfer,0,3095,2,3.28,0
18.86,20,purchase,0,1672,5,1.37,0
52.55,10,purchase,0,905,2,26.71,0
85.51,10,transfer,0,622,3,16.48,0
51.24,9,withdrawal,0,764,1,39.01,0
77.36,12,transfer,0,840,5,6.4,0
15.45,21,withdrawal,0,388,3,64.0,0
887.27,1,purchase,0,38,5,383.45,1
23.13,10,withdrawal,0,2642,2,13.68,0
22.36,20,transfer,0,2153,2,38.83,0
20.45,8,online,0,2128,2,50.42,0
22.81,9,online,0,733,1,11.52,0
42.18,21,withdrawal,1,1959,2,25.25,0
89.65,16,withdrawal,0,2441,0,62.27,0
177.08,17,purchase,0,3515,3,1.26,0
15.17,15,transfer,0,2211,3,8.02,0
35.35,21,purchase,0,3261,1,49.21,0
10.9,8,transfer,0,790,4,21.23,0
139.82,16,withdrawal,0,2503,1,23.56,0
105.09,6,purchase,0,3049,2,11.58,0
120.68,11,purchase,0,1448,1,6.0,0
63.47,21,withdrawal,0,1758,3,4.9,0
63.24,22,purchase,0,272,1,13.24,0
49.46,13,purchase,0,2552,0,9.28,0
81.41,10,withdrawal,0,1457,1,19.11,0
26.34,16,withdrawal,0,1929,5,16.03,0
14.47,6,transfer,0,2659,2,18.05,0
125.28,11,transfer,0,954,1,12.07,0
86.4,17,online,0,1536,3,39.88,0
70.33,10,purchase,0,2962,2,1.93,0
129.58,13,purchase,0,893,3,45.06,0
97.33,16,purchase,0,1009,2,34.09,0
245.8,18,withdrawal,0,1769,1,1.0,0
34.95,9,withdrawal,0,1621,3,16.28,0
64.35,8,transfer,0,1102,2,4.59,0
30.59,9,transfer,0,2295,2,17.78,0
82.51,17,purchase,0,3465,1,26.45,0
158.59,8,transfer,0,3284,3,1.88,0
114.34,18,purchase,0,892,1,46.06,0
59.65,19,withdrawal,0,1015,6,9.45,0
122.42,7,purchase,0,3632,2,3.59,0
83.08,18,purchase,0,1672,4,41.29,0
143.12,8,withdrawal,0,2525,1,14.59,0
31.85,12,purchase,0,62,0,2.02,0
45.78,6,online,0,2203,5,21.0,0
60.31,17,purchase,0,2379,1,1.36,0
27.14,18,purchase,0,2403,2,16.83,0
206.02,7,purchase,0,1270,3,8.04,0
32.44,8,purchase,0,2301,1,3.98,0
212.04,13,purchase,0,2262,2,25.3,0
29.99,11,purchase,0,2397,0,11.3,0
113.02,21,purchase,0,3430,5,23.28,0
40.98,21,online,0,879,2,5.59,0
50.43,20,withdrawal,0,800,3,7.17,0
60.12,17,purchase,0,125,0,28.59,0
35.48,17,purchase,0,2465,0,22.97,0
214.03,12,online,0,2491,2,1.97,0
52.41,18,transfer,0,2391,3,2.7,0
122.71,9,online,0,474,2,10.48,0
122.42,8,withdrawal,0,48,1,28.91,0
201.99,15,online,0,2074,4,2.39,0
12.66,15,purchase,0,318,6,5.98,0
15.05,9,purchase,0,3220,2,5.92,0
44.98,18,transfer,0,135,2,11.1,0
76.95,22,online,0,531,1,18.31,0
8.02,16,purchase,0,3444,0,11.95,0
20.29,16,purchase,1,1743,2,2.44,0
16.42,6,purchase,0,2783,2,12.47,0
17.75,6,purchase,0,3524,2,4.74,0
37.61,7,purchase,0,3018,2,7.64,0
454.37,16,online,1,351,4,149.4,1
74.83,14,withdrawal,0,2999,1,1.63,0
44.9,17,withdrawal,0,2944,3,5.01,0
61.52,15,purchase,0,2229,1,4.08,0
135.74,15,purchase,0,2276,1,36.46,0
660.74,4,purchase,1,294,5,658.29,1
52.4,6,purchase,1,1162,2,40.23,0
38.43,9,purchase,0,329,1,4.02,0
11.8,16,purchase,0,3262,0,33.73,0
38.07,6,purchase,0,1347,2,5.99,0
134.16,16,purchase,0,1183,3,0.2,0
40.58,15,purchase,0,2363,0,0.68,0
50.51,15,online,0,2293,0,2.91,0
102.75,6,purchase,0,1233,2,1.53,0
24.88,6,purchase,0,1951,2,4.28,0
187.89,18,purchase,0,670,3,32.97,0
125.72,16,transfer,0,1319,4,12.87,0
27.53,21,purchase,0,2122,1,25.28,0
185.52,14,online,0,1119,4,3.16,0
59.04,9,withdrawal,0,3493,3,1.05,0
79.8,9,transfer,0,3395,1,16.64,0
12.79,18,transfer,0,369,6,17.66,0
91.46,12,withdrawal,0,2191,3,12.96,0
39.18,9,purchase,0,1637,2,5.05,0
1071.45,14,purchase,1,155,7,28.12,1
40.53,16,withdrawal,0,2503,5,8.08,0
28.41,6,purchase,0,282,3,22.54,0
68.17,18,withdrawal,1,2578,4,19.52,0
168.59,15,purchase,0,2268,1,25.86,0
33.21,17,purchase,0,2023,0,13.17,0
26.93,15,withdrawal,0,3068,3,13.98,0
43.98,13,purchase,0,293,3,5.57,0
28.41,18,withdrawal,0,1893,2,3.86,0
159.21,10,online,0,3067,4,5.04,0
57.95,21,withdrawal,0,156,0,26.34,0
175.76,19,online,0,2247,4,0.18,0
127.38,16,purchase,0,2220,1,42.26,0
75.99,7,withdrawal,0,1993,3,3.03,0
28.87,13,purchase,0,2663,2,10.3,0
1051.38,9,purchase,1,320,9,68.34,1
316.65,7,purchase,0,1287,0,2.56,0
50.2,17,purchase,0,3409,1,28.52,0
134.63,10,transfer,0,2310,1,13.51,0
39.23,22,online,0,2970,4,15.34,0
53.44,15,transfer,0,2573,2,4.76,0
135.64,12,purchase,0,2315,3,5.88,0
50.89,12,purchase,0,168,2,3.4,0
47.64,22,withdrawal,0,2512,2,0.97,0
10.21,13,purchase,0,3093,2,3.76,0
56.33,18,online,0,3632,4,0.3,0
160.23,10,purchase,0,1198,5,3.31,0
80.54,9,purchase,0,1461,0,8.55,0
49.99,19,purchase,0,1226,4,14.34,0
71.72,15,withdrawal,1,2520,2,2.16,0
23.63,22,transfer,0,948,3,36.33,0
32.24,6,purchase,0,1864,1,30.39,0
52.34,19,purchase,0,2153,3,19.67,0
68.12,8,purchase,0,2535,2,19.86,0
45.88,19,transfer,0,139,1,30.99,0
47.96,13,purchase,0,2171,3,12.28,0
130.69,12,purchase,0,306,1,7.09,0
190.39,14,withdrawal,0,1899,3,19.24,0
169.33,9,withdrawal,0,1171,3,5.22,0
61.03,17,purchase,0,1574,1,14.55,0
72.78,11,purchase,0,2722,4,4.79,0
129.85,7,withdrawal,0,1744,2,12.77,0
750.37,0,withdrawal,1,199,5,3.22,1
84.39,22,online,0,613,4,2.57,0
17.96,13,transfer,0,2361,3,8.3,0
1075.76,12,transfer,1,135,5,760.5,1
97.45,22,online,0,1250,2,10.36,0
19.52,17,transfer,0,527,6,12.02,0
12.17,9,online,0,694,0,24.84,0
108.02,11,online,0,2455,4,41.12,0
98.88,21,purchase,0,3257,0,29.06,0
145.09,20,purchase,0,2039,2,16.6,0
64.27,22,online,0,2176,1,26.2,0
111.55,7,purchase,0,2947,1,29.63,0
28.7,12,purchase,0,135,3,9.36,0
54.28,9,withdrawal,0,1073,1,0.31,0
32.38,21,purchase,0,2482,1,11.53,0
159.86,8,withdrawal,0,3328,2,33.6,0
19.68,9,purchase,0,2359,1,24.69,0
19.19,22,withdrawal,0,1892,3,3.01,0
18.99,6,purchase,0,3143,3,12.1,0
73.63,17,purchase,0,2002,3,22.8,0
82.13,14,transfer,0,2473,3,0.45,0
52.44,13,purchase,0,2447,2,5.85,0
147.18,10,purchase,0,693,0,6.6,0
40.72,13,purchase,0,1448,3,2.44,0
99.95,16,purchase,0,2918,3,6.84,0
40.59,13,withdrawal,0,2116,2,27.85,0
57.74,13,transfer,0,1763,2,0.23,0
44.47,20,withdrawal,0,2990,3,2.32,0
39.38,12,online,0,827,2,2.77,0
72.15,7,purchase,0,3028,0,10.51,0
75.33,18,withdrawal,0,2390,1,13.55,0
37.04,17,online,0,1819,2,11.08,0
37.18,19,transfer,0,3464,1,0.83,0
28.85,18,withdrawal,0,1089,0,0.66,0
39.86,21,online,0,262,0,1.17,0
38.31,14,transfer,0,3444,2,5.39,0
62.14,10,withdrawal,0,469,1,0.6,0
40.56,17,purchase,0,1090,2,2.84,0
96.26,7,online,0,2132,0,23.17,0
54.03,10,purchase,0,3218,0,50.97,0
49.74,8,transfer,0,170,3,13.86,0
40.53,14,purchase,0,2770,4,13.06,0
149.45,18,purchase,0,3404,4,7.75,0
111.45,19,withdrawal,0,1288,1,31.92,0
100.19,19,purchase,0,740,4,9.73,0
18.29,17,withdrawal,0,3619,2,16.22,0
25.48,21,withdrawal,0,2434,4,5.78,0
194.06,8,withdrawal,1,1175,2,15.13,0
44.41,13,online,0,1957,1,10.74,0
56.83,22,purchase,0,1104,1,13.82,0
117.34,11,online,0,186,1,9.21,0
26.64,13,purchase,0,3528,1,20.01,0
206.66,12,purchase,1,3049,2,5.73,0
57.63,8,purchase,0,2326,2,8.25,0
74.82,7,purchase,0,1835,1,30.37,0
52.62,19,withdrawal,0,2550,2,2.89,0
109.47,20,withdrawal,0,2079,3,13.41,0
13.71,15,transfer,0,2528,1,0.36,0
201.71,18,online,0,801,0,25.37,0
111.55,11,transfer,0,2449,4,25.25,0
109.46,16,purchase,0,2006,1,1.42,0
115.21,9,withdrawal,0,3154,3,8.69,0
495.67,22,purchase,1,132,3,27.76,1
88.49,8,withdrawal,0,2122,2,9.55,0
4.87,9,purchase,0,1713,3,61.79,0
63.28,14,purchase,0,1952,2,0.29,0
68.31,11,transfer,0,3395,2,13.79,0
44.25,19,purchase,0,2397,0,5.86,0
199.69,19,purchase,0,1955,1,29.34,0
80.56,21,online,0,3628,1,11.12,0
94.35,10,withdrawal,0,1516,2,1.71,0
150.12,17,transfer,0,3098,4,3.13,0
89.38,16,purchase,0,3065,3,6.01,0
103.8,15,purchase,0,1818,4,59.2,0
52.08,16,withdrawal,0,423,1,10.11,0
61.9,15,purchase,0,865,3,14.04,0
10.57,7,withdrawal,0,350,2,1.01,0
82.75,18,purchase,0,2570,2,6.72,0
47.11,6,transfer,0,2292,2,20.65,0
54.3,21,withdrawal,0,138,2,2.1,0
37.6,6,purchase,0,61,2,21.91,0
0.7,18,purchase,0,570,5,4.29,0
104.72,14,withdrawal,0,2784,0,9.96,0
152.39,16,transfer,0,2154,1,16.31,0
62.02,6,transfer,0,818,1,2.67,0
129.08,20,purchase,0,2017,1,3.55,0
64.84,15,transfer,0,486,1,9.24,0
37.53,18,purchase,0,2346,1,4.72,0
580.13,6,withdrawal,0,85,4,176.9,1
20.62,17,purchase,1,45,1,9.39,0
100.82,16,withdrawal,0,3391,1,6.46,0
36.56,14,purchase,0,2650,4,19.2,0
91.2,21,online,0,2974,2,8.77,0
17.83,11,transfer,0,2030,1,4.08,0
111.09,10,transfer,0,1809,3,32.87,0
16.0,15,online,0,2893,2,22.78,0
19.61,11,purchase,0,2432,2,2.11,0
26.29,21,purchase,0,482,0,26.11,0
160.75,16,online,0,1116,1,20.33,0
17.4,7,withdrawal,0,1750,2,3.7,0
136.4,19,withdrawal,0,2094,1,9.95,0
57.31,18,purchase,0,3306,1,6.15,0
189.03,22,purchase,0,2793,2,7.16,0
191.72,15,purchase,0,1211,3,19.93,0
45.22,21,withdrawal,0,398,1,0.17,0
120.59,14,transfer,0,3259,0,2.04,0
53.81,6,withdrawal,1,1719,2,1.02,0
47.47,7,online,0,3079,2,2.89,0
23.9,10,transfer,0,1249,0,18.23,0
58.36,12,transfer,0,2421,1,11.71,0
102.24,20,purchase,0,2288,5,62.02,0
72.5,16,purchase,0,2067,6,2.98,0
90.98,14,transfer,0,631,1,78.71,0
23.91,11,online,0,1888,2,16.39,0
40.54,19,purchase,0,157,4,47.21,0
98.76,21,transfer,0,3018,1,15.24,0
190.31,19,online,0,66,3,0.32,0
151.2,18,purchase,0,837,2,2.0,0
63.56,16,online,0,1216,2,56.41,0
121.89,17,withdrawal,0,1327,1,27.8,0
29.48,22,transfer,0,833,1,19.22,0
78.52,11,purchase,1,1564,1,14.83,0
117.71,12,purchase,0,2093,5,9.9,0
37.64,8,purchase,0,2129,0,6.87,0
59.68,19,online,0,1166,4,15.74,0
74.89,10,purchase,0,1909,3,8.89,0
16.05,13,transfer,0,2699,1,5.57,0
55.3,15,withdrawal,0,3509,1,0.79,0
8.74,20,online,0,61,3,14.92,0
27.5,20,purchase,0,1728,2,11.83,0
73.45,20,transfer,0,3487,4,16.33,0
42.55,6,withdrawal,0,2938,3,20.68,0
45.4,16,purchase,0,2256,2,0.2,0
54.63,8,withdrawal,0,514,0,9.88,0
97.21,22,purchase,0,2412,3,14.82,0
11.59,8,online,1,1384,3,2.68,0
185.68,11,online,0,1139,2,34.43,0
24.17,7,online,0,2378,1,22.15,0
24.28,9,transfer,0,2438,3,7.18,0
22.66,19,purchase,0,365,3,30.34,0
88.78,11,online,0,2587,3,83.15,0
10.56,12,withdrawal,0,2698,3,3.31,0
49.84,19,withdrawal,0,2266,3,19.89,0
8.54,16,purchase,0,2675,3,13.38,0
132.21,6,purchase,0,545,2,24.83,0
107.99,21,transfer,0,3619,0,37.19,0
62.79,10,withdrawal,0,698,1,10.13,0
119.81,8,purchase,0,616,2,3.01,0
78.91,17,purchase,0,494,4,10.45,0
49.69,16,purchase,0,2069,3,16.43,0
123.73,18,purchase,0,2828,3,2.68,0
114.55,13,withdrawal,0,3083,1,13.9,0
80.23,14,purchase,0,1841,0,14.05,0
46.4,13,purchase,0,2770,0,12.8,0
177.8,9,purchase,0,3372,0,6.35,0
76.78,19,purchase,0,422,3,2.08,0
89.43,10,purchase,0,3547,2,11.98,0
18.97,10,purchase,0,91,2,28.29,0
85.0,7,purchase,0,409,4,46.4,0
77.24,16,transfer,0,421,3,8.36,0
82.38,12,purchase,0,3441,1,8.61,0
35.43,19,transfer,0,2805,4,14.27,0
180.85,14,transfer,0,3176,2,5.77,0
109.38,15,withdrawal,0,2533,3,5.69,0
56.77,13,transfer,0,1442,3,21.78,0
52.21,12,purchase,0,324,6,25.47,0
110.86,19,purchase,0,236,0,36.61,0
38.03,18,purchase,0,899,1,8.38,0
99.36,21,purchase,0,757,1,5.52,0
201.26,13,purchase,0,441,0,4.75,0
86.17,14,online,0,1206,1,4.1,0
77.01,21,online,0,1147,3,1.26,0
116.49,13,transfer,0,2560,1,20.16,0
33.53,21,purchase,0,2122,1,19.5,0
41.24,10,transfer,0,3270,2,6.17,0
34.48,10,purchase,0,1285,1,0.14,0
63.46,15,transfer,0,1443,2,2.43,0
28.98,17,purchase,0,1818,0,47.68,0
17.72,21,withdrawal,0,3188,3,16.85,0
43.38,21,purchase,0,2662,4,8.9,0
45.12,8,purchase,0,1840,2,22.66,0
19.32,14,purchase,0,2461,1,19.97,0
28.18,8,purchase,0,866,0,0.85,0
86.22,13,online,0,2051,1,1.75,0
123.81,14,withdrawal,0,3257,1,19.09,0
110.56,6,purchase,0,2202,3,17.23,0
93.96,16,purchase,0,1249,1,12.67,0
94.58,20,withdrawal,0,1547,4,9.74,0
129.64,16,purchase,0,1642,0,15.27,0
61.44,14,online,0,712,0,13.96,0
15.09,15,purchase,0,1022,0,8.95,0
103.56,12,purchase,0,2100,1,20.78,0
120.91,20,online,0,2486,0,6.48,0
51.81,11,withdrawal,1,769,1,2.55,0
247.01,18,withdrawal,0,1563,5,9.21,0
88.96,15,withdrawal,0,284,2,3.44,0
124.93,12,withdrawal,0,975,2,5.61,0
22.76,6,purchase,0,3255,3,32.52,0
77.36,20,purchase,0,548,1,10.7,0
81.25,12,purchase,0,3287,2,21.96,0
111.63,14,purchase,0,1882,2,16.63,0
19.0,14,purchase,0,2360,3,29.78,0
23.84,18,purchase,0,1523,1,4.59,0
82.63,12,withdrawal,0,2097,1,5.78,0
66.63,9,withdrawal,0,1639,1,34.51,0
37.84,8,transfer,0,3418,2,0.58,0
77.18,21,purchase,0,1116,1,11.93,0
47.61,14,purchase,0,1943,1,26.62,0
12.73,8,transfer,0,2303,4,1.71,0
11.6,21,transfer,0,363,1,28.23,0
575.52,17,purchase,0,44,8,150.15,1
16.8,13,transfer,0,2904,1,16.48,0
104.98,22,online,0,1304,3,3.28,0
54.15,6,purchase,0,1485,4,9.18,0
186.24,22,transfer,0,335,0,16.0,0
100.97,18,online,0,3023,0,35.07,0
30.25,17,purchase,0,1112,1,32.07,0
33.78,10,withdrawal,0,994,1,1.37,0
52.9,6,withdrawal,0,2749,2,10.47,0
581.88,10,online,0,17,4,89.22,1
94.06,8,purchase,0,1384,2,9.02,0
27.45,21,transfer,0,175,1,5.2,0
56.19,21,online,0,1709,2,6.06,0
188.29,15,purchase,0,1311,1,1.17,0
17.89,12,withdrawal,0,2997,2,10.91,0
9.76,6,purchase,0,2348,3,17.39,0
136.9,21,transfer,0,3273,0,23.39,0
53.76,16,online,0,1146,1,16.95,0
77.32,20,online,0,2152,2,5.32,0
13.44,18,transfer,0,1320,0,8.66,0
32.97,9,purchase,0,1756,2,27.05,0
79.67,7,purchase,0,632,3,12.13,0
84.98,17,online,0,1687,2,0.61,0
118.55,10,withdrawal,0,1395,3,7.33,0
103.75,17,transfer,0,151,2,18.44,0
84.63,21,transfer,0,2664,3,6.8,0
47.84,19,purchase,0,2473,0,4.35,0
114.83,17,purchase,0,1758,1,1.74,0
120.47,8,online,1,1996,1,53.7,0
32.98,20,online,0,36,2,3.27,0
42.48,7,purchase,0,2650,2,25.36,0
63.88,11,purchase,0,1683,6,10.94,0
281.1,22,withdrawal,1,357,8,102.85,1
303.16,8,purchase,0,592,1,0.71,0
31.33,11,purchase,0,1466,8,11.61,0
86.27,6,purchase,0,1412,0,0.77,0
120.81,12,purchase,0,2034,1,9.55,0
295.33,2,transfer,0,114,5,320.28,1
229.74,8,online,0,3174,4,8.94,0
1030.97,5,transfer,1,191,9,159.82,1
113.23,13,online,0,1945,3,0.03,0
33.82,19,online,0,2453,2,49.74,0
66.45,9,online,0,3591,1,39.91,0
70.57,18,online,0,1529,6,0.55,0
55.97,20,withdrawal,0,2254,0,0.03,0
8.45,7,withdrawal,0,823,3,10.11,0
202.13,1,purchase,1,7,6,222.7,1
215.22,7,purchase,0,3460,5,7.48,0
38.39,8,purchase,0,2443,2,42.03,0
60.03,18,purchase,0,1902,0,52.05,0
14.93,18,transfer,1,3142,3,5.11,0
266.94,7,purchase,0,333,1,8.56,0
80.28,14,online,0,1985,2,2.4,0
53.81,13,purchase,0,2165,3,27.95,0
79.82,17,purchase,0,1572,3,4.88,0
62.14,8,withdrawal,0,1143,1,4.28,0
123.95,18,purchase,0,1482,1,3.53,0
50.04,9,withdrawal,0,1339,1,32.15,0
79.26,10,transfer,0,305,3,8.85,0
26.98,15,purchase,0,3476,1,30.63,0
100.09,11,transfer,0,268,4,2.28,0
62.37,21,purchase,0,3086,0,19.62,0
3.26,18,withdrawal,0,1942,2,62.72,0
132.44,10,purchase,1,1942,1,7.13,0
65.89,9,purchase,0,3151,1,36.34,0
130.91,9,purchase,0,2495,1,0.45,0
29.12,20,withdrawal,0,2123,2,10.1,0
47.77,7,withdrawal,0,3188,3,2.17,0
116.33,14,purchase,0,1515,0,7.13,0
35.75,9,purchase,0,2121,0,13.29,0
33.78,8,purchase,0,2315,1,7.33,0
141.94,15,purchase,0,3471,3,51.29,0
25.86,8,transfer,0,1305,1,21.55,0
142.91,10,purchase,0,1726,1,4.47,0
34.52,16,online,0,3427,1,32.73,0
39.81,15,transfer,0,653,1,5.06,0
52.07,6,purchase,0,218,3,5.08,0
34.11,8,withdrawal,0,671,1,8.37,0
145.81,22,transfer,0,141,2,19.13,0
296.18,11,purchase,0,2242,2,2.35,0
42.1,6,online,0,1841,0,0.66,0
71.4,19,purchase,0,2069,4,20.32,0
166.54,8,purchase,0,2947,2,0.04,0
129.63,19,purchase,0,1263,0,67.87,0
102.03,9,purchase,0,1791,4,5.86,0
545.9,16,purchase,1,188,6,116.27,1
17.59,20,purchase,0,1507,0,10.29,0
63.12,17,purchase,1,2230,3,102.92,0
25.61,12,purchase,0,3256,1,10.75,0
120.59,21,online,0,956,2,10.55,0
41.99,18,purchase,0,3400,0,6.27,0
87.54,8,online,0,600,1,17.63,0
163.32,15,purchase,0,1316,4,11.49,0
46.13,9,purchase,0,1402,3,10.58,0
105.77,16,purchase,0,1606,3,8.56,0
79.35,7,purchase,0,969,5,17.46,0
80.16,13,purchase,0,305,2,4.04,0
139.85,20,online,0,454,3,15.43,0
243.98,6,online,0,1051,3,4.13,0
13.35,12,purchase,0,804,0,3.97,0
249.34,14,withdrawal,1,1053,2,12.43,0
8.34,11,purchase,0,1291,3,21.06,0
143.88,14,purchase,0,1755,2,10.9,0
97.28,11,transfer,0,3097,5,5.9,0
124.06,10,purchase,0,475,2,23.13,0
21.01,15,online,0,3301,2,11.24,0
190.66,13,purchase,0,1542,4,3.75,0
17.46,8,purchase,0,1926,1,11.21,0
134.68,12,withdrawal,0,3045,2,27.51,0
950.03,13,online,1,233,8,63.32,1
141.06,9,transfer,0,828,3,12.05,0
96.03,9,purchase,0,3641,2,22.69,0
19.6,19,withdrawal,0,1383,1,18.99,0
46.66,19,purchase,0,638,3,4.06,0
50.79,20,online,0,2631,2,5.3,0
83.37,7,transfer,0,1206,4,6.93,0
37.74,9,purchase,0,1115,4,22.65,0
109.71,19,purchase,0,3305,2,10.61,0
78.64,12,purchase,0,2251,0,20.83,0
3.24,22,purchase,0,289,3,9.09,0
68.84,21,online,0,3412,0,22.19,0
8.81,12,withdrawal,0,2742,0,1.68,0
85.01,18,purchase,0,1598,2,18.91,0
97.05,13,purchase,0,2047,2,20.48,0
39.53,19,purchase,0,2840,4,14.22,0
54.01,12,purchase,0,3248,1,13.72,0
83.33,13,purchase,0,100,2,35.24,0
84.65,15,purchase,0,826,0,13.57,0
112.08,15,online,0,552,1,11.94,0
20.57,21,transfer,0,2851,1,40.67,0
155.18,19,online,0,3442,3,1.05,0
131.77,14,purchase,0,187,1,11.58,0
121.35,7,transfer,0,2791,2,31.1,0
740.24,8,online,1,107,6,456.26,1
18.52,17,transfer,0,1728,2,6.14,0
13.94,6,withdrawal,0,823,2,25.75,0
91.96,20,purchase,0,1592,3,17.43,0
81.76,20,withdrawal,0,3535,2,9.18,0
277.05,13,purchase,0,2602,2,20.35,0
1245.24,1,purchase,0,141,5,64.14,1
134.58,17,withdrawal,0,3072,1,27.87,0
60.41,15,purchase,0,89,5,12.35,0
150.13,21,purchase,0,456,0,13.43,0
90.76,13,purchase,0,208,1,16.64,0
6.94,11,online,0,709,1,1.86,0
126.74,17,purchase,0,1329,6,5.91,0
37.62,21,withdrawal,0,844,1,23.95,0
89.7,12,purchase,0,1264,1,7.25,0
63.46,10,transfer,0,578,1,19.01,0
99.08,8,purchase,0,2749,3,68.9,0
22.3,12,withdrawal,0,2458,6,7.27,0
135.25,20,purchase,0,1273,4,4.37,0
221.37,19,purchase,0,3249,5,27.38,0
38.69,7,purchase,0,2421,3,13.91,0
495.04,5,online,1,115,4,287.42,1
58.65,17,purchase,0,3533,2,5.51,0
55.92,6,purchase,0,1873,1,16.82,0
206.6,20,online,0,1523,3,3.47,0
68.22,22,withdrawal,0,717,2,2.49,0
111.35,6,online,0,3013,3,2.28,0
39.3,6,purchase,0,1646,2,5.01,0
93.55,15,transfer,0,212,2,16.87,0
127.31,6,transfer,0,1585,4,13.72,0
49.97,9,purchase,0,3497,1,30.97,0
112.74,7,online,0,1143,0,9.74,0
43.47,13,purchase,0,2412,2,7.54,0
85.99,22,purchase,0,1723,1,41.03,0
50.87,20,online,0,2535,0,8.6,0
26.38,17,purchase,0,2813,1,1.64,0
32.75,11,purchase,0,2758,3,5.21,0
60.3,10,transfer,0,1729,3,30.59,0
65.7,14,withdrawal,0,3093,1,4.61,0
130.77,10,purchase,0,1123,3,17.83,0
55.17,21,online,0,1833,2,25.03,0
48.69,11,purchase,0,3366,2,8.17,0
53.64,20,purchase,0,2229,2,2.76,0
52.75,9,withdrawal,0,1220,2,22.44,0
69.55,19,purchase,0,1076,3,0.39,0
126.22,21,purchase,0,3078,0,20.84,0
45.29,20,purchase,0,772,1,3.22,0
121.87,10,purchase,1,2485,2,5.29,0
51.78,17,transfer,0,2784,1,44.65,0
23.12,18,withdrawal,0,954,2,4.81,0
64.51,21,purchase,0,3290,0,1.31,0
50.83,9,withdrawal,0,1783,1,30.99,0
70.46,15,purchase,0,308,3,19.61,0
354.64,19,purchase,0,1359,4,62.9,0
28.81,18,withdrawal,1,1610,3,12.31,0
19.12,11,transfer,0,2362,1,22.52,0
15.17,19,purchase,0,1349,2,3.88,0
132.57,13,withdrawal,0,3623,4,29.21,0
24.87,21,purchase,0,2103,2,29.5,0
90.28,9,purchase,0,1465,1,8.91,0
74.11,18,purchase,0,264,4,13.68,0
192.23,12,purchase,0,3323,1,13.15,0
97.67,18,purchase,0,691,1,8.65,0
75.99,6,transfer,0,2054,2,13.3,0
46.19,15,withdrawal,0,3458,0,28.11,0
33.0,6,purchase,0,2148,0,8.01,0
228.43,10,withdrawal,0,2537,1,21.74,0
17.7,15,transfer,0,3194,2,13.04,0
11.12,21,purchase,0,1916,2,19.94,0
91.1,17,purchase,0,248,0,30.58,0
184.28,1,online,0,324,5,118.16,1
57.51,10,purchase,0,1823,5,0.7,0
27.9,22,purchase,0,2222,2,3.24,0
102.82,21,purchase,0,494,2,38.13,0
52.66,20,withdrawal,0,2516,0,23.29,0
21.25,7,withdrawal,0,3099,3,26.65,0
28.08,7,purchase,0,2057,3,27.77,0
14.13,21,online,0,1349,0,30.06,0
41.98,19,online,0,2292,4,6.25,0
30.23,6,withdrawal,0,305,1,0.09,0
201.54,22,transfer,0,1366,2,1.73,0
26.64,16,purchase,0,1852,1,1.02,0
18.46,20,purchase,0,2037,4,0.08,0
36.41,8,withdrawal,0,2053,1,0.82,0
101.71,7,transfer,0,1533,2,75.27,0
50.82,16,transfer,0,2278,0,11.19,0
182.05,17,purchase,0,2261,2,8.93,0
42.46,12,purchase,0,1042,1,6.82,0
283.31,15,purchase,0,3291,0,22.75,0
74.41,14,withdrawal,0,1169,3,1.83,0
61.84,7,online,0,1433,2,1.92,0
48.0,11,purchase,0,3170,1,35.75,0
87.02,16,purchase,0,2540,7,4.26,0
42.82,15,withdrawal,0,2853,2,20.22,0
24.98,18,online,0,2093,1,7.65,0
125.15,10,withdrawal,0,1290,3,0.79,0
115.43,19,withdrawal,0,1898,6,2.18,0
15.13,6,purchase,0,1546,1,6.88,0
186.69,22,purchase,0,2435,2,19.06,0
43.04,11,transfer,0,3574,3,18.88,0
212.31,7,online,0,1205,2,33.33,0
58.91,22,purchase,0,878,1,5.64,0
38.27,9,withdrawal,0,1136,1,17.71,0
80.72,12,purchase,0,2117,2,6.44,0
98.93,7,withdrawal,0,2965,1,7.53,0
128.29,6,online,0,1597,3,1.15,0
24.43,13,online,0,2903,3,0.39,0
55.68,12,purchase,0,1513,4,1.35,0
258.88,14,purchase,0,3430,2,37.22,0
34.3,16,online,0,2950,3,3.04,0
164.66,21,purchase,0,468,2,8.96,0
18.35,12,online,0,1692,0,4.49,0
61.16,15,purchase,1,2791,5,8.03,0
27.56,18,withdrawal,0,1793,2,24.5,0
64.78,9,purchase,1,3029,0,19.18,0
113.8,11,purchase,1,497,0,11.18,0
125.24,7,purchase,0,1879,3,10.72,0
77.95,7,transfer,0,2760,2,11.13,0
81.62,7,online,0,409,3,6.42,0
79.16,15,purchase,0,2937,3,3.82,0
64.7,22,purchase,0,416,2,2.58,0
155.3,9,purchase,0,3489,1,35.92,0
146.32,12,withdrawal,0,1224,1,0.37,0
91.37,13,transfer,0,1947,2,17.59,0
13.74,17,online,0,3634,0,18.51,0
13.55,19,online,0,3451,0,36.1,0
93.64,17,purchase,1,2968,1,41.57,0
220.44,8,purchase,0,1039,1,1.96,0
265.58,20,withdrawal,0,2109,1,14.14,0
35.09,6,purchase,0,2793,3,34.33,0
55.38,18,withdrawal,0,577,0,1.27,0
95.55,10,purchase,0,396,2,11.59,0
26.55,8,transfer,0,1821,0,3.62,0
53.31,15,withdrawal,0,1467,0,35.22,0
12.09,18,purchase,0,1193,5,8.71,0
71.95,14,purchase,0,3339,1,9.3,0
35.86,9,purchase,0,2312,1,36.42,0
60.13,20,transfer,0,181,2,33.23,0
533.22,16,transfer,0,128,4,46.62,1
32.5,11,online,0,2192,0,17.74,0
33.59,22,purchase,0,135,2,1.77,0
164.53,11,purchase,0,2306,2,12.23,0
30.47,15,purchase,0,447,2,26.27,0
30.65,22,online,0,464,3,19.37,0
18.92,22,online,0,1826,2,28.01,0
577.25,23,transfer,0,294,8,448.73,1
79.06,16,purchase,0,583,5,39.01,0
149.87,22,purchase,0,689,0,5.65,0
33.36,7,transfer,0,54,4,16.8,0
38.99,14,withdrawal,0,2084,2,3.82,0
21.46,9,purchase,0,2876,1,1.32,0
18.26,10,online,0,392,4,4.78,0
7.45,21,withdrawal,0,2651,2,22.45,0
113.45,18,transfer,0,1533,1,43.7,0
122.43,18,transfer,0,1733,1,10.41,0
36.15,18,withdrawal,0,3063,3,1.31,0
156.0,21,purchase,0,2249,2,5.19,0
131.74,9,purchase,0,524,5,5.68,0
92.24,17,purchase,0,139,2,4.05,0
20.62,18,purchase,0,668,1,35.62,0
60.77,11,purchase,0,3386,1,2.98,0
57.66,18,purchase,0,1553,1,8.32,0
80.77,14,purchase,0,2720,0,1.74,0
40.96,9,purchase,0,3169,1,3.7,0
109.9,12,purchase,0,1172,2,5.24,0
34.35,19,purchase,0,3280,3,9.52,0
32.66,20,transfer,0,392,6,6.75,0
223.25,18,transfer,1,1727,1,5.38,0
89.76,22,purchase,0,3102,2,10.94,0
5.78,18,online,0,1414,1,77.7,0
87.85,17,withdrawal,0,690,0,6.32,0
34.4,17,online,0,1367,2,14.96,0
194.1,13,purchase,0,492,1,1.53,0
32.0,12,withdrawal,1,3551,1,8.17,0
47.6,9,transfer,0,1438,1,0.94,0
36.5,16,withdrawal,0,2393,2,1.27,0
34.93,22,purchase,0,3457,0,63.67,0
41.86,6,withdrawal,0,1468,1,5.79,0
141.5,9,purchase,0,1434,2,5.47,0
115.17,21,online,0,2588,1,14.72,0
131.85,22,purchase,0,2703,1,4.53,0
106.9,10,withdrawal,0,3475,1,29.1,0
109.78,15,online,0,835,2,33.91,0
119.41,21,purchase,1,3054,3,4.31,0
26.7,9,purchase,0,3362,5,36.11,0
29.6,18,purchase,0,834,0,13.69,0
23.74,22,purchase,0,3045,5,3.39,0
26.71,10,purchase,1,2243,1,7.29,0
129.22,13,purchase,0,1085,2,8.2,0
117.54,18,purchase,0,3389,2,4.18,0
130.75,11,transfer,1,1676,4,62.87,0
36.71,7,transfer,0,1547,3,6.23,0
561.68,18,purchase,0,159,6,380.49,1
64.24,6,withdrawal,0,3168,4,1.89,0
122.97,21,purchase,0,751,2,50.64,0
49.88,10,online,0,1329,0,19.44,0
10.81,14,transfer,1,3280,0,3.34,0
95.77,15,withdrawal,0,1058,1,14.34,0
23.59,10,transfer,0,1715,1,17.42,0
195.38,9,purchase,0,2550,3,0.95,0
135.37,21,withdrawal,0,1311,1,4.12,0
86.67,21,transfer,0,1797,6,10.11,0
81.76,12,purchase,0,204,1,6.39,0
147.38,19,withdrawal,0,2428,1,13.79,0
86.89,17,purchase,1,1305,5,19.84,0
86.22,13,purchase,0,2119,1,3.56,0
176.16,10,online,0,3542,1,13.49,0
34.78,7,purchase,0,1626,2,33.8,0
58.81,19,purchase,0,2468,2,4.31,0
102.41,22,purchase,0,2842,2,6.08,0
135.16,11,purchase,0,1487,2,3.6,0
52.85,22,withdrawal,0,3221,4,6.69,0
178.8,19,transfer,1,2009,2,33.08,0
43.95,13,online,0,2556,0,4.71,0
57.78,20,transfer,0,1092,3,18.91,0
2.52,9,transfer,0,2546,3,36.11,0
14.0,7,purchase,0,541,1,8.81,0
54.47,18,transfer,0,976,0,5.98,0
159.8,9,purchase,0,1776,2,30.37,0
173.47,18,withdrawal,0,2540,2,9.07,0
12.2,22,purchase,0,859,2,35.23,0
59.47,21,purchase,0,59,3,37.96,0
72.98,10,withdrawal,0,670,3,3.48,0
44.01,6,purchase,0,1512,6,32.08,0
45.38,21,transfer,0,3382,1,32.62,0
217.08,11,purchase,0,567,2,12.89,0
311.72,12,purchase,0,2393,2,2.43,0
59.67,15,withdrawal,0,3602,5,48.36,0
81.88,20,withdrawal,0,2373,1,0.61,0
901.73,5,online,0,286,6,98.85,1
7.29,18,purchase,0,2845,1,23.94,0
112.13,17,transfer,0,2736,1,3.78,0
557.2,20,purchase,0,352,4,114.73,1
953.08,10,online,1,238,6,457.18,1
333.13,16,transfer,0,1326,5,13.7,0
118.56,20,online,0,3507,1,29.79,0
28.23,17,transfer,0,965,3,4.27,0
66.11,10,withdrawal,0,2945,1,40.89,0
11.72,13,purchase,0,1843,3,24.8,0
101.94,15,transfer,1,3154,3,2.91,0
24.81,14,purchase,1,1427,4,4.03,0
106.93,7,withdrawal,0,838,2,2.68,0
115.36,20,online,0,3008,0,1.46,0
56.08,16,purchase,0,1319,1,22.94,0
105.0,14,purchase,0,2164,3,2.26,0
93.04,22,withdrawal,0,1916,2,8.9,0
83.52,8,purchase,0,1897,0,8.45,0
2.66,18,purchase,0,361,3,22.12,0
78.69,13,withdrawal,0,1283,1,6.3,0
66.68,22,purchase,0,1279,2,1.21,0
51.12,8,online,0,2446,1,0.91,0
89.41,14,withdrawal,0,2545,1,30.48,0
67.74,8,withdrawal,0,1157,1,21.55,0
21.94,18,purchase,0,2616,3,1.12,0
143.21,11,online,0,1645,3,4.03,0
8.29,11,purchase,0,403,2,37.09,0
1228.48,16,online,0,250,4,399.94,1
130.28,23,withdrawal,1,202,3,239.15,1
104.37,15,purchase,0,2348,0,17.5,0
119.44,9,purchase,0,2312,3,3.48,0
128.71,21,purchase,0,1577,0,23.68,0
49.79,7,withdrawal,0,2457,0,15.96,0
800.15,4,transfer,0,315,6,9.46,1
38.87,17,withdrawal,0,3205,5,0.34,0
35.9,9,withdrawal,0,204,1,21.16,0
70.78,20,purchase,0,3105,0,2.31,0
24.99,20,purchase,0,3615,1,4.87,0
81.89,6,purchase,0,1462,3,10.52,0
40.85,15,withdrawal,0,1409,2,13.11,0
104.96,8,withdrawal,0,2318,4,3.11,0
29.91,10,purchase,0,3458,2,1.31,0
54.95,7,transfer,0,1845,4,23.16,0
131.29,22,online,0,284,1,3.35,0
16.57,16,transfer,0,2244,1,6.68,0
10.65,21,purchase,0,3188,2,3.22,0
72.22,14,purchase,0,3011,2,3.44,0
1276.5,4,online,1,33,4,265.73,1
153.91,20,withdrawal,0,460,0,20.7,0
162.4,20,transfer,0,1675,1,50.53,0
45.46,16,transfer,0,969,2,0.22,0
59.58,18,purchase,0,1907,3,14.77,0
175.49,18,withdrawal,0,2136,2,18.3,0
68.05,20,purchase,0,1732,0,20.13,0
191.41,15,purchase,0,2095,2,6.06,0
56.39,17,online,0,1525,4,2.85,0
58.16,16,transfer,0,2540,2,2.89,0
58.12,15,purchase,0,2894,3,17.07,0
59.66,17,purchase,1,247,0,40.86,0
50.12,6,transfer,0,1483,2,11.12,0
63.21,21,withdrawal,1,2009,6,4.06,0
65.64,13,withdrawal,0,331,1,10.42,0
415.3,3,purchase,1,355,4,582.36,1
78.49,20,transfer,0,387,0,19.79,0
25.22,10,withdrawal,0,2036,3,8.34,0
16.25,17,purchase,0,1817,5,9.48,0
79.59,21,withdrawal,0,1280,1,3.05,0
109.49,9,transfer,0,2513,1,7.54,0
60.24,19,withdrawal,0,870,4,3.5,0
9.11,21,transfer,0,2288,0,33.49,0
26.09,9,withdrawal,0,237,3,45.03,0
218.51,6,transfer,0,2455,1,9.98,0
64.13,12,purchase,0,817,1,17.67,0
112.98,12,withdrawal,0,3327,1,4.31,0
174.66,14,purchase,0,864,2,10.21,0
66.89,8,purchase,0,2856,1,1.03,0
64.21,7,purchase,0,1240,2,14.02,0
145.08,13,withdrawal,0,2606,2,20.35,0
71.02,10,online,0,2838,3,9.73,0
322.93,22,online,1,94,7,244.8,1
59.89,13,purchase,0,594,1,21.29,0
62.54,14,purchase,0,1326,1,39.51,0
72.61,22,purchase,0,2718,3,35.82,0
25.32,16,online,0,2760,0,20.79,0
40.0,12,purchase,0,708,2,6.41,0
27.02,6,withdrawal,0,3338,2,9.27,0
185.02,13,withdrawal,0,2019,4,2.09,0
35.69,9,purchase,0,2352,1,46.42,0
356.31,21,withdrawal,0,2574,2,9.35,0
103.44,10,purchase,0,851,2,10.18,0
122.75,22,purchase,0,1789,3,46.13,0
34.64,16,purchase,0,2028,1,40.46,0
19.66,12,purchase,0,413,0,7.53,0
60.16,22,withdrawal,0,822,4,19.77,0
205.64,0,online,0,121,5,111.84,1
128.94,13,purchase,0,546,0,8.89,0
111.42,16,purchase,0,1995,4,1.13,0
99.29,13,online,0,62,2,29.46,0
12.07,15,purchase,0,1958,2,16.87,0
75.32,6,purchase,0,2346,1,13.92,0
38.83,22,withdrawal,1,731,4,1.26,0
49.3,10,purchase,0,1607,3,4.42,0
72.85,19,transfer,0,1105,3,7.82,0
46.59,7,purchase,0,1271,3,5.93,0
81.86,16,purchase,0,2259,3,13.27,0
77.98,17,purchase,0,452,4,1.22,0
152.94,9,withdrawal,0,2646,1,1.24,0
29.23,11,transfer,0,1908,1,29.1,0
37.25,22,withdrawal,0,2364,1,53.98,0
50.35,14,purchase,0,1997,2,20.97,0
57.4,18,purchase,0,2758,2,6.86,0
41.32,21,purchase,0,2041,3,13.57,0
48.01,21,purchase,0,1169,4,62.66,0
44.71,22,purchase,0,2064,4,1.18,0
109.72,20,purchase,0,1696,3,4.95,0
176.48,15,transfer,0,750,4,4.9,0
82.05,20,purchase,0,3420,1,31.7,0
91.91,12,withdrawal,1,585,3,22.96,0
166.36,22,online,0,2533,2,11.73,0
74.96,13,withdrawal,0,2583,5,15.46,0
155.95,17,transfer,0,617,2,4.84,0
60.73,16,transfer,0,341,1,2.54,0
9.22,11,withdrawal,0,1112,2,15.47,0
8.25,9,transfer,0,894,2,2.6,0
76.42,20,online,0,2952,0,0.97,0
173.93,10,purchase,0,205,2,4.88,0
43.09,19,transfer,0,886,2,1.52,0
44.24,11,purchase,0,818,1,14.67,0
67.54,19,withdrawal,0,1580,1,2.83,0
219.4,15,withdrawal,0,2415,1,16.21,0
110.45,6,purchase,0,1592,1,5.2,0
82.44,10,purchase,0,1953,2,0.64,0
91.23,11,online,0,2653,0,12.86,0
62.49,22,purchase,0,3150,0,5.19,0
65.09,7,purchase,0,367,1,1.77,0
7.57,16,purchase,0,3384,3,11.43,0
120.6,21,purchase,0,1392,2,7.44,0
79.09,20,withdrawal,0,128,2,2.47,0
101.29,10,withdrawal,0,1748,0,31.83,0
61.4,14,online,0,240,0,13.04,0
87.21,17,online,0,1535,1,3.07,0
1222.85,12,withdrawal,0,186,5,25.9,1
52.5,11,online,0,110,6,27.18,0
109.7,16,purchase,0,1231,1,7.75,0
125.54,19,purchase,0,2341,3,3.62,0
122.86,13,purchase,0,1477,3,14.19,0
45.69,7,online,0,201,2,40.75,0
320.19,19,purchase,0,3320,4,3.78,0
134.52,19,withdrawal,0,2700,3,29.78,0
103.49,21,purchase,0,2207,2,36.36,0
353.25,1,purchase,0,331,7,363.26,1
21.3,12,withdrawal,0,2484,2,4.2,0
4.21,21,transfer,0,1294,2,52.04,0
106.98,8,online,0,2396,3,5.18,0
108.7,22,purchase,0,66,4,35.01,0
89.02,14,online,0,2757,4,24.08,0
79.39,18,online,0,1360,1,31.4,0
44.51,8,withdrawal,0,117,1,8.67,0
91.43,7,withdrawal,0,2470,2,0.42,0
31.34,22,purchase,1,2869,3,5.89,0
12.6,6,purchase,0,383,0,0.55,0
77.55,13,transfer,0,2609,2,16.66,0
72.42,16,purchase,0,3138,1,80.07,0
38.04,7,withdrawal,0,2023,3,9.11,0
41.98,18,purchase,0,840,1,9.22,0
61.69,19,purchase,0,2427,4,8.77,0
1623.64,16,transfer,1,250,6,267.0,1
101.71,9,purchase,0,164,2,5.71,0
90.28,16,purchase,0,3248,2,34.8,0
95.5,16,transfer,0,3523,3,47.92,0
68.2,19,purchase,1,306,5,35.15,0
14.18,7,online,0,3425,1,36.87,0
47.03,9,withdrawal,0,1333,5,1.0,0
40.72,11,purchase,0,1139,1,6.92,0
24.36,11,online,0,109,1,23.63,0
1124.65,18,transfer,1,185,9,66.68,1
126.42,16,transfer,0,1381,3,2.69,0
53.65,19,purchase,0,682,1,15.53,0
166.46,14,purchase,0,2027,1,12.67,0
22.27,12,purchase,0,945,1,9.45,0
66.2,22,purchase,0,307,2,18.86,0
97.75,10,withdrawal,0,2702,3,0.04,0
114.99,6,purchase,0,3220,5,15.74,0
197.37,10,purchase,0,968,2,32.31,0
107.4,19,purchase,0,998,1,0.39,0
118.16,9,transfer,0,1687,2,13.35,0
750.34,9,online,1,195,8,138.3,1
46.62,6,withdrawal,0,3499,2,12.28,0
89.55,16,purchase,0,3270,1,9.91,0
68.43,15,purchase,0,1859,1,0.88,0
25.06,13,withdrawal,0,1575,1,3.9,0
99.53,12,online,0,101,0,18.08,0
46.46,9,withdrawal,0,247,1,36.42,0
45.55,11,purchase,0,2699,4,31.88,0
56.56,6,online,0,1266,4,2.2,0
35.37,10,transfer,0,1759,1,34.23,0
69.85,7,purchase,0,3008,1,2.97,0
91.76,21,purchase,0,1677,3,9.06,0
71.58,19,purchase,0,439,3,17.9,0
82.23,13,withdrawal,1,3138,3,3.38,0
39.87,15,purchase,0,2344,1,55.34,0
12.02,6,purchase,0,682,1,38.84,0
41.33,9,online,0,2244,3,22.1,0
57.91,15,purchase,0,2729,0,8.64,0
85.52,6,transfer,0,1370,2,26.31,0
55.26,16,online,0,3341,4,20.33,0
45.46,17,purchase,0,2075,2,30.37,0
18.53,22,online,0,2385,1,12.0,0
38.37,11,purchase,0,1249,2,3.61,0
13.58,8,transfer,0,2891,1,15.37,0
7.67,19,purchase,0,1251,1,15.88,0
114.15,15,purchase,0,2647,4,28.57,0
30.82,13,withdrawal,0,1121,1,8.46,0
103.75,20,online,0,2368,4,59.2,0
55.33,10,withdrawal,0,2367,2,15.46,0
25.55,9,transfer,0,2013,0,8.47,0
174.85,16,withdrawal,0,434,2,26.68,0
40.73,6,purchase,0,752,2,14.53,0
29.8,19,purchase,0,1064,1,21.57,0
100.96,12,online,0,2364,3,5.58,0
37.44,14,purchase,0,2498,3,2.5,0
18.25,21,purchase,0,925,4,30.02,0
201.14,14,purchase,0,281,1,4.45,0
27.88,20,transfer,0,276,6,6.24,0
91.88,22,purchase,0,240,3,66.07,0
16.48,16,withdrawal,0,1323,2,4.01,0
138.76,19,transfer,0,1654,2,19.38,0
46.39,18,purchase,0,660,3,58.46,0
40.34,8,online,0,800,1,4.7,0
51.91,9,online,0,54,2,37.21,0
343.93,13,purchase,0,1268,1,29.08,0
25.76,20,withdrawal,0,2186,1,24.81,0
113.59,14,purchase,0,3512,1,39.32,0
77.21,18,online,0,3320,4,2.7,0
288.02,20,transfer,0,2452,0,30.15,0
79.42,9,purchase,0,3571,2,8.57,0
19.13,19,withdrawal,0,2266,2,77.5,0
103.53,22,transfer,0,3070,1,11.36,0
67.59,10,purchase,0,3211,4,20.84,0
14.43,7,purchase,0,239,3,3.22,0
141.59,12,purchase,0,2899,1,32.38,0
126.98,15,purchase,0,1491,0,79.09,0
353.61,22,withdrawal,0,186,3,39.88,1
70.89,19,transfer,0,1875,2,18.91,0
95.41,16,online,0,2595,0,5.24,0
154.85,13,withdrawal,0,2344,2,12.46,0
32.71,18,purchase,0,3378,3,0.58,0
109.16,19,purchase,0,1893,2,15.42,0
125.69,8,online,0,1578,0,2.64,0
89.61,12,purchase,0,224,6,42.23,0
30.84,8,transfer,0,2483,1,43.27,0
282.85,21,transfer,0,1668,1,4.65,0
73.7,22,transfer,0,1959,4,5.52,0
61.31,6,purchase,0,2020,1,4.65,0
124.47,17,purchase,0,1737,4,60.05,0
37.35,6,online,0,371,3,5.82,0
104.43,8,purchase,0,1865,2,1.9,0
73.29,14,online,0,1358,3,8.84,0
67.26,6,purchase,0,1589,2,4.3,0
69.12,17,purchase,0,3458,2,5.07,0
24.24,11,withdrawal,0,1056,2,1.15,0
28.53,11,purchase,0,724,0,5.05,0
36.9,13,withdrawal,0,2520,0,7.85,0
120.6,15,purchase,0,1968,1,3.45,0
162.13,17,withdrawal,0,3610,2,12.48,0
71.49,16,withdrawal,0,1732,1,11.88,0
63.61,21,purchase,0,512,1,9.13,0
66.65,17,purchase,0,123,3,1.58,0
3.29,18,purchase,0,1311,3,1.23,0
49.04,18,purchase,0,370,6,7.73,0
61.15,7,purchase,0,362,2,5.1,0
151.26,20,transfer,0,176,4,12.94,0
29.32,21,purchase,0,1101,2,6.12,0
70.52,13,withdrawal,1,1979,1,0.86,0
63.87,7,purchase,0,2036,1,8.28,0
98.15,7,purchase,0,1000,2,18.28,0
23.63,21,transfer,0,1022,3,5.23,0
66.81,11,online,0,2963,3,25.87,0
73.12,18,purchase,0,779,3,17.92,0
71.31,20,online,0,1575,1,14.43,0
1068.98,17,purchase,1,336,4,307.76,1
52.17,13,withdrawal,0,802,5,24.09,0
41.18,6,purchase,0,549,1,29.45,0
117.01,20,purchase,0,937,2,11.34,0
81.01,14,purchase,0,2783,4,2.6,0
27.95,17,online,0,2834,3,29.85,0
65.52,15,purchase,0,3390,1,30.91,0
34.43,13,transfer,0,2790,2,56.51,0
133.74,21,purchase,0,2419,1,26.77,0
72.34,13,purchase,0,2862,4,33.53,0
135.26,18,online,0,3031,1,1.86,0
592.9,18,withdrawal,0,1534,0,0.07,0
60.28,10,purchase,0,331,2,0.4,0
140.11,6,transfer,0,3289,3,11.1,0
70.37,19,withdrawal,0,1575,2,24.08,0
124.95,12,purchase,0,2013,0,17.04,0
22.77,9,withdrawal,0,1162,3,47.54,0
87.84,12,purchase,0,3568,2,44.83,0
43.37,20,online,0,3527,5,22.36,0
38.19,22,purchase,0,1598,2,11.16,0
39.3,8,purchase,0,2967,1,35.27,0
27.82,13,purchase,0,2152,3,6.71,0
21.69,14,transfer,0,3199,1,18.33,0
56.59,12,online,0,429,2,0.49,0
14.64,11,withdrawal,0,3636,1,31.19,0
104.08,19,purchase,0,3509,2,0.98,0
13.72,11,purchase,0,1514,4,0.45,0
23.7,8,purchase,0,2723,2,17.42,0
44.87,16,purchase,0,251,2,6.48,0
144.36,14,purchase,0,3303,2,1.05,0
27.17,20,online,0,3356,1,16.81,0
53.93,13,withdrawal,0,3151,5,8.95,0
57.47,18,purchase,0,2903,0,1.14,0
167.77,7,purchase,0,1106,2,29.74,0
86.91,10,withdrawal,0,3096,1,5.07,0
973.07,14,online,0,198,11,44.56,1
83.16,12,purchase,0,2779,2,19.44,0
213.37,14,withdrawal,0,3547,0,58.18,0
168.93,13,online,0,1458,2,1.16,0
49.39,9,withdrawal,0,1359,6,8.7,0
42.77,15,purchase,0,3506,2,12.87,0
195.93,21,transfer,0,612,5,4.04,0
11.37,19,transfer,0,3068,1,5.69,0
82.27,6,withdrawal,0,3512,2,6.15,0
43.11,11,transfer,0,2165,1,5.94,0
35.57,17,purchase,0,1475,1,19.14,0
65.8,22,online,0,128,4,9.98,0
45.37,17,purchase,0,669,4,10.27,0
125.48,6,purchase,0,463,2,22.66,0
73.81,13,transfer,0,3451,4,6.8,0
40.1,11,purchase,0,218,1,14.97,0
134.05,9,purchase,0,3037,1,46.66,0
49.61,20,online,0,3388,2,0.98,0
121.42,12,online,1,756,1,1.26,0
118.37,11,withdrawal,0,1627,4,11.57,0
75.16,9,purchase,0,590,3,2.66,0
22.66,12,online,0,2447,1,6.73,0
55.54,17,transfer,0,800,1,8.5,0
92.63,6,purchase,0,2097,1,26.85,0
46.44,14,purchase,0,1129,1,61.85,0
228.55,14,withdrawal,0,2417,4,5.53,0
77.07,14,withdrawal,0,80,2,22.06,0
49.18,10,purchase,0,3106,2,68.15,0
106.59,21,withdrawal,0,690,1,0.0,0
63.59,21,transfer,0,2772,4,1.79,0
45.25,19,withdrawal,0,434,3,6.44,0
18.18,13,purchase,0,263,0,3.65,0
114.92,9,online,0,2729,3,1.02,0
143.93,19,online,0,2094,1,4.0,0
165.41,13,purchase,0,3026,5,2.43,0
52.25,9,online,0,154,0,19.29,0
75.91,10,purchase,0,2738,3,9.65,0
87.49,20,withdrawal,0,2388,2,37.11,0
42.61,16,purchase,0,1137,3,17.26,0
103.77,19,transfer,0,2314,0,7.77,0
97.43,22,purchase,0,3192,1,15.54,0
67.73,22,purchase,0,2704,0,0.06,0
103.47,22,purchase,0,3595,4,3.67,0
148.43,22,purchase,0,1800,0,5.92,0
103.28,18,online,0,1341,1,6.45,0
11.98,16,purchase,0,2662,1,1.25,0
731.85,1,purchase,1,312,3,849.62,1
169.09,12,online,0,3384,4,15.92,0
97.15,8,withdrawal,0,3470,4,13.59,0
25.05,13,purchase,0,1805,1,76.72,0
64.76,19,withdrawal,0,816,3,12.52,0
80.44,7,purchase,0,882,2,1.08,0
65.46,21,withdrawal,0,1394,1,24.31,0
134.34,20,online,0,2835,1,14.12,0
100.17,12,online,0,1082,0,14.32,0
71.92,19,withdrawal,0,3014,3,45.27,0
29.47,19,online,0,3245,1,14.87,0
56.75,6,purchase,0,934,0,13.63,0
89.86,18,withdrawal,0,3019,2,4.02,0
102.18,13,online,0,2357,3,27.41,0
37.14,6,purchase,0,1292,1,39.53,0
213.77,20,withdrawal,0,3365,0,4.94,0
53.14,15,withdrawal,0,505,2,15.07,0
87.68,18,withdrawal,0,1448,3,6.79,0
63.84,20,withdrawal,0,2000,0,1.36,0
58.12,19,purchase,0,774,0,39.28,0
18.79,10,purchase,0,2097,3,5.65,0
88.72,21,transfer,0,612,4,2.79,0
95.89,12,purchase,0,236,3,2.52,0
25.51,17,purchase,0,1104,1,9.52,0
62.03,12,online,0,2157,1,8.92,0
91.05,11,purchase,0,364,3,4.51,0
18.51,14,purchase,0,3487,2,8.31,0
68.21,6,purchase,0,2024,2,29.92,0
83.18,7,transfer,0,2290,1,11.84,0
25.8,22,purchase,0,1261,0,7.22,0
74.19,8,purchase,0,3040,2,58.55,0
16.79,14,purchase,0,3448,3,29.03,0
14.41,22,withdrawal,0,1551,2,21.3,0
71.98,11,withdrawal,0,2604,1,22.35,0
152.09,21,purchase,0,65,1,25.87,0
23.9,15,online,0,1933,2,11.68,0
147.74,10,purchase,0,549,2,9.47,0
104.57,10,purchase,0,2139,2,11.87,0
40.23,8,purchase,0,2371,2,4.79,0
9.0,17,transfer,0,581,1,7.81,0
180.34,8,online,0,46,1,12.3,0
196.22,22,withdrawal,0,1931,1,4.37,0
97.48,9,purchase,0,2234,1,1.46,0
56.0,11,transfer,0,2997,1,25.57,0
48.05,10,purchase,0,1131,2,5.16,0
27.54,6,purchase,0,2781,5,19.09,0
116.72,10,transfer,0,2155,5,17.61,0
240.35,13,withdrawal,0,1945,4,1.38,0
50.08,10,purchase,0,764,6,16.22,0
52.51,22,purchase,0,2805,0,8.88,0
472.45,8,withdrawal,1,191,4,247.18,1
57.9,7,purchase,0,238,1,10.66,0
132.42,21,purchase,0,2413,5,33.05,0
52.87,18,withdrawal,0,2670,5,8.23,0
26.06,14,withdrawal,0,1948,4,0.64,0
17.11,12,transfer,0,584,3,1.24,0
87.32,14,purchase,0,1559,2,28.69,0
12.25,7,purchase,0,1963,0,0.53,0
66.15,18,online,0,2932,2,21.24,0
93.45,10,purchase,0,1777,1,15.35,0
134.95,6,purchase,0,2871,0,5.7,0
24.65,6,transfer,1,1112,2,4.38,0
30.0,19,purchase,0,917,2,20.84,0
117.28,20,withdrawal,0,1199,3,16.04,0
19.69,12,online,0,562,2,1.11,0
103.04,7,purchase,0,2447,2,0.18,0
44.67,13,online,0,558,1,1.43,0
25.39,12,purchase,0,255,0,9.03,0
134.6,19,online,0,152,1,35.75,0
22.76,16,purchase,0,249,2,0.49,0
11.92,6,online,0,1175,3,21.0,0
81.1,21,purchase,0,1136,0,36.42,0
129.23,11,transfer,0,111,0,27.82,0
83.6,13,purchase,0,3340,3,24.52,0
105.09,17,withdrawal,0,220,2,32.64,0
30.38,19,purchase,0,3066,0,8.12,0
138.94,18,purchase,0,3363,2,4.7,0
46.58,15,purchase,0,1630,1,0.27,0
52.01,15,withdrawal,0,1954,1,0.71,0
10.46,6,withdrawal,0,3289,2,24.83,0
0.59,10,purchase,0,1840,0,2.24,0
80.26,6,transfer,0,135,3,38.15,0
74.22,22,transfer,0,3165,5,5.28,0
275.22,16,purchase,0,734,2,12.36,0
148.76,15,purchase,0,1403,6,11.94,0
138.98,7,purchase,0,2273,0,8.98,0
319.31,17,purchase,0,2711,1,13.21,0
56.82,18,transfer,0,1433,3,4.69,0
27.09,12,transfer,0,2107,2,18.68,0
167.56,9,withdrawal,0,2442,3,8.27,0
49.02,20,purchase,0,2687,2,8.5,0
46.9,13,purchase,0,1189,1,4.07,0
182.15,20,purchase,0,574,4,6.16,0
134.62,13,purchase,0,660,3,3.27,0
24.78,11,purchase,0,3413,2,6.52,0
60.37,17,purchase,0,994,4,21.13,0
122.64,17,online,0,2409,3,18.31,0
19.16,18,purchase,0,1367,3,15.43,0
70.58,15,purchase,0,1142,2,0.5,0
68.8,20,purchase,0,449,2,18.4,0
76.23,12,withdrawal,0,1960,2,22.46,0
36.08,15,online,0,2968,2,7.21,0
59.64,20,purchase,0,430,0,15.02,0
31.52,17,purchase,0,2926,1,62.22,0
23.76,8,purchase,0,2828,2,6.23,0
160.86,6,purchase,0,542,0,10.73,0
59.19,21,transfer,0,353,3,32.46,0
25.56,20,purchase,0,2241,3,5.01,0
4.61,10,withdrawal,0,1700,3,16.78,0
44.83,19,online,0,3611,0,8.75,0
53.07,6,withdrawal,0,1532,2,52.48,0
71.8,10,transfer,0,3408,4,13.5,0
47.29,17,withdrawal,0,495,1,8.99,0
164.81,21,purchase,0,1054,3,4.17,0
252.96,22,purchase,0,2413,1,26.53,0
81.2,17,withdrawal,0,165,2,7.19,0
12.23,6,withdrawal,0,913,2,34.48,0
144.26,17,withdrawal,0,2384,5,75.05,0
71.84,8,purchase,0,2845,1,6.16,0
44.94,15,purchase,0,2995,1,2.97,0
19.61,19,purchase,0,2018,0,16.7,0
204.25,9,purchase,0,3528,8,23.55,0
249.48,10,purchase,0,2782,1,14.36,0
166.4,18,online,0,587,5,8.39,0
138.61,6,purchase,0,2926,1,10.6,0
5.73,17,purchase,0,1734,1,7.55,0
16.15,11,purchase,0,1364,2,6.85,0
27.34,14,online,0,3086,2,7.33,0
39.46,10,transfer,0,1526,0,1.15,0
106.29,8,purchase,0,229,3,15.49,0
9.95,19,purchase,0,2539,3,21.67,0
42.23,7,withdrawal,0,2000,0,15.41,0
85.16,16,purchase,0,2579,5,13.76,0
102.98,6,purchase,0,1192,2,8.83,0
104.53,15,purchase,0,2192,2,2.48,0
68.27,8,purchase,0,1636,1,5.76,0
31.1,21,purchase,0,1896,0,33.93,0
34.22,7,transfer,0,3427,2,4.53,0
57.2,9,purchase,0,66,2,23.44,0
130.21,18,transfer,0,2867,1,7.28,0
7.53,16,purchase,0,1287,0,1.28,0
108.23,12,transfer,0,556,1,27.31,0
110.09,16,purchase,0,802,3,13.54,0
134.84,21,purchase,0,2714,1,1.57,0
47.96,18,purchase,0,1266,2,2.06,0
75.79,13,purchase,0,1587,3,5.52,0
95.11,19,purchase,0,3298,1,24.45,0
60.25,13,withdrawal,0,1536,3,23.81,0
26.68,16,online,0,2094,2,88.45,0
176.71,15,purchase,0,225,0,3.41,0
20.12,7,withdrawal,0,852,4,53.09,0
109.05,18,transfer,0,2481,1,65.63,0
83.88,10,transfer,0,1248,1,3.4,0
61.67,14,withdrawal,0,1107,2,3.46,0
102.06,11,purchase,0,512,1,2.95,0
25.74,7,withdrawal,0,2011,3,35.79,0
215.9,13,withdrawal,0,3201,2,10.87,0
200.28,11,purchase,0,244,1,15.52,0
53.67,8,online,0,2265,3,12.88,0
169.65,11,purchase,0,2930,0,13.56,0
36.38,13,withdrawal,0,3279,4,19.58,0
95.04,15,online,0,2637,4,3.58,0
170.96,14,purchase,0,2927,0,6.14,0
170.92,16,purchase,0,464,2,44.32,0
57.7,17,online,0,786,2,5.25,0
130.53,10,transfer,0,1676,3,10.38,0
110.6,20,online,0,2701,5,19.97,0
61.5,18,purchase,1,1476,3,6.13,0
159.35,11,transfer,0,1336,1,5.49,0
34.23,7,withdrawal,0,2062,2,9.14,0
20.6,10,withdrawal,0,316,3,6.76,0
84.24,12,withdrawal,0,1003,5,0.62,0
23.55,14,purchase,0,1171,1,7.02,0
76.96,6,online,0,736,5,23.11,0
72.41,21,purchase,0,3178,3,8.32,0
287.39,14,purchase,0,180,1,2.98,0
177.78,18,transfer,0,2512,2,8.66,0
120.59,20,purchase,0,2147,0,10.93,0
49.63,18,purchase,0,1107,2,8.23,0
99.83,11,purchase,0,1449,3,3.63,0
122.08,11,online,0,2801,2,28.5,0
114.94,16,online,0,1427,3,5.37,0
33.42,9,transfer,0,1932,2,11.13,0
34.74,8,purchase,0,459,1,18.26,0
45.7,22,purchase,0,3605,0,45.2,0
56.03,11,transfer,0,391,0,3.8,0
72.04,12,purchase,0,648,1,11.06,0
309.71,21,purchase,0,3008,1,18.51,0
459.68,21,online,0,192,5,241.04,1
157.24,17,transfer,0,1379,1,38.69,0
189.87,20,withdrawal,0,1619,2,0.12,0
63.05,20,purchase,0,1416,0,32.09,0
180.16,6,purchase,0,2953,1,12.75,0
30.62,16,online,0,1944,3,14.96,0
112.21,9,purchase,0,3418,1,3.03,0
100.59,9,purchase,0,981,0,9.36,0
254.11,16,purchase,0,126,7,271.2,1
1989.4,3,online,0,337,7,73.9,1
9.3,22,purchase,0,3396,8,10.91,0
48.67,11,purchase,0,1704,1,1.22,0
145.86,15,purchase,0,3640,1,2.47,0
63.0,14,withdrawal,0,941,1,31.25,0
179.67,22,withdrawal,0,1255,0,3.3,0
127.55,12,purchase,0,303,2,5.06,0
16.62,9,purchase,0,3185,3,14.38,0
57.5,20,purchase,0,1591,4,3.39,0
85.82,11,purchase,0,2142,2,23.35,0
27.65,17,purchase,0,1880,2,17.42,0
35.52,19,transfer,0,3493,0,9.65,0
88.08,15,withdrawal,0,3036,1,22.96,0
221.78,12,transfer,0,3126,3,28.37,0
157.81,10,purchase,0,2512,3,21.21,0
129.32,6,purchase,0,1402,0,1.62,0
36.71,18,purchase,0,2903,3,18.05,0
125.24,11,withdrawal,0,1197,3,4.48,0
97.38,18,withdrawal,0,2037,2,3.82,0
75.46,22,purchase,0,2381,2,18.14,0
122.96,6,purchase,0,3082,2,3.19,0
65.88,18,purchase,0,2384,6,30.98,0
81.06,11,purchase,0,2577,1,25.16,0
92.29,7,transfer,1,2862,2,47.0,0
39.21,18,transfer,0,2229,0,3.89,0
33.26,16,purchase,0,3231,1,8.2,0
77.9,21,purchase,0,2154,5,4.36,0
130.81,13,purchase,0,2138,0,3.44,0
60.78,9,online,0,1801,1,57.8,0
40.34,6,withdrawal,0,154,3,12.8,0
44.7,21,withdrawal,0,2882,2,14.82,0
65.18,12,purchase,0,705,4,14.8,0
57.27,16,purchase,0,3012,0,12.23,0
39.1,17,withdrawal,0,3147,2,9.18,0
58.8,8,purchase,0,368,0,0.27,0
28.23,9,withdrawal,0,2939,2,3.89,0
124.5,20,purchase,0,1548,3,5.36,0
25.16,7,withdrawal,0,1034,1,9.08,0
75.47,18,purchase,0,696,4,14.52,0
8.84,20,purchase,0,3093,0,6.53,0
127.99,20,purchase,0,1837,1,5.82,0
220.91,22,transfer,0,2448,0,0.77,0
378.32,1,transfer,0,4,4,208.35,1
170.03,19,purchase,0,36,0,91.58,0
60.99,20,purchase,0,3195,1,23.99,0
66.98,12,purchase,1,3633,0,18.21,0
5.06,6,purchase,0,1865,3,9.02,0
71.37,20,withdrawal,0,3303,3,11.73,0
129.19,14,purchase,0,1663,2,21.39,0
38.21,20,withdrawal,0,1812,2,18.86,0
81.8,8,withdrawal,0,2985,3,22.5,0
1114.67,2,transfer,1,247,4,55.87,1
57.7,9,withdrawal,0,2035,1,5.33,0
19.07,19,transfer,0,2480,3,4.64,0
16.18,13,withdrawal,0,1117,4,35.88,0
50.16,9,purchase,0,289,4,4.72,0
230.53,21,online,0,3173,2,4.14,0
42.31,14,purchase,0,525,1,25.06,0
143.4,22,withdrawal,0,838,3,0.53,0
53.05,11,withdrawal,0,2101,2,15.58,0
37.5,15,purchase,1,1935,1,11.05,0
104.12,15,transfer,0,1412,4,0.18,0
43.21,21,purchase,0,1319,1,12.21,0
80.83,19,withdrawal,0,1463,2,6.25,0
36.87,7,purchase,0,2289,4,24.65,0
151.71,18,transfer,0,1326,0,10.73,0
242.4,21,purchase,0,2791,0,3.91,0
45.54,17,transfer,0,3284,0,7.17,0
149.85,19,purchase,0,3221,1,2.79,0
100.94,13,purchase,1,303,2,15.04,0
96.45,12,purchase,0,982,0,13.84,0
143.39,17,transfer,1,2101,1,14.64,0
95.71,14,withdrawal,0,500,3,9.62,0
47.41,11,purchase,0,478,0,26.53,0
1175.02,19,online,1,6,4,79.46,1
54.15,12,online,0,2878,2,11.09,0
64.6,18,transfer,0,1828,2,0.62,0
54.06,14,withdrawal,0,3472,0,0.44,0
119.27,19,purchase,0,3595,4,10.47,0
52.23,10,online,0,1783,2,16.16,0
20.52,10,withdrawal,0,1576,2,2.18,0
95.97,14,purchase,0,928,1,15.88,0
22.02,10,withdrawal,0,1850,4,27.16,0
116.07,16,purchase,0,1034,2,4.54,0
100.49,14,purchase,0,1361,3,1.78,0
113.75,17,purchase,0,1655,1,1.27,0
62.98,6,withdrawal,0,3221,1,2.72,0
46.26,15,purchase,0,2131,4,2.27,0
85.13,21,online,0,3546,1,14.91,0
76.81,13,purchase,0,1531,3,1.66,0
70.48,11,transfer,0,1951,3,41.55,0
21.92,6,transfer,0,2023,1,33.93,0
108.55,11,purchase,0,2648,1,6.83,0
90.56,17,online,0,2167,1,0.6,0
57.1,22,online,0,883,1,4.16,0
86.69,15,purchase,0,3569,2,12.94,0
196.21,21,online,0,2843,2,37.77,0
49.51,14,purchase,0,1032,1,8.26,0
37.49,20,online,0,2333,1,6.44,0
7.36,16,withdrawal,0,1011,1,13.95,0
28.0,21,purchase,0,1653,2,36.92,0
117.1,20,transfer,0,344,1,3.86,0
121.68,20,purchase,0,1952,2,9.22,0
24.84,12,online,0,3048,1,0.64,0
81.47,6,purchase,0,1760,3,25.23,0
53.68,13,purchase,0,1112,1,17.06,0
70.67,11,online,0,2817,2,4.81,0
14.5,18,purchase,0,2172,0,3.59,0
132.44,16,purchase,0,1995,2,12.27,0
16.03,9,purchase,0,2409,2,2.93,0
681.05,16,transfer,0,61,5,90.07,1
71.29,15,withdrawal,0,1218,2,31.88,0
69.28,19,withdrawal,0,1924,0,4.85,0
29.57,7,withdrawal,0,2931,2,3.1,0
60.11,18,withdrawal,0,2761,0,2.41,0
41.78,16,transfer,0,2441,2,4.5,0
71.68,16,purchase,0,3283,2,0.64,0
147.58,17,online,0,1832,1,36.68,0
864.19,12,purchase,1,277,2,239.86,1
116.53,17,purchase,1,1092,1,0.56,0
132.13,15,purchase,0,1957,1,14.54,0
47.54,6,purchase,0,673,2,18.75,0
103.55,22,purchase,0,2211,2,45.91,0
27.18,21,online,0,3629,1,20.92,0
82.4,6,purchase,0,2268,3,5.94,0
124.53,17,purchase,0,359,0,34.21,0
15.44,6,withdrawal,0,3482,4,14.89,0
159.56,12,purchase,0,2037,0,20.74,0
41.0,9,withdrawal,0,32,2,59.76,0
25.98,12,online,0,2299,3,11.98,0
34.58,18,purchase,0,1858,3,24.55,0
44.4,16,purchase,0,3488,4,1.37,0
18.4,9,transfer,0,2478,2,8.27,0
128.45,19,purchase,0,3415,1,15.88,0
78.54,22,withdrawal,0,2474,4,19.82,0
184.62,8,purchase,0,3383,0,4.53,0
29.71,21,purchase,0,109,2,1.39,0
63.19,12,purchase,0,950,2,28.17,0
11.37,12,purchase,0,2967,3,4.53,0
127.96,11,purchase,0,1408,2,9.13,0
723.31,13,withdrawal,0,164,3,194.95,1
37.29,11,online,0,1017,2,4.66,0
53.81,9,purchase,0,541,0,14.08,0
24.25,6,online,0,375,2,0.47,0
144.51,14,withdrawal,0,2304,3,8.6,0
78.94,7,purchase,0,3547,4,4.17,0
166.91,7,withdrawal,0,2504,2,18.5,0
215.99,22,online,0,1042,3,65.22,0
159.31,20,purchase,0,260,4,16.15,0
192.93,12,online,0,56,4,13.2,0
28.85,16,withdrawal,0,2179,1,12.67,0
15.54,6,online,0,1914,1,16.88,0
18.75,20,purchase,0,3315,0,23.44,0
27.41,6,transfer,0,2186,0,10.09,0
93.9,10,withdrawal,0,1885,2,3.17,0
72.38,18,withdrawal,0,3440,0,20.6,0
148.94,9,purchase,0,287,0,0.46,0
25.02,13,online,0,2938,3,11.89,0
108.85,14,purchase,0,31,2,30.66,0
145.63,19,online,0,1834,3,2.14,0
234.92,13,purchase,0,3357,8,17.38,0
59.67,11,purchase,0,45,4,1.55,0
96.47,21,withdrawal,0,2197,3,4.37,0
46.4,15,withdrawal,0,708,3,14.49,0
23.21,12,transfer,0,1323,0,7.71,0
33.7,18,purchase,0,3462,4,16.46,0
69.7,15,withdrawal,0,2064,2,9.95,0
21.03,16,withdrawal,0,2144,4,2.96,0
72.39,16,withdrawal,0,1031,4,16.62,0
190.69,6,purchase,0,667,1,1.56,0
80.78,13,transfer,1,3056,0,19.1,0
47.7,14,withdrawal,0,1452,4,24.37,0
165.51,8,purchase,0,1680,3,2.44,0
552.29,21,online,0,233,9,26.99,1
7.5,7,purchase,0,1810,2,9.54,0
76.89,22,online,0,3463,1,21.91,0
197.0,21,purchase,0,952,1,54.38,0
32.0,19,purchase,0,2882,3,9.52,0
138.75,6,withdrawal,0,771,4,55.18,0
174.5,19,withdrawal,0,357,1,30.0,0
58.72,19,purchase,0,3535,0,6.15,0
147.18,9,purchase,0,2715,2,12.09,0
19.97,16,purchase,0,3480,2,7.67,0
10.64,22,online,0,2497,2,6.32,0
23.61,18,online,0,2826,4,4.7,0
100.91,19,purchase,0,2165,0,7.8,0
71.99,7,purchase,0,438,0,31.25,0
81.15,10,purchase,0,599,3,44.62,0
140.39,20,purchase,0,155,2,10.46,0
54.71,11,purchase,0,927,0,2.82,0
213.68,15,purchase,0,1282,1,17.28,0
15.91,16,purchase,0,2307,1,13.89,0
90.73,12,purchase,0,3433,0,32.04,0
49.73,10,transfer,0,158,2,51.27,0
218.35,18,withdrawal,0,837,4,11.34,0
66.46,11,online,0,2190,1,2.62,0
40.88,11,withdrawal,0,2394,2,24.28,0
10.8,21,purchase,0,3485,1,11.72,0
236.49,14,transfer,1,2952,2,8.3,0
78.04,7,purchase,0,740,2,44.99,0
73.16,10,purchase,0,2758,4,12.45,0
69.7,9,transfer,0,569,3,14.94,0
174.23,6,withdrawal,0,648,1,9.79,0
110.55,12,purchase,0,718,2,3.3,0
81.15,15,purchase,0,437,0,10.66,0
18.61,14,withdrawal,1,1611,3,1.67,0
90.9,14,purchase,0,2292,4,6.45,0
50.12,16,withdrawal,0,3554,2,2.19,0
82.8,18,withdrawal,0,1217,5,1.81,0
82.65,9,online,0,1187,2,3.08,0
33.31,12,purchase,0,1659,0,1.01,0
40.0,14,purchase,0,2981,2,10.02,0
6.08,18,purchase,0,1537,3,40.9,0
161.19,18,purchase,0,2836,3,21.33,0
46.85,13,purchase,0,1693,2,3.18,0
13.07,21,purchase,0,449,2,0.0,0
50.59,11,purchase,0,1876,2,13.34,0
106.79,17,purchase,0,2139,1,2.45,0
53.61,22,withdrawal,0,2963,1,20.9,0
72.3,15,purchase,0,998,6,14.85,0
17.98,10,purchase,0,457,2,3.28,0
29.53,11,online,0,2269,1,63.05,0
138.07,19,online,0,208,4,37.69,0
39.4,14,online,0,501,3,32.79,0
78.56,18,withdrawal,0,1806,3,3.1,0
32.03,6,purchase,0,175,3,28.13,0
23.06,17,withdrawal,0,3100,3,38.72,0
70.29,21,purchase,0,2214,2,1.36,0
11.89,19,transfer,0,465,1,38.86,0
60.2,22,online,0,1498,3,39.92,0
83.67,10,transfer,0,3457,1,12.04,0
86.0,14,purchase,0,2665,1,6.53,0
88.0,19,purchase,0,89,1,16.2,0
49.02,14,transfer,1,1956,5,85.94,0
144.63,16,transfer,0,2955,3,32.81,0
110.55,9,transfer,0,265,1,23.12,0
322.4,12,purchase,0,2902,2,8.77,0
26.08,7,purchase,0,1864,0,8.38,0
113.95,18,withdrawal,0,3305,0,0.86,0
52.02,21,withdrawal,1,784,2,36.92,0
173.57,10,purchase,0,2795,1,9.75,0
115.59,17,transfer,0,399,2,32.29,0
15.94,13,purchase,0,2598,1,2.67,0
98.46,8,purchase,1,2164,3,28.36,0
62.22,21,purchase,0,3073,3,27.29,0
143.43,10,online,0,3169,3,8.4,0
21.35,9,transfer,0,3510,0,16.15,0
72.88,18,purchase,0,3612,2,5.68,0
81.25,9,withdrawal,0,1806,3,7.75,0
34.42,10,purchase,0,2253,2,3.55,0
128.08,11,purchase,0,1206,4,1.62,0
52.01,15,purchase,0,2231,6,6.25,0
92.85,7,withdrawal,0,264,4,25.93,0
3.77,10,purchase,0,2494,2,1.31,0
80.51,15,purchase,1,212,3,7.43,0
4.88,12,purchase,0,2201,4,11.89,0
69.85,16,online,0,621,3,0.6,0
140.41,10,transfer,0,1347,2,22.39,0
46.28,19,purchase,0,347,1,19.95,0
110.26,15,purchase,0,1359,4,5.21,0
82.12,12,online,0,2607,1,6.81,0
124.18,18,transfer,0,3181,1,33.24,0
5.98,16,online,0,2138,4,32.34,0
296.47,17,purchase,0,3151,1,8.84,0
54.72,6,purchase,0,3082,2,61.4,0
26.41,8,withdrawal,0,2513,2,4.28,0
203.08,22,purchase,0,3094,2,19.18,0
144.0,15,purchase,0,742,3,13.39,0
172.52,21,online,0,2198,1,13.6,0
233.09,9,purchase,0,3364,2,15.97,0
28.33,16,withdrawal,0,2683,1,1.7,0
72.46,14,withdrawal,0,1070,3,0.44,0
100.71,15,purchase,0,1820,1,14.48,0
96.97,22,withdrawal,1,3415,1,3.77,0
32.65,22,transfer,0,2643,0,11.22,0
103.06,12,purchase,0,2299,1,34.55,0
71.08,17,withdrawal,0,1704,3,30.07,0
41.16,8,transfer,0,3154,3,2.59,0
94.37,9,online,0,1663,1,9.98,0
21.11,18,purchase,0,2569,0,19.03,0
73.29,13,online,1,893,2,2.28,0
61.87,8,online,0,1022,4,16.12,0
38.58,6,withdrawal,0,3560,0,23.34,0
71.93,10,transfer,0,2779,1,5.73,0
44.0,19,purchase,0,1262,4,6.65,0
131.0,13,transfer,0,433,2,7.17,0
131.83,17,purchase,0,2283,1,3.17,0
61.68,6,online,0,983,2,36.98,0
288.49,18,purchase,0,2909,1,32.16,0
166.56,21,online,0,1116,2,12.58,0
23.81,6,online,0,1108,2,0.72,0
18.43,16,withdrawal,0,1247,4,7.82,0
139.69,15,online,0,322,4,7.09,0
64.76,16,withdrawal,0,2092,2,4.73,0
14.75,14,withdrawal,0,621,4,14.99,0
115.12,8,purchase,1,165,1,2.7,0
64.33,21,withdrawal,0,620,0,31.98,0
65.31,9,purchase,0,545,2,9.86,0
193.58,20,withdrawal,0,1635,3,16.2,0
99.56,13,online,0,2740,1,2.71,0
190.5,14,transfer,0,181,3,5.34,0
57.09,11,withdrawal,0,493,2,3.22,0
121.18,21,transfer,0,2468,2,30.26,0
145.57,20,purchase,0,2304,2,34.0,0
50.87,17,purchase,0,289,1,0.11,0
129.21,8,online,0,2890,4,7.46,0
40.83,12,online,0,323,3,14.36,0
160.59,13,purchase,0,942,3,40.67,0
71.54,7,purchase,1,390,1,15.68,0
59.08,15,transfer,0,2249,0,6.45,0
90.75,10,withdrawal,0,2915,3,21.89,0
93.99,9,online,0,1790,3,0.96,0
32.51,16,transfer,0,2928,1,4.78,0
21.53,13,purchase,0,320,2,23.05,0
234.0,22,purchase,0,337,3,0.78,0
55.87,11,withdrawal,0,2724,0,8.02,0
5.04,17,purchase,0,147,4,36.48,0
171.83,21,withdrawal,1,1736,3,0.09,0
38.08,7,purchase,0,70,1,7.27,0
260.82,8,withdrawal,0,2700,0,0.31,0
83.18,22,purchase,0,238,0,12.28,0
94.73,12,purchase,0,1551,2,5.54,0
36.57,8,online,0,1468,1,1.72,0
116.39,6,online,0,2124,1,2.27,0
40.95,10,purchase,0,3585,2,15.72,0
54.61,12,purchase,0,1296,2,5.35,0
80.29,11,withdrawal,0,3151,3,23.2,0
31.57,22,transfer,0,45,2,4.64,0
72.63,9,purchase,0,3267,2,8.58,0
90.15,7,online,0,2578,2,12.79,0
55.58,11,purchase,0,1600,2,5.99,0
165.62,9,withdrawal,0,2723,1,1.89,0
80.32,16,online,0,3420,2,5.06,0
226.01,7,online,0,240,1,26.23,0
20.62,21,purchase,0,1552,5,14.51,0
53.08,8,purchase,0,2879,3,23.55,0
143.18,16,purchase,0,2112,1,26.73,0
19.19,19,withdrawal,0,719,2,2.99,0
98.86,20,purchase,0,1939,1,3.61,0
106.11,20,purchase,0,1043,1,9.22,0
42.28,8,purchase,0,215,5,28.84,0
29.88,22,purchase,0,1877,3,10.18,0
77.21,17,withdrawal,0,3038,2,1.55,0
40.88,16,online,0,2812,1,6.05,0
95.86,12,transfer,0,1917,4,3.12,0
99.38,13,purchase,0,3522,2,7.76,0
86.34,7,withdrawal,0,3059,2,25.72,0
32.51,19,purchase,0,1419,2,5.87,0
13.3,11,purchase,0,3211,1,6.53,0
81.47,22,withdrawal,0,527,2,17.4,0
73.95,20,withdrawal,0,1466,3,0.85,0
57.39,14,online,0,2504,4,16.56,0
94.3,20,purchase,0,2407,3,39.31,0
89.3,12,online,0,203,4,12.08,0
87.4,18,transfer,0,1467,1,51.26,0
14.7,9,transfer,0,1344,2,33.12,0
21.67,6,purchase,0,3111,4,4.54,0
34.96,19,withdrawal,0,1791,0,25.55,0
32.52,22,purchase,0,404,2,3.44,0
25.4,18,purchase,0,520,3,52.47,0
27.21,8,purchase,0,3111,0,8.93,0
66.42,9,purchase,0,1717,7,9.87,0
64.4,22,transfer,0,2931,2,3.68,0
180.75,18,transfer,0,641,2,13.51,0
132.0,20,transfer,0,2572,3,22.43,0
70.54,22,online,0,3299,1,3.49,0
143.82,19,purchase,0,1927,1,6.26,0
9.84,20,withdrawal,0,1170,2,27.42,0
81.74,17,transfer,0,3563,6,3.33,0
118.73,14,online,0,630,1,17.21,0
109.59,7,purchase,0,53,5,5.35,0
198.5,13,purchase,0,1077,5,16.11,0
181.38,22,purchase,0,3310,3,47.17,0
151.58,21,purchase,0,450,2,32.66,0
116.53,9,purchase,0,2831,3,3.59,0
72.34,19,purchase,0,3404,3,14.45,0
18.5,10,withdrawal,0,1813,2,12.74,0
190.42,17,purchase,0,2953,1,3.36,0
30.18,22,purchase,1,163,2,17.83,0
38.17,13,purchase,0,1157,2,62.25,0
72.51,6,purchase,0,908,2,4.86,0
20.02,12,purchase,0,1572,0,19.41,0
42.34,13,purchase,0,364,1,2.24,0
53.05,11,transfer,0,2227,2,28.99,0
76.07,14,purchase,0,898,5,9.05,0
777.31,1,purchase,1,183,9,89.72,1
101.8,6,purchase,0,3505,0,13.07,0
12.82,17,online,0,3056,2,2.55,0
198.41,21,online,0,352,2,4.05,0
103.01,18,withdrawal,0,2468,2,6.21,0
88.46,20,purchase,0,837,0,9.31,0
69.72,14,purchase,0,2139,2,68.98,0
49.75,7,withdrawal,0,2291,2,34.13,0
61.65,16,transfer,0,714,0,19.04,0
35.94,19,purchase,0,3300,2,7.13,0
44.03,21,withdrawal,0,3169,0,5.01,0
44.07,19,purchase,0,52,4,12.8,0
191.29,17,online,0,455,0,13.91,0
55.42,10,purchase,0,981,0,22.54,0
1249.58,18,online,1,58,13,46.45,1
25.05,17,withdrawal,0,2929,4,21.95,0
168.42,6,transfer,1,1532,0,29.02,0
336.19,0,transfer,0,38,9,743.8,1
124.49,13,transfer,0,2488,2,13.6,0
37.53,6,transfer,0,2381,1,4.48,0
206.11,12,transfer,0,3007,2,15.22,0
157.83,16,purchase,0,1613,2,1.88,0
41.91,13,purchase,0,3374,3,0.28,0
45.18,15,withdrawal,0,1534,0,7.34,0
41.26,11,transfer,0,3091,2,10.71,0
23.22,16,withdrawal,1,2667,3,7.61,0
26.25,15,purchase,0,2062,0,11.06,0
92.71,8,purchase,0,3059,1,0.27,0
183.13,9,withdrawal,0,2326,1,20.07,0
51.39,22,purchase,0,3520,3,8.44,0
21.85,8,purchase,0,1929,6,1.56,0
224.82,19,withdrawal,1,158,3,639.33,1
34.02,15,transfer,0,3033,0,37.3,0
118.58,6,transfer,1,2338,3,16.58,0
51.09,13,purchase,0,830,1,37.63,0
84.92,18,online,0,2276,4,40.29,0
61.27,17,online,0,252,1,2.45,0
79.1,13,withdrawal,0,3577,2,1.33,0
74.34,16,withdrawal,0,346,1,18.71,0
98.05,16,online,0,56,4,3.86,0
74.78,15,purchase,1,2594,3,10.4,0
130.63,11,purchase,0,1395,2,9.97,0
38.61,12,purchase,0,1797,3,22.15,0
105.58,11,withdrawal,0,2089,1,15.53,0
68.55,13,withdrawal,0,1104,1,0.94,0
91.42,16,online,0,1464,1,8.61,0
55.87,11,transfer,0,427,2,4.99,0
16.72,11,transfer,0,2807,3,3.47,0
45.24,22,online,0,1187,1,31.74,0
131.34,15,purchase,0,430,0,25.35,0
31.72,18,purchase,0,1646,4,14.26,0
52.33,17,purchase,0,3067,3,13.7,0
51.46,17,purchase,0,2321,2,3.4,0
35.19,17,online,0,2038,4,15.01,0
250.7,7,online,0,694,1,5.01,0
107.17,21,transfer,0,3058,2,0.52,0
123.54,9,purchase,0,3162,1,25.41,0
107.77,6,purchase,0,2880,1,18.74,0
74.96,6,purchase,0,3386,3,5.84,0
10.71,18,purchase,0,393,2,12.33,0
143.38,7,purchase,0,1350,3,28.94,0
50.59,16,withdrawal,0,2534,1,33.48,0
75.67,19,online,0,3434,1,22.9,0
59.32,14,online,0,1799,1,38.43,0
97.82,14,purchase,0,1162,0,3.47,0
27.6,14,purchase,0,1778,2,17.62,0
35.62,17,purchase,0,2361,0,14.18,0
85.2,14,transfer,0,558,2,3.36,0
37.67,17,online,0,2189,5,1.38,0
51.61,20,purchase,0,2544,0,0.69,0
52.59,21,purchase,0,2656,3,13.4,0
88.77,14,purchase,0,248,1,12.67,0
31.12,14,transfer,0,3113,3,5.41,0
93.85,21,purchase,0,801,2,4.63,0
64.72,11,purchase,0,3395,1,4.53,0
80.27,10,transfer,0,3439,2,117.72,0
72.95,15,purchase,0,2139,2,18.35,0
43.06,15,purchase,0,3130,1,17.47,0
111.83,19,transfer,0,1932,2,40.1,0
51.8,14,purchase,0,344,0,14.76,0
97.1,19,purchase,0,58,2,28.2,0
21.13,9,purchase,0,3410,3,19.11,0
23.31,6,purchase,0,1647,0,5.53,0
41.4,18,purchase,0,1035,1,6.85,0
38.35,7,purchase,0,2786,1,4.03,0
76.69,12,purchase,0,418,1,14.72,0
99.66,18,withdrawal,0,175,7,12.53,0
94.26,14,purchase,0,411,3,14.16,0
50.83,22,transfer,0,1168,1,12.91,0
50.12,18,transfer,0,2782,2,3.57,0
46.7,18,purchase,0,3002,1,18.24,0
67.71,17,purchase,0,1765,1,9.51,0
61.82,22,transfer,1,765,6,0.77,0
43.05,8,purchase,0,1193,1,38.29,0
197.98,18,withdrawal,0,2327,3,3.23,0
5.51,21,purchase,0,1116,1,19.19,0
39.36,22,purchase,0,1455,2,2.7,0
38.35,7,purchase,0,2551,4,8.9,0
64.44,15,withdrawal,0,3086,4,5.93,0
53.77,10,purchase,0,1880,1,11.27,0
79.7,16,purchase,0,1494,3,24.07,0
98.1,8,online,0,1729,0,31.44,0
68.29,7,online,0,3156,3,21.69,0
32.29,12,purchase,0,937,3,2.08,0
84.16,9,purchase,0,2373,1,0.27,0
15.07,6,transfer,0,2806,0,28.46,0
51.1,15,transfer,0,2773,3,76.2,0
10.14,16,purchase,0,851,2,0.87,0
63.9,15,purchase,1,1541,0,12.7,0
135.41,18,online,0,1801,2,10.6,0
107.93,17,purchase,1,872,1,0.9,0
22.62,22,withdrawal,0,2274,3,11.11,0
38.33,6,purchase,0,997,3,7.77,0
24.97,10,online,0,2093,2,24.18,0
217.12,6,transfer,0,2544,2,36.14,0
76.85,19,purchase,0,3145,2,10.38,0
86.92,18,transfer,0,3310,5,20.82,0
45.39,13,purchase,0,1756,2,21.76,0
71.76,14,transfer,0,2013,4,1.37,0
36.11,19,purchase,0,1329,2,9.83,0
56.12,17,purchase,0,695,3,14.44,0
36.94,11,purchase,0,3175,0,3.09,0
76.01,6,purchase,0,1820,1,4.49,0
121.29,22,withdrawal,0,2957,2,7.98,0
55.38,8,purchase,0,2679,6,11.83,0
47.09,9,online,0,1311,2,5.65,0
116.22,15,purchase,0,2821,3,4.19,0
56.08,18,transfer,0,1948,3,11.79,0
52.05,14,purchase,0,1290,3,16.66,0
59.12,10,withdrawal,0,3617,3,19.5,0
100.8,22,transfer,0,3104,0,0.38,0
39.16,9,purchase,0,3561,2,6.65,0
157.78,10,transfer,0,2467,2,5.26,0
6.57,20,online,0,2999,7,0.88,0
6.69,22,purchase,0,1034,3,40.93,0
16.0,15,purchase,0,1710,2,1.33,0
17.99,21,purchase,0,3562,4,17.01,0
113.36,15,purchase,0,107,2,15.36,0
44.72,15,purchase,0,331,4,18.85,0
56.54,12,purchase,0,2134,1,1.06,0
37.74,9,withdrawal,0,99,4,10.47,0
181.77,9,purchase,0,922,2,23.09,0
16.99,11,purchase,0,1556,1,19.7,0
189.12,11,purchase,0,3109,2,8.47,0
68.84,7,purchase,0,1598,2,44.66,0
18.3,19,purchase,0,150,2,10.69,0
86.13,21,purchase,0,2240,0,5.01,0
20.91,10,withdrawal,0,2851,5,52.7,0
109.29,8,purchase,0,62,3,75.22,0
70.55,19,transfer,1,2429,1,0.13,0
169.33,7,purchase,0,476,0,42.37,0
68.02,22,purchase,0,2569,1,6.2,0
47.73,15,purchase,0,2993,1,0.56,0
46.76,7,withdrawal,0,2021,2,1.78,0
242.88,7,transfer,0,1420,2,18.15,0
14.34,13,online,0,671,3,16.69,0
21.79,19,online,0,3392,1,10.42,0
11.89,11,purchase,0,2782,0,18.35,0
69.49,11,withdrawal,0,3043,1,59.54,0
34.13,15,withdrawal,0,355,1,3.23,0
93.46,16,transfer,0,1660,1,22.56,0
26.85,7,transfer,0,3575,2,62.9,0
179.34,16,transfer,0,2049,1,1.88,0
77.72,13,withdrawal,0,1712,2,10.78,0
98.33,9,purchase,0,3246,0,22.63,0
126.22,11,transfer,0,3155,4,7.47,0
38.14,19,purchase,0,1552,4,27.23,0
20.22,8,withdrawal,0,1923,1,16.55,0
26.88,9,transfer,0,1627,1,1.42,0
79.74,13,withdrawal,0,3309,3,3.21,0
46.83,8,purchase,0,2663,2,40.12,0
88.92,19,online,0,2083,4,1.11,0
8.15,12,purchase,0,1329,0,27.67,0
38.51,15,online,0,462,0,8.89,0
36.14,14,withdrawal,0,3512,1,50.36,0
227.87,12,purchase,0,1074,2,12.97,0
16.53,12,purchase,0,2244,3,72.89,0
69.93,13,purchase,0,806,2,40.71,0
37.19,22,purchase,0,3512,3,14.39,0
19.25,15,purchase,0,3031,1,18.37,0
61.22,19,purchase,0,358,3,48.79,0
100.0,15,transfer,0,1849,3,2.45,0
390.5,21,transfer,1,3,5,1095.36,1
213.63,10,purchase,0,543,5,8.07,0
113.15,10,withdrawal,0,223,1,16.38,0
37.29,16,purchase,0,936,1,11.68,0
114.3,20,transfer,0,3065,2,5.85,0
60.72,15,online,0,3357,1,13.16,0
33.1,11,purchase,0,2459,3,1.06,0
225.51,14,withdrawal,0,1959,2,10.31,0
81.52,17,online,0,3374,3,55.34,0
49.16,14,purchase,0,3340,3,68.81,0
51.15,12,transfer,0,133,0,10.47,0
3.2,13,purchase,0,2470,0,20.53,0
9.57,14,purchase,0,555,1,0.04,0
125.04,21,purchase,0,2754,1,2.24,0
67.08,17,purchase,0,2361,2,8.82,0
264.23,8,withdrawal,0,2795,2,48.71,0
396.66,11,online,0,163,3,146.33,1
96.98,10,transfer,0,2764,1,2.19,0
26.82,17,purchase,0,1224,3,14.63,0
14.76,22,transfer,0,2564,3,5.98,0
25.84,13,purchase,0,440,2,2.98,0
302.44,16,purchase,0,698,0,25.86,0
15.19,15,online,0,1984,4,2.73,0
31.26,21,purchase,0,2715,2,14.51,0
47.4,16,purchase,0,2266,3,19.18,0
80.68,13,withdrawal,0,1176,2,6.32,0
118.17,12,withdrawal,0,2230,2,5.46,0
58.93,9,purchase,0,113,5,19.78,0
125.43,10,withdrawal,0,99,0,3.07,0
22.02,22,purchase,0,2694,0,13.85,0
182.39,15,withdrawal,0,3111,3,8.56,0
24.18,22,online,0,905,3,18.16,0
88.46,21,transfer,0,167,4,2.04,0
59.82,10,transfer,0,3629,0,15.65,0
56.75,10,transfer,0,411,3,8.89,0
78.06,6,purchase,0,3464,2,20.05,0
140.68,7,withdrawal,0,2432,1,0.35,0
104.44,21,purchase,0,3312,0,12.86,0
231.78,13,purchase,0,1570,1,5.04,0
73.8,8,purchase,0,2852,1,18.46,0
59.02,11,purchase,0,2127,2,1.58,0
83.38,21,online,0,3353,2,0.41,0
61.77,15,withdrawal,0,1394,0,16.87,0
38.32,17,purchase,0,3300,1,0.28,0
14.15,8,transfer,0,3331,2,8.34,0
36.06,12,withdrawal,1,2843,2,28.26,0
71.98,20,withdrawal,0,2053,1,23.99,0
137.07,13,purchase,0,1527,2,19.27,0
26.8,7,purchase,0,1159,3,12.49,0
79.77,14,transfer,0,1223,2,28.91,0
101.89,16,transfer,0,2261,2,20.9,0
84.98,17,transfer,0,877,3,1.23,0
18.73,7,purchase,0,1582,2,15.73,0
39.03,17,purchase,0,2306,2,6.38,0
887.24,0,online,0,221,5,1.49,1
50.72,21,online,0,323,1,39.91,0
163.63,12,withdrawal,0,875,1,10.24,0
348.52,15,purchase,0,1255,1,23.24,0
129.95,12,withdrawal,0,510,4,6.73,0
133.6,18,purchase,0,1434,2,4.48,0
44.83,20,purchase,0,2780,2,20.32,0
120.38,10,purchase,0,3301,0,44.84,0
9.26,20,purchase,0,915,0,1.02,0
68.94,20,purchase,0,2872,2,4.8,0
54.76,20,purchase,0,1836,2,15.5,0
83.52,14,purchase,1,3321,2,2.56,0
52.16,10,online,0,413,4,4.09,0
208.16,21,purchase,0,1444,2,3.14,0
93.97,22,purchase,0,1485,3,0.25,0
264.12,22,online,0,2114,4,3.73,0
77.53,11,purchase,0,756,1,6.82,0
175.39,7,purchase,0,325,3,7.41,0
437.37,11,online,0,98,6,16.05,1
118.5,17,purchase,0,1298,1,1.36,0
180.97,11,transfer,0,684,0,2.31,0
82.8,21,purchase,0,3517,2,13.89,0
31.62,17,withdrawal,0,2373,1,26.58,0
185.29,15,online,0,321,3,6.92,0
32.16,21,withdrawal,0,3347,1,8.74,0
110.38,17,transfer,0,2775,3,106.03,0
60.98,15,transfer,0,3193,0,15.18,0
40.75,8,transfer,0,146,2,29.17,0
10.85,14,purchase,0,628,6,0.34,0
45.51,21,online,0,3564,1,3.32,0
47.63,15,purchase,0,462,4,12.39,0
141.39,11,transfer,0,2077,0,9.73,0
24.14,16,purchase,0,965,1,0.01,0
108.66,22,purchase,0,1693,1,1.42,0
8.51,15,withdrawal,0,518,1,23.2,0
40.79,18,online,0,1176,4,31.08,0
69.31,12,purchase,0,2557,4,5.77,0
20.62,8,transfer,0,3384,1,1.21,0
97.9,17,online,0,1170,3,30.23,0
12.74,13,purchase,0,1379,5,12.26,0
147.25,11,transfer,0,1108,1,0.25,0
113.05,7,purchase,0,1840,1,6.06,0
93.49,15,withdrawal,0,1493,1,22.4,0
1034.31,23,purchase,1,357,9,320.6,1
8.65,10,purchase,0,2349,4,15.18,0
25.97,16,online,0,2493,4,22.15,0
82.28,15,withdrawal,0,3389,2,2.55,0
39.35,20,purchase,0,3498,0,29.19,0
143.08,6,withdrawal,0,2801,1,11.89,0
122.58,14,withdrawal,0,2520,2,17.76,0
93.84,12,transfer,0,2406,2,32.3,0
64.89,18,transfer,0,2287,3,19.28,0
12.73,9,purchase,0,3032,2,2.6,0
119.19,18,transfer,0,2257,3,10.62,0
69.98,7,online,1,3496,2,10.63,0
60.33,16,transfer,0,2196,1,29.41,0
29.05,13,withdrawal,0,2458,2,44.93,0
28.85,19,purchase,0,2529,2,1.31,0
76.08,22,purchase,0,482,4,34.55,0
19.12,9,online,0,2306,1,9.63,0
76.69,12,transfer,0,3052,3,34.77,0
132.59,9,online,0,3464,2,29.84,0
84.89,12,purchase,0,929,3,10.53,0
16.44,22,purchase,0,1572,1,2.26,0
138.7,9,withdrawal,0,1039,2,6.34,0
19.76,13,withdrawal,1,3520,4,39.3,0
81.77,22,purchase,0,984,5,13.4,0
644.61,0,online,0,232,6,2097.9,1
58.38,7,online,0,703,3,23.58,0
18.89,19,purchase,0,3567,2,18.96,0
84.5,6,purchase,0,348,3,34.36,0
28.75,19,purchase,0,1128,4,15.12,0
45.48,21,withdrawal,1,1410,1,66.88,0
66.82,10,online,0,1688,1,28.56,0
68.54,6,purchase,0,3087,0,24.78,0
6.3,17,purchase,0,3520,4,7.78,0
44.0,16,online,0,2590,1,31.36,0
11.51,16,withdrawal,0,2362,1,27.56,0
37.08,18,purchase,0,3169,1,6.29,0
157.98,21,purchase,0,759,4,31.62,0
94.82,21,purchase,0,423,5,8.45,0
54.58,18,purchase,0,1188,1,2.26,0
26.09,14,online,0,1185,2,15.85,0
87.03,18,purchase,0,2730,4,7.36,0
61.67,12,withdrawal,0,1959,1,10.56,0
94.81,14,purchase,0,2103,3,12.77,0
150.15,10,online,0,3340,1,9.26,0
32.05,16,purchase,0,1835,3,7.04,0
41.35,13,purchase,0,2089,1,47.06,0
85.85,10,purchase,0,2583,1,42.96,0
1.53,8,withdrawal,0,3454,4,6.16,0
93.43,9,purchase,0,1810,2,32.0,0
142.54,17,transfer,0,1852,1,0.21,0
14.18,19,online,0,1729,4,11.49,0
70.83,15,online,0,543,1,3.46,0
50.81,18,purchase,0,230,2,17.72,0
94.11,20,online,0,1005,2,21.32,0
21.98,17,withdrawal,0,3331,2,0.37,0
97.65,18,transfer,0,420,1,12.54,0
89.34,9,transfer,0,2163,2,1.06,0
33.79,12,withdrawal,0,1278,0,11.27,0
71.15,6,purchase,0,2000,1,10.86,0
60.09,12,purchase,0,3648,3,12.35,0
88.33,12,transfer,0,3475,0,18.3,0
42.25,20,purchase,1,3637,2,5.7,0
102.45,9,transfer,0,504,5,11.69,0
126.46,16,withdrawal,0,3061,1,7.41,0
47.76,7,online,0,2417,2,0.12,0
121.32,15,online,0,2226,2,2.81,0
209.31,17,purchase,0,49,1,6.91,0
96.2,11,transfer,0,2716,1,20.03,0
37.84,18,purchase,0,217,3,18.8,0
69.93,14,purchase,0,2023,0,27.86,0
19.3,18,transfer,0,219,2,15.0,0
77.08,6,transfer,0,846,0,8.67,0
22.56,9,withdrawal,0,3479,0,20.4,0
49.73,14,transfer,0,512,2,2.65,0
56.33,16,purchase,0,2170,1,9.37,0
79.71,8,purchase,0,2089,3,2.95,0
77.85,22,purchase,0,3539,3,10.77,0
64.08,19,withdrawal,0,2403,1,0.6,0
143.14,17,transfer,0,1095,5,23.06,0
18.55,9,purchase,0,2836,3,3.91,0
27.81,13,transfer,0,1000,1,6.44,0
88.2,15,purchase,0,1285,1,0.36,0
117.61,8,withdrawal,0,1995,2,14.52,0
86.63,12,purchase,0,1519,4,7.29,0
42.5,6,purchase,1,2647,2,4.04,0
126.73,18,withdrawal,0,1671,2,2.68,0
85.11,6,withdrawal,1,1743,1,1.35,0
17.14,7,withdrawal,0,2802,2,3.01,0
61.41,9,withdrawal,0,3321,0,5.33,0
116.68,11,purchase,0,1159,2,38.45,0
58.22,8,transfer,0,3116,2,2.78,0
253.67,22,online,0,1112,1,3.24,0
72.02,17,withdrawal,0,3183,0,5.31,0
183.62,10,online,1,1985,2,11.76,0
55.98,7,withdrawal,0,3607,3,1.63,0
84.32,7,transfer,0,504,3,0.45,0
124.39,7,transfer,0,126,0,3.94,0
98.35,17,purchase,0,869,3,5.85,0
29.28,17,purchase,0,1823,7,11.0,0
46.48,14,withdrawal,1,3063,2,13.26,0
23.66,17,purchase,0,2226,4,11.54,0
14.4,10,purchase,0,1205,1,12.08,0
188.61,21,purchase,1,89,0,1.06,0
47.07,17,transfer,0,2631,3,17.77,0
56.37,20,purchase,0,176,1,0.63,0
133.38,12,purchase,0,1437,2,77.29,0
25.85,13,purchase,0,1313,5,9.55,0
198.52,20,withdrawal,0,3571,4,17.05,0
60.12,20,withdrawal,0,2201,1,7.39,0
154.7,12,withdrawal,0,1255,1,22.21,0
16.23,7,online,0,317,2,51.64,0
117.15,13,transfer,0,3629,0,17.53,0
121.35,20,purchase,0,3622,1,42.26,0
23.73,8,online,0,1323,1,9.42,0
100.29,19,purchase,0,3009,2,13.33,0
12.05,15,withdrawal,0,3022,2,10.33,0
80.88,7,withdrawal,0,779,3,16.46,0
100.78,21,withdrawal,0,3392,1,5.73,0
175.97,17,withdrawal,0,2517,0,5.53,0
62.04,10,transfer,0,3040,1,21.2,0
240.55,3,online,0,100,8,423.21,1
171.74,21,online,0,726,1,9.04,0
51.61,22,withdrawal,0,2147,0,27.47,0
35.64,13,withdrawal,0,3393,2,18.28,0
143.06,17,withdrawal,0,2069,1,1.71,0
162.21,14,online,0,1611,2,1.17,0
127.85,21,online,0,2869,3,37.12,0
3.34,14,online,0,1249,0,6.65,0
17.47,10,purchase,0,2081,0,10.88,0
101.69,7,withdrawal,0,2205,2,7.52,0
14.21,19,transfer,0,522,2,45.99,0
43.49,21,purchase,0,1793,3,21.71,0
75.97,19,withdrawal,0,1258,3,4.8,0
136.4,14,purchase,0,432,0,0.4,0
67.14,12,purchase,0,1172,3,3.03,0
2.8,9,withdrawal,0,2973,3,1.08,0
14.75,22,purchase,0,1839,1,9.03,0
39.68,20,withdrawal,0,3320,4,4.33,0
82.63,20,purchase,0,2035,2,7.78,0
57.92,9,transfer,0,3350,3,0.03,0
82.38,19,transfer,0,207,2,2.95,0
52.54,9,purchase,0,2869,4,63.26,0
67.59,12,withdrawal,0,3081,1,14.59,0
37.89,17,purchase,0,1481,3,9.33,0
113.67,10,withdrawal,0,532,2,0.88,0
74.65,11,online,0,3642,1,8.02,0
104.86,7,purchase,0,1822,1,51.33,0
105.17,16,withdrawal,0,837,1,10.69,0
39.33,9,purchase,0,2176,1,11.49,0
52.69,14,purchase,0,2639,2,8.76,0
55.91,12,online,0,3223,2,6.18,0
212.47,15,withdrawal,0,2313,1,1.68,0
46.42,18,withdrawal,0,2362,2,72.37,0
1476.15,1,online,1,91,8,338.08,1
40.77,15,withdrawal,0,777,2,0.26,0
139.12,19,purchase,0,2324,1,39.06,0
56.05,20,withdrawal,1,2367,1,2.63,0
804.1,12,online,1,81,3,582.74,1
55.29,13,purchase,0,1337,1,11.09,0
62.98,15,purchase,0,163,1,118.55,0
4.63,21,purchase,0,1653,1,3.18,0
38.89,13,withdrawal,0,3443,2,13.27,0
86.16,11,online,1,574,2,0.89,0
92.34,22,withdrawal,0,44,3,32.52,0
52.25,18,purchase,0,1289,1,11.29,0
148.3,17,purchase,0,2756,1,87.74,0
199.65,13,online,0,648,3,18.73,0
52.97,6,withdrawal,1,3569,1,3.1,0
9.79,20,transfer,0,480,2,4.63,0
33.53,14,transfer,0,2983,1,26.44,0
131.59,14,purchase,0,1083,2,12.36,0
194.8,6,online,0,3647,3,5.57,0
55.23,21,transfer,0,441,3,6.22,0
16.83,15,purchase,0,3478,0,32.56,0
28.12,10,purchase,0,2130,2,18.09,0
799.7,0,online,0,164,2,122.77,1
67.1,9,purchase,0,1382,3,9.04,0
105.6,10,purchase,0,2999,1,9.31,0
71.46,22,purchase,0,1988,1,11.25,0
81.92,10,transfer,0,3196,4,0.17,0
24.32,13,withdrawal,0,693,2,26.57,0
88.75,11,purchase,0,1034,0,5.65,0
32.85,22,purchase,0,1990,0,0.17,0
100.66,16,transfer,0,3486,1,3.61,0
147.14,19,online,0,2777,2,27.58,0
79.33,13,online,0,552,2,17.82,0
7.4,11,purchase,0,877,1,5.86,0
44.7,11,transfer,0,2611,2,30.51,0
137.95,6,online,0,2683,2,63.26,0
70.9,13,withdrawal,0,2604,4,16.11,0
45.96,17,transfer,0,2976,1,0.38,0
147.04,19,online,0,3073,3,44.2,0
101.63,10,transfer,0,921,2,6.84,0
121.61,15,transfer,0,3343,2,7.15,0
11.45,6,purchase,0,2315,2,14.23,0
102.41,10,online,0,2304,1,14.23,0
7.58,16,purchase,0,3177,5,30.56,0
41.96,6,online,0,2949,2,8.27,0
215.32,22,purchase,1,356,4,6.12,0
169.51,21,purchase,0,267,3,11.76,0
342.74,20,transfer,0,3194,0,12.68,0
116.07,17,withdrawal,0,2759,1,10.8,0
17.37,6,purchase,0,2280,2,14.5,0
44.79,19,purchase,0,582,4,15.33,0
280.16,12,online,1,2311,0,22.65,0
22.59,14,online,0,1868,1,68.42,0
153.73,22,withdrawal,0,1044,1,8.27,0
28.96,11,transfer,0,1716,2,7.82,0
208.1,17,purchase,0,2077,5,26.44,0
63.84,22,purchase,0,2961,2,15.98,0
53.1,14,purchase,0,1718,0,37.62,0
52.2,15,withdrawal,1,3165,4,19.9,0
24.17,14,purchase,0,1371,1,12.5,0
26.95,20,purchase,1,1246,2,5.49,0
87.63,11,purchase,0,2213,4,9.58,0
38.82,21,purchase,0,2931,1,9.29,0
84.45,8,withdrawal,0,3388,2,13.85,0
135.58,17,transfer,0,2070,3,6.7,0
67.09,12,purchase,0,2576,3,3.08,0
68.98,8,transfer,0,138,1,21.56,0
142.28,15,transfer,0,2628,3,14.9,0
46.49,17,purchase,0,3514,4,9.33,0
68.33,6,withdrawal,0,2958,0,2.42,0
157.42,13,transfer,0,2187,3,4.29,0
167.16,22,purchase,0,3407,1,2.5,0
36.61,16,withdrawal,0,3534,0,2.81,0
109.27,9,purchase,0,2222,1,5.29,0
44.32,12,purchase,0,1869,3,0.81,0
22.86,6,purchase,0,2447,3,1.92,0
28.38,6,purchase,0,194,2,10.35,0
21.43,9,transfer,0,2553,4,27.83,0
51.53,6,purchase,0,2623,2,5.01,0
19.17,11,withdrawal,0,155,2,3.9,0
7.84,7,transfer,1,3401,2,10.58,0
103.57,13,transfer,0,3151,2,1.93,0
79.01,19,purchase,0,721,2,23.06,0
46.32,21,purchase,0,2747,1,5.44,0
79.72,12,purchase,0,2814,1,4.06,0
19.11,12,purchase,1,3599,2,0.58,0
75.02,13,withdrawal,0,2731,2,1.44,0
131.0,19,purchase,0,3037,1,1.96,0
34.2,10,purchase,0,1666,1,1.98,0
76.3,18,purchase,0,1076,2,3.73,0
42.74,10,online,0,2607,1,10.16,0
1.54,7,withdrawal,0,2999,3,6.55,0
130.12,22,online,0,2236,1,7.22,0
68.95,16,online,0,1100,4,46.29,0
10.36,10,withdrawal,0,2278,1,23.41,0
28.17,7,withdrawal,0,448,1,2.12,0
278.48,9,withdrawal,0,2818,1,12.07,0
113.3,21,purchase,0,3332,0,7.75,0
65.92,19,purchase,0,932,4,9.54,0
74.99,8,online,0,1685,1,1.31,0
21.19,13,transfer,0,2486,2,2.28,0
54.31,6,purchase,0,3237,3,0.27,0
74.43,8,purchase,0,770,3,41.48,0
80.16,22,withdrawal,0,2022,5,0.18,0
55.28,9,purchase,0,1927,4,2.8,0
39.17,21,purchase,0,3612,3,4.29,0
98.66,12,purchase,0,1412,1,24.22,0
96.0,19,online,0,3196,2,16.5,0
150.62,7,purchase,0,2011,0,41.01,0
112.77,8,transfer,0,2591,1,8.18,0
88.86,11,withdrawal,0,1987,1,18.99,0
135.56,22,withdrawal,0,3331,2,49.3,0
204.31,17,purchase,0,3310,3,6.48,0
51.22,20,purchase,0,110,4,2.77,0
46.98,11,transfer,0,70,3,5.7,0
64.17,12,withdrawal,0,3232,1,8.53,0
84.17,17,transfer,0,2207,5,5.58,0
103.83,10,purchase,0,1136,1,7.22,0
123.07,10,online,0,1371,1,2.28,0
69.47,18,transfer,0,3101,2,20.59,0
64.17,19,purchase,0,1677,1,0.14,0
227.64,20,purchase,0,154,2,7.89,0
64.92,16,transfer,0,1571,1,17.39,0
95.25,22,purchase,0,2188,3,60.59,0
157.55,8,purchase,1,895,4,3.34,0
26.69,19,purchase,0,2335,1,26.58,0
34.3,11,online,0,3020,3,4.02,0
14.13,22,transfer,0,1143,3,33.02,0
45.01,9,purchase,0,575,3,32.47,0
36.0,7,purchase,0,1611,0,17.88,0
25.72,16,purchase,1,3172,4,10.97,0
152.73,21,transfer,0,1063,2,8.9,0
81.02,9,withdrawal,0,109,3,8.7,0
54.91,6,online,0,3375,5,12.91,0
92.01,18,purchase,0,810,3,20.18,0
35.02,22,purchase,0,1534,2,14.26,0
44.58,12,transfer,0,1357,0,10.84,0
111.63,17,withdrawal,0,3101,3,6.59,0
91.6,6,withdrawal,0,1229,2,2.91,0
106.96,8,transfer,0,1252,1,14.81,0
5.79,22,online,0,2452,2,16.84,0
19.99,21,online,0,2591,3,22.95,0
50.29,10,online,0,949,0,0.86,0
5.51,20,purchase,0,1745,2,6.11,0
64.46,14,transfer,0,1575,2,28.96,0
68.25,6,online,0,2054,3,18.42,0
51.74,20,withdrawal,0,2005,2,0.81,0
46.72,14,purchase,0,1961,2,9.7,0
60.45,10,purchase,0,3576,3,62.25,0
63.35,9,purchase,0,1097,1,16.74,0
62.7,22,withdrawal,0,530,2,12.82,0
65.67,8,online,0,607,1,4.91,0
17.93,18,withdrawal,0,2815,2,7.18,0
39.21,13,purchase,0,1338,1,15.97,0
27.21,14,purchase,0,3409,1,19.87,0
12.92,20,withdrawal,0,268,4,16.19,0
5.86,12,purchase,0,3361,1,1.03,0
226.95,22,withdrawal,0,2132,3,4.44,0
36.59,21,transfer,0,2896,1,14.23,0
63.2,13,purchase,0,3581,1,5.85,0
61.64,18,purchase,0,2511,0,7.97,0
153.31,18,transfer,0,340,1,20.48,0
277.32,12,withdrawal,0,2605,1,5.1,0
128.11,15,withdrawal,0,292,1,2.85,0
45.9,16,online,0,142,1,0.32,0
45.16,9,purchase,1,726,3,26.65,0
124.57,6,withdrawal,0,3420,1,23.55,0
86.89,9,transfer,0,1807,1,27.52,0
105.17,12,transfer,0,1798,1,6.42,0
114.43,17,purchase,0,2673,1,2.83,0
47.25,21,online,0,1801,3,25.81,0
63.89,7,purchase,0,272,1,10.97,0
58.76,15,withdrawal,0,2066,1,29.35,0
171.71,12,withdrawal,0,2576,4,11.82,0
112.69,12,online,0,299,0,2.2,0
93.43,8,purchase,0,1889,4,10.15,0
68.29,10,withdrawal,0,2548,2,16.64,0
39.79,13,purchase,0,214,3,6.53,0
422.63,20,withdrawal,0,75,6,654.16,1
80.6,19,purchase,0,1893,1,6.04,0
148.18,22,purchase,0,2067,4,20.91,0
100.42,6,purchase,0,1925,1,0.4,0
62.71,16,online,0,3530,3,20.13,0
168.13,12,purchase,0,2343,1,1.43,0
76.91,22,purchase,0,2051,0,10.92,0
28.87,11,purchase,1,2829,1,4.19,0
150.86,8,online,0,2185,0,0.84,0
45.14,8,purchase,0,221,0,5.0,0
8.65,14,purchase,0,1556,3,63.56,0
23.96,10,transfer,1,410,2,7.79,0
44.21,21,purchase,0,1859,1,20.6,0
30.45,15,purchase,0,3058,3,2.47,0
85.06,6,online,0,1685,0,28.49,0
93.72,10,transfer,0,1768,1,2.43,0
43.57,10,withdrawal,0,1452,2,5.14,0
82.63,15,withdrawal,0,800,1,10.17,0
61.4,21,withdrawal,1,348,1,4.38,0
59.04,8,withdrawal,0,854,6,39.36,0
27.13,20,withdrawal,0,224,1,3.54,0
166.14,18,withdrawal,0,2094,2,5.8,0
69.79,8,transfer,0,2537,3,16.54,0
27.84,7,withdrawal,0,856,3,11.72,0
878.47,3,online,0,142,3,25.18,1
34.49,8,purchase,0,2334,1,30.24,0
96.72,20,purchase,0,3493,1,71.4,0
135.83,11,withdrawal,0,1296,3,34.33,0
42.72,11,purchase,0,3495,0,1.6,0
36.63,21,transfer,1,692,0,25.75,0
43.2,12,purchase,0,772,1,6.94,0
94.07,15,purchase,0,366,4,9.15,0
80.76,11,purchase,0,3011,2,1.45,0
21.56,9,purchase,0,453,6,15.51,0
76.04,9,purchase,0,3289,1,11.12,0
58.28,9,withdrawal,0,2042,2,46.42,0
10.96,6,transfer,0,966,2,1.33,0
80.27,17,purchase,1,48,3,0.72,0
74.05,7,online,0,1536,0,12.6,0
21.94,12,purchase,0,3295,3,16.33,0
47.06,15,purchase,1,431,4,5.35,0
40.28,22,purchase,0,1875,1,61.02,0
43.83,22,transfer,0,1934,1,8.87,0
157.22,22,purchase,0,1259,4,52.47,0
26.01,13,purchase,0,2837,1,5.54,0
197.69,20,transfer,0,148,2,11.81,0
64.95,9,withdrawal,0,1892,1,1.07,0
154.16,10,purchase,0,2770,3,0.64,0
45.5,16,purchase,0,402,4,9.39,0
96.87,17,purchase,0,1058,2,3.27,0
21.61,19,online,0,2747,0,19.58,0
133.47,6,purchase,0,1316,3,3.65,0
86.58,22,purchase,0,1033,1,13.86,0
216.49,19,purchase,0,768,2,2.11,0
2.36,13,online,0,355,4,6.52,0
59.63,15,withdrawal,0,935,1,15.83,0
91.35,18,transfer,0,2071,4,13.4,0
92.02,9,purchase,0,2420,4,6.25,0
66.84,14,purchase,0,1496,0,8.83,0
74.52,15,purchase,0,2109,2,10.32,0
33.08,7,purchase,0,2305,0,11.84,0
129.95,21,transfer,1,2088,2,5.66,0
69.63,19,purchase,0,2447,2,20.91,0
31.58,22,withdrawal,0,1399,2,17.31,0
43.46,9,transfer,0,3464,2,19.24,0
87.54,21,purchase,0,3373,2,2.61,0
94.02,19,withdrawal,0,266,2,10.14,0
112.39,15,purchase,0,1722,0,27.04,0
87.07,16,purchase,0,3184,0,31.65,0
148.83,9,purchase,0,1949,0,0.36,0
62.26,7,withdrawal,0,2487,3,14.51,0
37.03,10,purchase,0,2862,3,42.27,0
40.34,19,online,0,1879,3,26.17,0
43.58,10,withdrawal,0,533,2,4.01,0
48.98,19,purchase,0,1230,1,5.08,0
262.42,12,purchase,0,2985,2,1.22,0
152.43,11,purchase,0,1937,0,8.43,0
108.37,16,transfer,0,454,0,20.29,0
6.95,7,purchase,1,2547,1,13.64,0
23.65,15,purchase,0,3541,2,3.18,0
136.18,22,purchase,0,2279,0,33.18,0
79.11,18,purchase,0,3579,3,73.32,0
52.96,14,purchase,0,239,1,14.48,0
37.99,8,withdrawal,0,249,3,61.89,0
88.35,6,purchase,0,2375,0,12.33,0
29.02,11,purchase,0,1892,0,19.06,0
65.46,20,online,0,203,2,50.59,0
27.86,20,purchase,0,3266,1,29.69,0
1.83,11,transfer,0,3185,1,26.05,0
859.91,1,purchase,1,361,8,54.29,1
41.08,7,purchase,0,679,1,4.41,0
39.86,12,online,0,3319,1,12.65,0
93.11,9,purchase,0,1476,0,11.73,0
69.3,8,purchase,1,2540,2,4.41,0
117.44,16,withdrawal,0,2800,0,18.96,0
102.26,20,online,0,415,1,12.39,0
15.49,12,purchase,1,802,0,28.79,0
9.79,13,purchase,0,2216,3,1.17,0
87.78,17,purchase,0,1319,0,12.68,0
246.84,22,online,1,134,8,97.12,1
105.49,11,online,0,3284,1,4.83,0
51.94,22,purchase,0,2740,3,3.82,0
24.76,14,purchase,0,3540,4,4.97,0
126.6,22,purchase,0,78,0,5.12,0
31.63,19,transfer,0,2714,1,11.22,0
115.61,20,purchase,0,1727,4,23.6,0
89.47,21,purchase,0,200,2,5.13,0
16.5,21,purchase,0,1986,3,5.22,0
674.6,5,withdrawal,0,336,4,235.3,1
96.62,10,purchase,0,566,1,31.36,0
41.26,17,purchase,0,2710,1,23.44,0
45.51,19,transfer,0,1695,3,2.07,0
42.57,22,purchase,1,988,3,14.33,0
67.79,19,transfer,0,450,6,3.63,0
15.94,12,purchase,0,1651,3,21.29,0
40.79,10,withdrawal,0,216,4,5.42,0
6.79,9,purchase,0,2118,2,14.1,0
57.89,11,purchase,0,1978,4,16.91,0
19.98,15,online,0,3197,4,55.44,0
278.62,9,withdrawal,0,2903,1,9.98,0
193.61,9,transfer,0,2219,1,21.49,0
36.29,15,purchase,0,3409,2,9.7,0
30.85,18,purchase,0,3180,0,1.04,0
16.25,11,purchase,0,591,4,5.51,0
24.61,17,purchase,0,691,3,21.18,0
6.9,22,withdrawal,0,3243,1,4.24,0
17.17,11,withdrawal,0,3157,3,8.79,0
21.92,22,transfer,0,912,2,3.73,0
31.12,18,purchase,1,1871,2,83.48,0
44.04,6,withdrawal,0,1851,1,16.23,0
82.6,18,purchase,0,659,3,33.73,0
248.15,14,purchase,0,1440,0,1.7,0
56.16,10,purchase,0,440,2,8.94,0
43.78,8,transfer,0,1162,0,4.64,0
193.63,22,purchase,0,184,0,15.19,0
63.96,10,purchase,0,3027,6,22.06,0
126.55,16,withdrawal,0,3469,3,20.95,0
143.18,22,withdrawal,0,138,1,27.12,0
59.59,19,purchase,0,507,0,76.92,0
26.28,12,withdrawal,0,1385,0,26.74,0
103.36,9,online,0,3334,3,6.58,0
92.47,13,purchase,0,2521,4,42.55,0
83.06,13,purchase,0,2607,1,2.06,0
27.66,22,online,0,1288,1,2.83,0
61.71,16,online,0,2612,3,5.59,0
68.05,13,online,0,2898,2,50.03,0
187.35,16,purchase,0,1862,1,50.22,0
126.86,20,withdrawal,0,2221,2,0.7,0
94.91,20,purchase,0,3103,0,0.63,0
244.97,22,online,0,3191,4,12.37,0
20.09,22,withdrawal,0,810,2,5.83,0
73.57,18,transfer,0,2039,2,3.31,0
166.76,12,withdrawal,0,2761,1,22.36,0
21.8,14,purchase,1,2292,3,19.47,0
46.85,13,transfer,0,344,0,10.56,0
5.56,14,transfer,0,1862,3,4.33,0
132.13,6,withdrawal,1,1357,0,1.01,0
63.31,13,purchase,0,1501,2,4.16,0
239.6,15,online,1,141,3,176.65,1
85.33,14,purchase,0,462,4,9.41,0
179.38,13,online,0,1383,1,3.53,0
25.61,6,purchase,0,1035,3,0.96,0
25.41,19,purchase,0,1062,1,0.39,0
132.53,7,purchase,0,1212,4,3.16,0
9.22,9,online,0,1334,2,2.42,0
95.76,9,purchase,0,1982,2,14.35,0
22.05,19,withdrawal,0,1383,0,18.34,0
41.59,8,purchase,0,1363,1,23.44,0
33.78,14,purchase,0,3611,4,5.66,0
105.59,12,purchase,0,2461,1,9.5,0
9.95,16,purchase,0,1635,2,6.53,0
111.26,22,online,0,2956,0,10.25,0
101.15,6,online,0,3371,1,3.5,0
88.85,7,withdrawal,0,3223,2,0.41,0
172.32,9,purchase,0,3424,4,19.56,0
108.2,12,withdrawal,0,2552,5,22.49,0
678.47,7,online,1,278,9,647.6,1
91.17,20,withdrawal,0,648,1,10.08,0
61.07,17,purchase,0,1672,2,10.18,0
42.99,16,withdrawal,0,506,4,16.02,0
100.0,18,purchase,0,2325,2,11.0,0
68.87,15,withdrawal,0,3435,2,5.58,0
58.51,11,purchase,0,2787,2,2.08,0
50.48,15,withdrawal,0,3050,4,1.67,0
28.21,8,purchase,0,2022,2,2.08,0
31.43,19,withdrawal,0,1803,1,5.39,0
70.91,22,transfer,0,3507,1,5.67,0
14.34,14,online,0,564,2,10.8,0
12.06,19,purchase,0,158,1,0.31,0
66.44,20,purchase,0,777,2,7.42,0
46.32,21,online,0,669,0,2.03,0
184.57,8,purchase,0,40,4,1.68,0
101.33,11,transfer,0,1299,2,34.68,0
24.11,16,purchase,0,509,1,18.36,0
41.53,14,withdrawal,0,2516,3,8.89,0
98.13,22,purchase,0,1700,3,8.78,0
43.59,18,transfer,0,3053,1,0.72,0
64.41,11,withdrawal,1,3258,2,32.99,0
35.7,9,purchase,0,202,2,10.81,0
98.93,22,purchase,0,2759,2,11.97,0
43.23,18,transfer,0,1817,2,2.37,0
80.06,21,transfer,0,687,4,5.09,0
39.88,13,online,0,2443,2,8.66,0
35.54,10,purchase,0,210,1,12.29,0
64.63,18,purchase,0,1261,5,14.01,0
58.17,22,purchase,0,2879,0,6.98,0
22.99,7,purchase,0,1881,5,7.22,0
55.91,15,transfer,0,2872,2,3.61,0
99.84,6,purchase,0,185,2,3.44,0
8.03,18,transfer,1,2384,1,20.62,0
33.86,15,online,0,2096,3,58.4,0
39.74,15,withdrawal,0,1851,2,53.88,0
28.35,20,purchase,0,469,0,7.69,0
29.34,15,purchase,0,2265,3,13.09,0
119.88,6,online,0,1189,3,23.82,0
50.33,17,withdrawal,0,1610,1,0.67,0
72.05,6,purchase,0,413,2,1.24,0
84.42,16,withdrawal,0,3495,1,12.89,0
36.09,18,purchase,0,3191,1,9.58,0
70.89,19,purchase,0,3224,3,4.1,0
52.55,15,online,0,1471,1,3.73,0
159.13,18,withdrawal,0,2225,3,20.14,0
103.8,6,transfer,0,1188,0,31.12,0
46.59,8,withdrawal,0,2698,0,18.11,0
33.13,10,purchase,0,799,1,14.95,0
128.29,12,transfer,0,1498,2,48.57,0
44.84,6,purchase,0,404,3,20.8,0
96.54,19,purchase,0,1029,4,26.17,0
112.56,14,purchase,0,174,3,2.17,0
139.59,10,transfer,0,2608,2,7.66,0
87.09,14,purchase,0,3567,3,5.2,0
116.1,11,transfer,0,367,2,27.83,0
51.62,21,withdrawal,0,1473,3,3.53,0
377.76,20,purchase,0,1793,3,30.8,0
131.66,22,purchase,0,865,6,13.62,0
50.23,17,purchase,0,2618,1,38.4,0
21.7,11,withdrawal,0,42,3,46.71,0
54.07,17,withdrawal,0,3034,3,70.43,0
111.06,18,online,0,2319,6,39.84,0
22.07,19,purchase,0,1652,1,13.12,0
41.3,12,transfer,1,1696,4,9.09,0
58.29,14,purchase,1,1734,1,13.32,0
116.57,22,online,0,3483,1,25.67,0
18.49,9,transfer,0,653,1,5.48,0
19.96,22,purchase,0,2586,3,26.44,0
59.86,15,purchase,0,1615,2,2.32,0
24.28,6,purchase,1,1253,1,17.87,0
11.99,21,purchase,0,2286,3,12.52,0
3.17,12,purchase,0,2563,2,11.48,0
51.75,14,purchase,0,517,0,1.58,0
1609.35,5,online,0,157,8,53.73,1
24.43,20,purchase,0,2976,0,4.28,0
54.47,16,transfer,0,678,2,1.36,0
13.94,21,purchase,0,2920,2,18.55,0
84.31,21,online,0,3088,0,12.77,0
114.66,17,online,0,1481,2,1.42,0
27.94,7,transfer,0,3053,3,0.53,0
73.97,14,purchase,0,1077,1,10.14,0
12.36,19,purchase,0,278,3,15.98,0
106.12,19,withdrawal,0,2632,0,11.78,0
20.98,20,purchase,0,3562,4,6.06,0
59.34,7,online,0,322,2,6.36,0
14.8,19,purchase,0,924,2,59.13,0
34.96,16,transfer,0,1992,1,31.58,0
63.44,10,purchase,0,574,0,6.99,0
134.84,12,transfer,0,962,0,3.59,0
122.95,20,purchase,0,959,1,26.48,0
10.42,11,purchase,0,932,4,8.18,0
107.06,16,online,0,3304,0,42.5,0
63.91,18,purchase,0,478,1,30.09,0
58.61,7,withdrawal,0,218,1,17.49,0
83.88,22,purchase,1,222,4,17.98,0
71.48,20,withdrawal,0,994,3,1.88,0
43.63,8,purchase,0,2986,2,20.08,0
89.82,18,online,0,1740,0,3.0,0
176.82,7,purchase,0,2042,2,40.57,0
35.89,20,purchase,0,1389,3,5.6,0
67.08,7,purchase,0,2364,5,4.91,0
178.98,16,purchase,0,3363,2,2.05,0
139.11,22,purchase,0,2734,2,15.82,0
38.68,19,purchase,0,1112,2,9.95,0
90.06,12,online,0,162,2,67.85,0
53.64,15,purchase,0,922,2,14.96,0
77.45,22,withdrawal,0,2616,2,12.57,0
44.92,18,transfer,0,2761,0,0.07,0
112.7,8,purchase,0,1902,2,36.09,0
84.39,12,purchase,0,1534,2,10.73,0
54.69,22,withdrawal,0,591,3,22.47,0
94.05,11,online,0,3573,1,6.87,0
56.45,20,online,0,386,2,0.04,0
81.76,15,online,0,3195,1,20.92,0
58.47,16,purchase,0,2557,1,5.56,0
40.74,8,purchase,0,1774,1,5.69,0
94.71,6,transfer,0,1846,5,10.69,0
44.8,16,online,0,3191,0,33.63,0
131.15,17,transfer,0,209,1,6.04,0
98.78,18,withdrawal,0,1796,1,2.5,0
46.41,21,purchase,0,2871,1,30.35,0
15.88,19,withdrawal,0,2529,2,42.49,0
75.28,11,purchase,0,966,1,0.87,0
8.5,9,online,0,954,1,14.06,0
150.61,12,online,0,2907,0,6.88,0
282.16,17,purchase,0,660,2,2.97,0
123.53,10,transfer,0,2973,5,21.95,0
64.36,17,transfer,0,80,2,27.04,0
73.57,8,purchase,0,755,3,4.08,0
41.76,19,withdrawal,0,1269,2,1.26,0
10.25,7,purchase,0,1273,2,47.21,0
57.81,11,purchase,0,1336,1,0.68,0
70.74,12,withdrawal,0,3270,3,5.97,0
30.0,19,purchase,0,200,2,3.77,0
23.22,10,purchase,0,295,2,0.55,0
23.76,16,transfer,0,2226,0,17.76,0
86.72,13,purchase,0,3402,2,17.29,0
98.41,6,purchase,0,1142,3,9.02,0
133.61,10,purchase,0,2965,2,49.43,0
18.19,17,withdrawal,0,2580,2,9.36,0
11.7,16,transfer,0,369,1,18.82,0
77.25,15,online,1,3625,0,20.79,0
1031.77,20,withdrawal,1,14,10,264.02,1
108.24,9,online,0,2895,2,24.76,0
47.8,14,transfer,0,1096,2,34.88,0
58.52,16,withdrawal,0,3505,1,17.87,0
43.23,9,purchase,1,1360,1,5.81,0
181.12,16,transfer,1,1031,3,6.78,0
86.52,7,purchase,0,821,2,12.7,0
43.48,17,purchase,0,540,2,2.95,0
57.35,21,transfer,0,2586,2,3.75,0
35.27,6,purchase,0,580,1,3.81,0
110.97,8,purchase,0,1046,1,8.08,0
227.55,15,transfer,0,1016,3,15.45,0
76.21,17,purchase,0,994,0,65.65,0
29.8,6,purchase,0,3486,1,6.41,0
44.7,17,online,0,1674,2,1.79,0
11.61,12,transfer,0,3548,5,11.18,0
30.11,14,online,0,1036,5,11.94,0
93.42,11,purchase,1,2793,2,0.61,0
14.73,7,withdrawal,0,3580,1,7.9,0
24.84,10,online,0,2796,0,0.4,0
157.0,6,transfer,0,2139,2,23.47,0
115.26,13,purchase,0,2628,4,1.61,0
98.0,11,online,0,1319,1,4.97,0
24.49,20,purchase,0,3515,1,1.53,0
31.63,11,transfer,0,460,3,1.65,0
146.63,14,purchase,0,1979,3,33.08,0
135.18,15,withdrawal,0,1065,2,2.12,0
22.9,16,purchase,0,1789,0,17.44,0
31.73,9,purchase,0,1020,0,28.61,0
57.94,10,purchase,0,3498,1,2.81,0
222.43,21,purchase,0,2245,1,6.79,0
93.22,18,purchase,0,949,2,0.22,0
21.84,15,purchase,0,3562,0,2.01,0
25.15,17,purchase,0,2156,4,52.44,0
75.37,11,purchase,0,1204,1,2.61,0
865.86,8,online,0,17,6,422.25,1
10.56,19,purchase,0,3564,2,5.04,0
9.27,9,transfer,0,1307,1,10.87,0
103.36,8,purchase,0,3066,3,9.12,0
10.82,6,withdrawal,0,2753,3,4.19,0
142.07,22,withdrawal,0,31,6,17.47,0
102.53,7,transfer,0,3344,2,21.72,0
50.9,21,online,0,390,1,5.64,0
20.66,19,transfer,0,3608,0,44.54,0
30.34,14,online,0,896,2,5.9,0
71.82,14,purchase,0,3507,4,15.3,0
16.35,16,purchase,1,1130,1,15.94,0
57.64,20,purchase,0,2510,2,1.57,0
3.84,7,online,0,1036,1,10.59,0
68.97,9,purchase,1,2432,1,4.84,0
47.48,20,online,0,2818,2,39.3,0
294.88,9,purchase,0,2230,4,54.12,0
143.2,21,transfer,0,3303,2,1.03,0
98.85,19,withdrawal,0,1450,2,3.8,0
26.81,13,transfer,1,2247,3,17.02,0
138.73,22,purchase,0,1070,2,21.68,0
51.39,6,transfer,0,932,3,3.6,0
70.77,6,withdrawal,0,1672,2,20.3,0
50.41,19,purchase,0,3641,1,22.91,0
54.42,16,purchase,0,1319,6,8.9,0
69.09,12,purchase,0,3266,4,3.58,0
29.67,7,transfer,0,1945,1,33.05,0
162.23,11,purchase,0,3229,4,5.84,0
57.91,11,purchase,0,610,3,54.37,0
70.86,12,online,0,2553,0,0.84,0
67.29,10,purchase,0,2850,1,17.25,0
55.75,7,purchase,0,2921,1,0.24,0
114.49,19,transfer,0,2821,4,13.44,0
98.33,22,online,0,444,0,5.51,0
150.76,16,purchase,0,2596,0,30.37,0
73.51,21,purchase,0,2363,4,1.39,0
239.0,20,online,0,728,4,36.01,0
51.34,14,purchase,0,2560,3,8.2,0
134.91,10,online,0,3300,3,25.54,0
128.18,18,purchase,0,1358,4,3.69,0
110.9,12,transfer,1,1058,4,6.24,0
12.32,11,purchase,0,2485,3,6.11,0
20.35,9,online,0,2508,0,6.21,0
49.3,10,purchase,0,300,4,28.86,0
77.44,16,withdrawal,0,538,1,3.38,0
124.79,13,withdrawal,0,426,1,34.14,0
110.1,13,online,0,1301,3,6.1,0
38.02,20,purchase,0,915,1,9.51,0
147.68,7,withdrawal,0,436,0,0.07,0
61.36,10,purchase,0,1429,2,18.15,0
79.65,18,purchase,0,1143,4,26.08,0
120.19,21,withdrawal,0,2035,1,6.1,0
57.66,15,purchase,0,150,1,11.04,0
95.61,17,purchase,0,3382,0,10.79,0
113.46,11,purchase,0,866,2,3.88,0
92.75,14,purchase,0,2157,0,1.98,0
12.87,22,purchase,0,1270,3,7.68,0
177.6,10,withdrawal,0,1193,3,2.1,0
111.99,17,withdrawal,0,2626,3,9.07,0
34.87,21,purchase,0,446,1,7.26,0
273.38,17,purchase,0,1940,1,0.61,0
23.09,12,transfer,0,3296,2,25.04,0
1445.18,6,online,1,168,7,54.81,1
109.58,21,online,0,3147,3,13.53,0
74.26,14,transfer,1,1951,0,6.95,0
59.62,10,purchase,0,2967,2,41.27,0
31.78,20,withdrawal,0,3185,3,41.68,0
224.02,10,transfer,0,3268,0,24.46,0
23.91,16,withdrawal,0,1579,1,4.48,0
26.53,10,purchase,0,495,1,3.11,0
28.38,6,transfer,0,2024,2,7.61,0
68.47,18,purchase,0,743,3,2.66,0
32.23,15,purchase,0,2916,2,1.75,0
118.04,8,purchase,0,2283,3,3.9,0
184.19,22,purchase,0,845,0,66.72,0
137.64,19,purchase,0,754,1,4.93,0
153.25,20,purchase,0,251,5,12.15,0
70.9,10,purchase,0,330,1,60.45,0
92.67,11,purchase,0,1777,1,8.6,0
17.06,18,purchase,0,3588,2,12.27,0
35.2,9,online,0,1459,1,10.37,0
27.62,14,transfer,0,2473,5,6.19,0
106.01,9,transfer,0,2421,2,4.04,0
11.93,11,transfer,0,2593,5,0.79,0
26.41,7,transfer,0,2266,2,6.23,0
73.83,18,withdrawal,0,2225,1,0.07,0
37.9,20,purchase,0,1739,0,21.44,0
83.43,20,withdrawal,0,811,3,10.52,0
21.6,19,purchase,0,2101,1,12.18,0
133.84,9,online,0,1318,6,11.72,0
69.95,20,purchase,0,957,0,96.02,0
16.55,12,purchase,0,1045,1,5.37,0
101.28,19,online,0,2916,4,5.96,0
75.83,18,purchase,0,3046,1,24.18,0
88.82,19,purchase,0,1486,1,4.13,0
77.65,6,purchase,0,2385,2,6.38,0
15.04,18,purchase,0,3557,1,12.68,0
59.66,12,purchase,0,1001,3,2.15,0
24.45,8,withdrawal,0,525,1,28.69,0
15.96,9,withdrawal,0,2527,3,1.74,0
156.25,20,purchase,0,247,1,0.88,0
63.1,17,purchase,0,2044,4,3.68,0
92.8,21,online,0,2740,2,3.34,0
125.94,6,purchase,0,2955,1,13.02,0
64.81,10,purchase,0,2300,1,34.83,0
70.21,17,transfer,0,2623,1,13.96,0
28.57,18,purchase,0,2929,0,4.18,0
29.41,19,purchase,0,2124,1,3.81,0
49.21,22,purchase,0,2982,0,67.05,0
48.98,8,purchase,0,785,0,22.48,0
34.26,12,purchase,0,3034,4,20.84,0
45.59,6,withdrawal,0,802,1,0.05,0
51.82,11,purchase,0,3123,0,42.97,0
201.63,11,withdrawal,0,2022,3,12.87,0
45.16,7,purchase,0,1604,4,10.19,0
57.92,17,purchase,0,155,0,4.59,0
12.46,16,purchase,0,3395,4,18.67,0
27.61,19,transfer,0,205,4,55.54,0
114.76,15,transfer,0,2584,5,17.75,0
30.7,14,withdrawal,0,200,1,1.93,0
1.58,6,transfer,0,1947,0,9.84,0
47.38,12,transfer,0,3066,3,3.15,0
37.14,6,transfer,0,1030,1,15.24,0
133.68,19,purchase,0,1199,2,18.68,0
55.48,13,withdrawal,0,76,0,12.42,0
60.14,7,withdrawal,0,1593,3,7.81,0
171.48,21,purchase,1,2411,0,8.8,0
73.67,16,online,0,3356,3,25.98,0
45.44,11,purchase,0,2075,1,11.17,0
22.16,13,online,1,563,0,12.6,0
25.24,14,purchase,0,3467,3,20.93,0
61.9,9,online,0,2943,3,5.81,0
98.05,10,purchase,0,1631,1,9.57,0
50.21,21,purchase,0,1799,0,18.07,0
58.64,16,purchase,0,1073,2,29.22,0
26.07,21,transfer,0,1616,2,5.14,0
26.67,9,purchase,0,1039,1,16.75,0
8.2,8,transfer,0,2927,0,4.65,0
14.71,7,withdrawal,0,1996,5,7.25,0
113.6,11,purchase,0,1274,2,30.64,0
100.03,12,withdrawal,0,3261,1,13.71,0
423.99,5,withdrawal,0,358,6,130.35,1
104.44,17,purchase,0,2149,0,30.47,0
12.85,21,purchase,0,3363,3,6.96,0
112.72,9,transfer,0,802,0,17.27,0
78.65,8,withdrawal,0,1486,2,39.54,0
73.32,10,withdrawal,0,2064,1,2.59,0
91.71,19,purchase,0,1501,1,34.66,0
141.61,10,purchase,0,1338,3,4.06,0
48.41,17,purchase,0,1148,3,6.35,0
421.43,17,online,0,20,7,287.77,1
131.33,22,purchase,0,1662,2,13.19,0
10.42,21,online,0,3595,2,13.42,0
34.78,9,purchase,0,1583,0,21.01,0
47.33,6,transfer,0,2029,3,2.45,0
34.36,16,purchase,0,101,2,6.83,0
116.32,19,transfer,0,3090,1,3.02,0
158.17,12,purchase,0,273,3,0.41,0
271.35,9,online,1,282,9,378.82,1
26.35,10,purchase,0,1088,3,1.86,0
75.83,12,withdrawal,0,611,1,1.97,0
16.98,8,transfer,0,3021,1,6.89,0
60.66,13,purchase,0,515,5,18.75,0
135.38,8,transfer,0,3143,1,24.47,0
140.75,8,purchase,0,1685,1,3.68,0
61.8,7,online,0,2073,1,2.46,0
13.67,9,online,0,1797,1,4.38,0
160.29,17,purchase,0,2420,2,8.7,0
121.48,14,purchase,0,1717,1,25.12,0
112.11,18,purchase,0,2467,3,2.58,0
39.78,7,withdrawal,0,2809,1,15.05,0
1.38,14,purchase,0,2497,2,6.34,0
69.94,15,withdrawal,0,936,1,12.2,0
73.08,8,purchase,0,3457,3,9.58,0
46.94,14,withdrawal,0,1337,3,6.94,0
141.32,8,online,0,3109,0,9.62,0
16.77,19,online,0,3034,2,34.73,0
91.93,12,withdrawal,0,2266,2,0.07,0
348.66,20,withdrawal,0,64,2,2.54,0
145.28,12,purchase,0,768,3,18.35,0
27.42,15,purchase,0,2975,1,5.95,0
103.83,18,purchase,0,3109,2,10.06,0
71.09,9,purchase,0,2367,1,0.93,0
89.67,10,purchase,0,2870,4,16.81,0
19.86,8,withdrawal,0,917,3,8.98,0
105.54,13,transfer,0,2081,1,17.45,0
32.52,16,purchase,0,3601,0,6.06,0
35.32,19,transfer,1,2991,1,73.56,0
17.82,12,purchase,0,2686,0,3.12,0
17.23,15,purchase,0,1158,6,11.45,0
10.99,18,withdrawal,0,211,2,3.84,0
22.63,18,transfer,0,3491,0,17.78,0
57.92,7,withdrawal,0,1034,1,22.04,0
159.68,13,withdrawal,0,934,3,14.79,0
141.98,13,online,0,1862,2,17.68,0
22.31,9,withdrawal,0,711,3,19.34,0
52.98,12,purchase,0,2413,3,2.16,0
85.36,14,withdrawal,0,546,3,2.78,0
19.24,7,purchase,0,2843,5,11.4,0
49.91,10,withdrawal,0,2255,1,7.18,0
50.47,16,transfer,0,280,3,1.82,0
212.86,10,transfer,0,1112,3,27.87,0
27.7,16,purchase,0,2574,1,20.67,0
64.94,14,online,0,621,2,8.4,0
59.71,13,online,0,1213,4,33.66,0
100.99,12,purchase,0,3142,5,4.16,0
143.5,16,online,0,3536,1,15.12,0
135.07,20,withdrawal,0,2783,2,20.86,0
144.8,13,online,0,298,1,8.88,0
262.86,13,purchase,0,2439,1,7.89,0
33.5,16,online,0,2859,2,21.06,0
139.68,8,withdrawal,0,1212,1,8.74,0
28.18,21,withdrawal,0,1897,0,18.82,0
47.1,19,online,0,2452,2,33.71,0
93.23,18,withdrawal,0,3599,2,25.16,0
136.71,22,transfer,0,1696,3,10.26,0
13.74,15,purchase,0,2960,1,7.84,0
117.46,16,purchase,0,734,2,9.34,0
13.76,13,withdrawal,0,298,5,3.57,0
111.2,13,withdrawal,0,779,2,1.82,0
28.34,10,online,1,1614,3,17.83,0
49.38,12,withdrawal,0,1844,3,8.61,0
245.81,13,purchase,0,3335,3,11.94,0
35.37,7,purchase,0,1455,5,1.92,0
478.56,8,purchase,0,353,6,20.33,1
49.88,20,purchase,0,1050,2,7.98,0
37.02,19,online,0,2068,4,5.64,0
201.84,21,purchase,0,123,1,2.21,0
67.04,22,online,0,1585,0,10.03,0
11.95,9,purchase,0,1237,0,5.06,0
122.92,14,withdrawal,0,1546,3,13.71,0
221.24,8,purchase,0,3494,0,7.07,0
80.62,21,purchase,0,995,3,16.34,0
59.44,11,transfer,0,2837,2,8.65,0
235.57,12,transfer,0,2118,1,4.46,0
89.73,7,purchase,0,483,1,14.98,0
170.94,21,withdrawal,0,3574,1,39.16,0
77.3,14,withdrawal,0,1912,3,2.94,0
82.67,22,purchase,0,2431,1,0.39,0
21.16,15,purchase,0,1534,0,47.64,0
89.78,8,online,0,1911,2,0.75,0
35.72,19,transfer,0,1827,3,20.29,0
64.46,12,withdrawal,0,755,2,1.7,0
31.92,7,transfer,1,618,3,25.11,0
78.05,11,purchase,0,2648,2,2.8,0
56.05,7,purchase,0,3340,5,19.21,0
76.64,18,withdrawal,0,1184,1,12.61,0
161.45,14,withdrawal,0,3494,1,9.51,0
90.17,21,online,0,111,1,7.47,0
56.32,12,withdrawal,0,2636,0,10.85,0
49.7,16,withdrawal,0,3300,1,3.17,0
27.86,14,purchase,0,207,2,9.76,0
38.05,17,purchase,0,489,1,31.69,0
93.62,16,purchase,0,1354,3,31.81,0
136.99,9,purchase,0,772,2,5.94,0
188.76,11,purchase,0,2304,2,1.88,0
228.29,15,purchase,0,1583,1,15.47,0
64.23,18,online,0,3278,1,13.38,0
135.3,11,purchase,0,2052,1,9.32,0
109.79,17,withdrawal,0,898,2,9.87,0
106.74,10,withdrawal,0,2825,2,32.77,0
61.19,7,online,0,1960,2,1.23,0
57.97,18,purchase,0,1248,1,2.22,0
130.9,14,purchase,0,1794,1,17.0,0
132.03,21,withdrawal,0,1699,1,32.06,0
129.76,12,purchase,1,1592,1,17.74,0
32.97,19,purchase,0,533,4,0.95,0
69.77,19,purchase,0,262,1,19.74,0
18.84,20,withdrawal,0,149,1,21.31,0
19.03,6,purchase,0,3503,2,17.13,0
18.5,11,purchase,0,3168,1,15.2,0
42.15,6,transfer,0,2955,0,17.94,0
106.26,7,purchase,0,2892,2,10.08,0
25.8,6,purchase,0,1173,2,8.57,0
97.37,10,transfer,0,3376,2,38.28,0
123.57,9,withdrawal,0,2730,3,14.49,0
9.61,18,purchase,0,3357,1,27.04,0
66.99,6,purchase,0,1449,2,0.35,0
107.3,19,purchase,0,1272,1,2.53,0
96.93,14,transfer,0,1273,2,5.71,0
124.67,18,purchase,0,2959,0,54.22,0
93.82,22,transfer,0,2918,1,15.55,0
142.92,9,withdrawal,0,3236,2,8.41,0
25.74,22,purchase,0,2723,5,12.9,0
11.11,12,withdrawal,0,1772,2,41.34,0
45.92,14,purchase,0,3278,3,46.64,0
17.71,7,withdrawal,0,77,3,3.23,0
86.65,6,purchase,0,3421,6,4.08,0
89.08,19,transfer,0,147,1,4.43,0
21.24,17,purchase,0,2007,3,37.57,0
52.66,7,online,0,422,4,10.41,0
72.7,7,purchase,0,973,1,11.67,0
140.21,8,purchase,0,931,3,17.24,0
92.6,12,online,0,992,2,6.28,0
265.22,22,purchase,1,566,5,18.77,0
36.55,8,purchase,0,2732,2,19.8,0
52.0,21,purchase,0,2899,4,1.84,0
76.32,22,online,0,3312,1,2.74,0
58.18,11,online,0,3540,2,2.37,0
6.92,6,transfer,0,1158,2,9.25,0
133.2,8,withdrawal,0,289,0,0.07,0
47.99,19,online,0,2393,1,29.12,0
78.55,19,purchase,0,1169,3,2.0,0
47.63,13,purchase,0,609,1,42.56,0
43.28,13,purchase,0,1027,1,1.19,0
61.75,21,withdrawal,0,281,2,13.54,0
22.04,18,withdrawal,0,1055,3,0.85,0
135.0,14,purchase,0,643,7,15.57,0
25.19,22,transfer,0,1810,2,1.84,0
205.07,20,purchase,1,248,2,10.3,0
46.2,10,purchase,0,2639,2,0.93,0
103.3,7,transfer,0,277,1,10.0,0
54.1,15,online,0,922,3,17.32,0
207.87,11,purchase,0,2174,2,38.19,0
25.23,6,transfer,0,2959,3,13.85,0
74.05,21,purchase,0,2517,2,9.17,0
25.7,15,transfer,0,2125,3,11.56,0
114.99,6,purchase,0,3268,2,13.21,0
75.49,18,purchase,0,1347,2,9.53,0
208.78,10,transfer,0,1760,2,20.84,0
62.8,10,online,0,754,0,31.21,0
204.24,6,transfer,0,487,1,10.35,0
17.01,8,purchase,0,2123,0,7.64,0
93.33,20,transfer,0,1349,4,12.92,0
46.13,17,purchase,0,1796,1,12.72,0
20.73,21,purchase,0,3230,4,6.55,0
35.81,16,withdrawal,0,2459,3,56.09,0
80.3,14,purchase,0,969,2,13.52,0
110.03,17,purchase,1,3024,2,31.27,0
121.18,8,purchase,0,408,2,38.58,0
40.03,17,purchase,0,259,1,15.49,0
94.49,8,withdrawal,0,3339,5,5.81,0
91.59,17,online,0,1076,2,19.47,0
79.07,11,online,0,763,0,16.23,0
89.46,22,purchase,0,3531,0,41.18,0
193.39,21,purchase,0,227,0,60.17,0
52.69,7,purchase,0,1162,0,3.36,0
51.9,15,purchase,0,2765,2,18.47,0
760.73,13,online,1,213,9,2.84,1
66.99,7,transfer,0,1759,1,36.09,0
77.78,13,online,0,1276,2,19.92,0
44.86,20,purchase,0,946,2,7.84,0
230.08,14,transfer,0,2066,1,9.2,0
71.96,21,transfer,0,32,1,8.87,0
2.62,15,online,0,694,1,8.88,0
176.06,22,purchase,0,2702,1,11.95,0
201.27,17,withdrawal,0,1331,4,16.21,0
199.02,15,purchase,0,3455,1,37.46,0
93.76,21,purchase,0,105,3,6.66,0
33.29,15,transfer,0,3045,3,0.09,0
17.68,10,transfer,0,867,3,28.47,0
93.61,10,purchase,0,2748,0,22.12,0
85.27,21,purchase,0,2058,4,23.78,0
638.8,1,online,1,159,1,139.64,1
37.84,20,withdrawal,0,561,2,8.63,0
51.28,11,withdrawal,0,134,1,17.3,0
50.38,13,purchase,0,1763,2,0.7,0
9.42,8,transfer,0,321,1,0.68,0
247.21,18,purchase,0,2378,0,4.41,0
142.55,17,purchase,0,1658,0,58.25,0
7.31,18,online,0,1196,0,21.07,0
50.06,8,transfer,0,1134,1,9.34,0
52.66,13,online,0,2131,1,4.74,0
8.49,10,transfer,0,1215,2,14.7,0
83.67,21,withdrawal,0,985,3,6.33,0
40.24,6,purchase,0,2882,0,18.95,0
76.8,22,transfer,0,2298,3,1.35,0
24.92,21,purchase,0,2145,0,1.09,0
135.55,22,online,0,2866,3,12.12,0
28.73,19,purchase,0,1100,2,0.71,0
142.33,10,purchase,0,2890,2,17.22,0
19.04,13,withdrawal,0,750,2,4.09,0
55.29,10,transfer,0,3113,2,3.15,0
51.89,14,purchase,0,2345,0,1.38,0
83.64,8,purchase,0,708,0,79.04,0
168.68,13,withdrawal,0,2267,1,20.19,0
118.63,19,purchase,0,927,3,31.8,0
32.65,15,purchase,0,926,2,13.22,0
105.63,18,purchase,0,1220,2,11.45,0
99.4,10,purchase,0,430,1,3.5,0
84.2,16,online,0,1245,1,26.7,0
155.34,11,transfer,0,2978,1,5.16,0
42.77,18,transfer,0,2250,4,7.31,0
94.18,9,purchase,0,3352,0,11.79,0
58.56,8,purchase,0,794,1,27.78,0
48.88,20,purchase,0,991,2,24.08,0
37.07,14,purchase,0,1848,1,12.36,0
573.09,1,transfer,1,152,3,758.07,1
257.37,7,purchase,0,2644,2,19.84,0
68.28,8,purchase,0,3611,2,5.84,0
45.03,10,purchase,0,3044,2,13.05,0
68.58,8,purchase,0,2158,3,6.09,0
45.93,18,purchase,0,2513,4,8.71,0
56.05,17,purchase,0,1306,2,6.99,0
52.81,8,withdrawal,0,1044,3,12.44,0
10.65,20,purchase,0,828,1,2.76,0
146.2,11,withdrawal,0,908,3,1.29,0
80.27,21,withdrawal,0,2770,5,14.54,0
777.94,2,transfer,1,195,7,73.36,1
52.69,6,purchase,0,1324,2,10.19,0
110.0,12,withdrawal,0,1353,1,0.72,0
164.24,6,purchase,0,2365,0,38.01,0
24.85,21,purchase,0,2949,2,14.18,0
151.22,21,transfer,0,2289,4,3.27,0
71.28,9,transfer,0,105,5,7.69,0
67.91,17,purchase,0,2371,2,1.05,0
16.21,19,online,0,600,2,46.73,0
144.57,16,transfer,0,784,1,10.45,0
13.0,8,transfer,0,2176,1,4.25,0
39.81,18,transfer,0,1204,2,0.52,0
33.17,21,withdrawal,0,3513,0,60.93,0
32.42,22,withdrawal,0,87,1,12.51,0
50.22,13,purchase,0,418,3,8.0,0
122.08,22,purchase,0,1165,1,8.06,0
59.17,19,online,0,1703,3,0.33,0
29.17,13,online,0,360,2,20.86,0
33.44,18,withdrawal,0,3560,1,7.52,0
85.69,16,online,0,624,2,34.03,0
127.42,17,purchase,0,1078,1,13.53,0
96.26,14,purchase,0,3071,2,20.39,0
97.78,8,purchase,0,3240,2,17.6,0
131.62,13,withdrawal,0,3558,0,18.14,0
17.54,10,online,0,1175,1,28.4,0
78.99,12,transfer,0,1503,4,1.76,0
98.6,20,withdrawal,0,2498,0,15.19,0
72.93,13,purchase,0,318,1,21.83,0
51.66,11,withdrawal,0,1188,0,1.15,0
394.2,14,online,0,30,10,538.65,1
88.78,6,purchase,0,3503,0,11.21,0
58.95,16,withdrawal,0,2763,0,0.81,0
58.5,7,purchase,0,95,1,1.0,0
21.84,7,purchase,0,1736,4,27.74,0
69.38,10,purchase,0,216,2,4.98,0
92.43,14,online,0,1224,6,22.56,0
56.75,7,online,0,3407,6,25.69,0
58.95,20,purchase,0,3337,2,22.25,0
106.67,19,purchase,0,2044,3,2.37,0
137.4,12,purchase,0,512,0,11.4,0
57.06,22,withdrawal,0,375,2,3.85,0
86.65,9,online,0,3208,1,7.64,0
46.97,15,purchase,0,422,3,14.23,0
150.64,22,purchase,0,2562,4,10.33,0
79.08,13,withdrawal,0,2237,3,17.71,0
52.99,7,transfer,0,3410,3,17.82,0
78.9,18,purchase,0,3396,2,57.03,0
23.33,13,purchase,0,703,2,44.57,0
46.13,13,transfer,0,3032,1,0.59,0
44.05,7,transfer,0,2085,0,38.7,0
41.16,14,transfer,0,3185,4,6.71,0
296.02,13,purchase,0,932,2,31.24,0
171.22,17,purchase,0,3297,1,63.86,0
93.26,21,purchase,0,2573,2,7.69,0
75.39,21,purchase,0,2089,3,1.97,0
100.6,21,withdrawal,1,926,4,57.9,0
85.13,8,purchase,0,3163,5,6.29,0
82.66,14,purchase,0,2608,2,3.51,0
137.98,12,purchase,0,2113,3,7.19,0
93.81,9,purchase,0,149,2,19.19,0
30.92,16,online,0,3648,2,15.46,0
64.68,19,transfer,0,2043,4,12.71,0
159.31,20,purchase,0,1431,1,16.32,0
9.56,6,purchase,0,364,0,28.52,0
61.85,6,online,0,2130,1,3.72,0
41.53,12,purchase,0,1045,1,10.77,0
104.19,15,transfer,0,965,4,13.67,0
114.88,6,online,0,386,2,93.98,0
12.8,9,purchase,0,869,2,0.05,0
119.53,21,withdrawal,0,2417,4,1.75,0
43.18,10,online,0,2605,1,10.75,0
42.27,8,withdrawal,0,1059,3,22.48,0
249.64,7,online,1,25,7,17.03,1
66.51,12,purchase,0,891,1,1.16,0
33.74,21,withdrawal,0,1746,3,23.86,0
28.1,7,purchase,0,2756,2,21.83,0
22.38,14,purchase,0,2840,2,22.77,0
27.02,20,transfer,0,1004,1,2.05,0
152.36,6,withdrawal,0,930,2,5.76,0
26.81,16,purchase,0,3535,2,18.47,0
49.97,15,purchase,0,2205,3,27.16,0
161.92,15,purchase,0,1839,0,35.56,0
117.1,21,online,0,3457,3,25.93,0
153.36,9,purchase,0,2417,1,8.27,0
79.86,10,purchase,0,3154,3,49.26,0
43.05,9,online,0,1471,1,32.17,0
158.2,15,purchase,0,1400,2,16.82,0
35.99,10,purchase,0,1907,1,10.28,0
61.31,9,purchase,0,2677,1,23.06,0
138.99,21,purchase,0,2894,3,51.12,0
390.47,20,purchase,0,986,3,2.09,0
58.19,19,withdrawal,0,736,5,17.46,0
32.33,11,transfer,0,1257,5,4.99,0
44.14,9,transfer,0,2199,2,3.68,0
14.69,22,purchase,0,1990,0,1.19,0
11.0,20,purchase,0,476,3,13.95,0
160.37,19,online,0,3137,1,3.85,0
264.08,12,online,0,1492,2,7.63,0
63.9,15,purchase,0,1084,3,42.18,0
10.07,7,purchase,0,2299,3,10.86,0
154.41,15,purchase,0,2993,3,8.06,0
131.24,13,transfer,0,775,2,19.71,0
30.1,14,transfer,0,1274,0,5.09,0
2321.64,0,online,1,191,5,158.84,1
133.91,6,online,0,2071,1,3.23,0
35.34,10,online,0,3649,3,0.15,0
48.45,6,purchase,0,1519,0,32.15,0
24.4,6,purchase,0,2576,2,2.79,0
94.89,10,online,0,2947,3,29.12,0
77.5,21,withdrawal,0,2905,3,6.99,0
110.49,12,purchase,0,982,0,23.12,0
27.15,11,purchase,0,1757,0,19.32,0
74.43,8,purchase,0,934,1,12.36,0
40.76,21,purchase,0,768,1,9.27,0
104.16,19,purchase,0,2727,2,6.4,0
84.95,8,purchase,0,1111,2,11.79,0
68.7,17,purchase,0,2760,3,12.85,0
51.18,16,purchase,0,808,4,0.2,0
266.09,10,transfer,0,1272,2,19.06,0
57.67,16,online,0,1383,4,8.02,0
34.84,15,transfer,0,2767,2,3.79,0
14.26,16,withdrawal,0,2631,2,7.44,0
35.32,17,withdrawal,0,382,2,7.76,0
39.76,20,purchase,0,712,3,5.97,0
41.58,10,transfer,0,1994,3,20.62,0
46.91,15,purchase,0,338,2,20.92,0
35.09,9,purchase,0,2662,3,21.08,0
666.75,8,online,0,23,3,67.18,1
61.28,8,purchase,0,3554,0,4.22,0
107.87,16,purchase,0,2224,3,35.14,0
88.28,10,online,0,3404,2,30.43,0
105.4,9,purchase,0,1594,1,0.46,0
57.81,7,purchase,0,1895,3,0.66,0
106.62,16,purchase,0,553,2,0.97,0
148.59,10,purchase,0,930,3,1.88,0
7.44,17,withdrawal,0,340,1,15.62,0
27.35,8,purchase,0,3359,0,10.76,0
54.14,7,withdrawal,0,1846,3,1.81,0
176.61,7,withdrawal,0,2102,1,27.36,0
49.66,7,transfer,0,1567,1,17.09,0
57.61,7,purchase,0,577,5,12.61,0
101.34,6,purchase,0,3194,3,20.0,0
108.8,20,purchase,1,1858,4,8.93,0
151.57,19,purchase,0,3369,2,5.6,0
18.66,15,purchase,0,2931,0,53.02,0
62.85,16,transfer,0,2436,1,0.14,0
59.34,18,purchase,0,3623,1,16.85,0
11.57,6,purchase,0,3628,2,18.3,0
31.46,7,withdrawal,0,2854,1,13.96,0
27.37,13,online,0,2535,1,8.69,0
154.53,15,purchase,0,728,1,6.19,0
75.65,20,purchase,0,844,2,7.37,0
30.86,6,withdrawal,0,1962,0,3.52,0
57.53,8,purchase,0,2106,3,7.1,0
117.93,11,purchase,0,2038,0,12.3,0
1922.9,5,withdrawal,0,329,5,953.74,1
63.18,8,withdrawal,0,1788,3,2.36,0
44.58,18,purchase,0,1732,1,8.32,0
140.79,14,online,0,2893,0,4.98,0
111.39,11,purchase,0,1940,3,2.22,0
143.61,9,withdrawal,0,1057,1,19.19,0
23.72,22,purchase,0,3301,3,3.3,0
26.96,12,purchase,0,1516,1,49.72,0
113.32,22,purchase,0,2654,1,12.61,0
156.34,14,purchase,0,70,0,6.15,0
22.21,14,online,0,2088,0,9.52,0
52.73,8,withdrawal,0,2080,2,3.08,0
120.28,10,online,0,1009,1,4.55,0
69.08,9,online,0,2221,2,1.14,0
167.63,16,purchase,0,2706,5,3.55,0
136.28,22,purchase,0,1410,2,9.47,0
42.51,8,purchase,1,1451,4,29.04,0
28.91,15,transfer,1,3023,2,19.22,0
58.2,7,transfer,0,2251,3,21.95,0
34.21,10,purchase,0,2450,0,17.77,0
95.53,21,purchase,0,470,0,2.11,0
842.5,17,transfer,1,101,8,129.95,1
135.66,19,purchase,0,1374,0,5.2,0
72.8,14,online,0,1108,1,13.51,0
94.24,11,transfer,0,2411,3,4.95,0
12.64,16,purchase,0,3157,1,46.06,0
77.08,16,purchase,0,1590,3,30.48,0
88.95,22,purchase,0,158,1,3.54,0
112.21,17,online,0,1885,3,5.92,0
214.38,6,purchase,0,3119,2,12.76,0
73.11,16,transfer,0,1303,0,16.42,0
20.01,16,purchase,0,2937,3,11.81,0
25.85,21,purchase,0,2551,3,30.16,0
51.16,9,withdrawal,0,2355,4,30.07,0
113.15,12,transfer,0,3450,1,33.78,0
154.16,10,online,0,2400,1,11.62,0
103.12,15,online,0,2979,4,4.32,0
1.48,8,withdrawal,0,3616,2,36.24,0
123.29,18,purchase,0,2996,3,29.29,0
54.37,20,purchase,0,1649,1,6.6,0
27.43,12,purchase,0,1218,2,0.34,0
118.56,7,purchase,0,1316,1,0.02,0
67.57,18,purchase,0,2725,2,17.87,0
212.76,14,transfer,0,2850,3,0.4,0
6.37,8,purchase,0,3589,1,4.39,0
47.89,18,withdrawal,0,691,0,11.62,0
56.83,7,online,0,254,3,4.84,0
105.85,22,purchase,0,3035,1,16.22,0
41.61,14,online,0,2607,5,5.54,0
161.65,13,transfer,0,1035,3,24.71,0
71.47,8,purchase,0,3452,3,9.53,0
51.38,12,withdrawal,0,3022,2,3.53,0
64.06,21,purchase,0,1888,3,13.71,0
7.46,21,withdrawal,0,197,2,5.81,0
43.28,7,transfer,0,292,3,19.5,0
33.82,13,online,0,231,2,6.39,0
332.83,21,purchase,0,3065,1,12.79,0
39.47,14,purchase,0,2133,3,1.9,0
95.35,6,withdrawal,0,1014,2,13.9,0
149.39,22,online,0,1908,2,23.64,0
129.92,15,purchase,0,685,1,0.26,0
82.15,6,purchase,0,3457,2,26.92,0
84.89,14,purchase,0,969,3,28.66,0
135.5,14,transfer,0,313,1,0.29,0
110.56,21,online,0,2983,0,28.31,0
192.96,15,online,0,3350,1,14.59,0
210.69,21,purchase,0,1484,0,0.79,0
18.72,10,withdrawal,0,1634,2,12.28,0
16.7,6,purchase,0,770,4,3.7,0
149.09,14,withdrawal,0,2513,2,7.55,0
96.24,6,purchase,0,1202,2,6.73,0
94.64,8,transfer,0,3033,2,15.04,0
79.42,16,withdrawal,0,1737,1,0.23,0
107.23,16,online,0,1817,3,21.1,0
155.66,21,transfer,0,1881,0,6.61,0
68.74,12,purchase,0,2350,5,40.6,0
132.5,20,purchase,0,3201,2,30.99,0
111.57,13,purchase,0,2367,1,17.58,0
85.01,8,withdrawal,0,235,3,9.68,0
875.69,2,purchase,1,11,6,83.71,1
21.51,9,withdrawal,0,471,0,0.01,0
134.6,15,online,0,1872,1,22.77,0
126.77,21,withdrawal,0,124,1,5.87,0
2.92,14,purchase,0,2878,5,4.38,0
99.85,13,online,0,256,1,7.67,0
105.37,21,transfer,0,1409,1,31.94,0
29.6,21,withdrawal,0,1757,1,6.05,0
92.83,19,withdrawal,0,1063,0,8.19,0
44.64,9,purchase,0,540,1,9.53,0
49.56,20,purchase,0,445,2,2.04,0
121.39,11,transfer,0,834,3,28.26,0
62.89,14,purchase,0,2375,2,3.26,0
139.56,22,purchase,0,1717,2,28.25,0
39.3,18,withdrawal,0,1659,3,12.13,0
49.77,13,purchase,0,2905,0,2.17,0
61.81,13,purchase,0,2808,2,24.54,0
32.58,22,purchase,0,2841,2,63.7,0
251.92,18,purchase,0,2577,2,3.11,0
73.76,16,purchase,0,2974,2,21.78,0
40.21,6,purchase,0,703,0,0.93,0
59.19,9,transfer,0,2035,0,3.3,0
106.52,7,withdrawal,0,2621,4,8.94,0
76.18,11,purchase,0,1295,3,17.44,0
76.13,13,withdrawal,1,2383,0,32.8,0
85.98,17,purchase,0,3648,2,15.63,0
20.57,17,purchase,0,2049,6,16.03,0
67.0,17,transfer,0,3510,1,16.37,0
117.09,16,withdrawal,0,1649,1,5.61,0
473.67,9,purchase,0,17,6,126.1,1
67.23,6,purchase,1,3343,5,24.38,0
9.94,13,transfer,0,385,2,45.79,0
154.8,17,purchase,0,1381,3,1.86,0
40.61,12,purchase,0,2855,2,11.6,0
24.66,16,withdrawal,0,1711,3,7.35,0
36.24,18,withdrawal,0,2838,2,0.13,0
74.26,13,transfer,0,1249,1,7.64,0
697.93,1,online,1,74,9,525.67,1
73.38,8,purchase,0,2550,1,15.9,0
30.73,10,withdrawal,0,3073,2,58.65,0
74.1,17,transfer,0,2355,1,10.49,0
250.5,15,purchase,0,1675,0,23.75,0
300.33,5,purchase,0,285,8,289.62,1
224.92,20,purchase,0,1230,3,9.1,0
85.43,11,purchase,0,156,4,3.97,0
58.53,22,withdrawal,0,3100,3,25.79,0
79.53,7,online,0,703,2,25.68,0
78.39,8,purchase,0,3004,4,3.73,0
145.36,8,purchase,0,1452,0,5.39,0
52.9,17,online,0,2990,3,35.26,0
33.63,13,purchase,0,972,1,7.35,0
61.88,6,purchase,0,743,3,33.53,0
170.63,16,transfer,0,1462,1,3.46,0
90.4,6,purchase,0,49,1,7.76,0
125.37,10,purchase,0,2309,2,0.82,0
20.16,13,purchase,0,1276,3,14.36,0
246.0,12,purchase,1,2252,0,58.53,0
60.06,7,online,0,77,4,3.64,0
25.96,14,purchase,0,400,0,38.04,0
129.18,18,purchase,0,258,2,7.16,0
125.05,7,purchase,0,2713,2,8.51,0
14.04,9,purchase,0,3323,3,14.76,0
28.05,15,purchase,0,2709,1,8.57,0
123.24,11,online,0,329,1,4.3,0
61.82,17,withdrawal,0,3247,0,2.25,0
8.75,9,purchase,0,3146,2,9.42,0
68.1,22,purchase,0,3081,2,0.34,0
68.57,19,online,0,3053,2,8.4,0
66.67,13,withdrawal,0,3256,1,75.14,0
57.91,14,purchase,0,604,1,10.18,0
15.42,8,purchase,0,899,1,7.76,0
71.82,11,online,0,3568,4,19.82,0
1329.17,3,withdrawal,1,84,6,26.5,1
62.6,22,purchase,1,856,1,3.13,0
69.75,11,withdrawal,0,3311,2,3.23,0
101.15,13,purchase,0,1240,2,1.14,0
170.11,14,purchase,0,187,0,14.78,0
331.91,2,transfer,1,12,6,45.22,1
62.27,19,transfer,1,1687,4,13.85,0
8.7,9,transfer,0,908,0,16.46,0
85.17,18,purchase,0,1607,1,20.75,0
139.62,20,purchase,0,2548,4,4.52,0
27.15,21,purchase,0,3639,1,32.09,0
72.06,7,purchase,0,712,1,7.84,0
20.49,13,withdrawal,0,588,0,5.86,0
116.46,17,withdrawal,0,1846,1,1.21,0
14.32,13,purchase,0,2957,1,39.56,0
55.57,19,online,0,395,2,3.13,0
194.0,8,withdrawal,0,2321,3,2.24,0
18.33,21,online,0,893,2,3.29,0
58.89,17,online,0,3105,0,0.86,0
49.56,6,purchase,0,2468,0,17.89,0
41.11,10,transfer,0,957,3,45.91,0
81.67,12,purchase,0,3268,1,5.54,0
354.25,6,purchase,0,95,11,349.96,1
60.58,13,withdrawal,0,3139,7,28.14,0
82.8,12,transfer,0,2043,1,57.3,0
132.33,7,online,0,2518,4,36.6,0
95.91,20,purchase,0,1162,1,22.06,0
18.38,14,purchase,0,3386,1,14.08,0
91.61,15,transfer,0,1907,3,33.72,0
45.6,18,transfer,0,946,2,26.16,0
82.85,6,purchase,0,955,5,2.01,0
42.0,19,withdrawal,1,1408,2,72.74,0
14.41,16,withdrawal,0,3589,2,4.59,0
42.56,8,purchase,0,1825,3,44.37,0
35.28,8,purchase,0,3344,3,16.99,0
86.51,10,transfer,0,67,1,19.98,0
87.97,15,purchase,0,594,2,15.84,0
184.72,18,withdrawal,0,68,1,3.54,0
192.04,14,purchase,0,1472,4,5.38,0
42.65,16,transfer,0,1475,1,6.17,0
275.09,18,withdrawal,0,2015,2,5.73,0
5.1,10,withdrawal,0,1877,3,9.07,0
226.57,20,withdrawal,1,2677,2,6.75,0
88.29,14,transfer,0,1829,2,3.86,0
50.89,18,transfer,0,2187,2,38.72,0
92.13,19,online,0,2659,1,51.31,0
67.09,21,transfer,0,1061,3,7.36,0
115.98,22,purchase,0,2220,3,18.41,0
138.38,7,online,0,2661,1,1.71,0
12.74,17,purchase,0,1502,1,6.99,0
46.86,12,purchase,0,316,6,17.84,0
121.19,15,online,0,3589,5,0.81,0
39.51,22,transfer,0,2522,3,26.27,0
83.32,13,withdrawal,0,2589,0,14.11,0
96.35,8,purchase,0,1736,2,47.6,0
140.67,10,withdrawal,0,1185,0,7.68,0
75.07,16,withdrawal,0,2050,5,24.5,0
151.96,9,purchase,0,1296,0,4.54,0
2.3,14,purchase,0,1710,4,6.04,0
107.98,17,purchase,0,690,1,1.38,0
93.91,11,purchase,0,1045,2,11.1,0
22.23,7,purchase,0,2062,1,42.09,0
36.81,22,transfer,0,1705,2,0.35,0
41.05,19,purchase,0,2929,1,0.84,0
887.81,2,withdrawal,1,212,7,34.51,1
17.33,7,online,0,1562,2,1.55,0
26.93,21,online,0,2977,1,11.87,0
36.9,17,purchase,0,1783,3,39.84,0
83.49,19,purchase,0,2586,1,1.93,0
42.51,7,purchase,0,2664,2,13.99,0
32.45,9,withdrawal,0,1047,1,0.88,0
14.11,6,online,0,95,1,0.47,0
45.66,14,withdrawal,0,3338,3,0.16,0
97.56,18,purchase,0,2245,0,7.53,0
24.4,6,purchase,0,1034,0,41.81,0
10.76,6,purchase,0,2526,3,54.64,0
45.54,14,purchase,0,630,3,25.05,0
84.66,12,purchase,0,3571,0,1.73,0
145.48,12,purchase,0,3353,0,28.9,0
59.33,17,transfer,0,2222,3,8.98,0
35.99,21,purchase,0,3460,7,0.46,0
82.12,15,transfer,0,3158,0,15.95,0
66.68,22,purchase,0,843,1,2.21,0
53.05,15,withdrawal,0,3511,3,14.46,0
107.15,13,purchase,0,2314,1,15.03,0
46.18,20,purchase,0,217,2,25.08,0
26.35,13,purchase,0,1374,1,5.1,0
20.27,9,transfer,0,3334,0,8.62,0
149.03,6,transfer,0,102,0,5.02,0
17.65,12,purchase,0,1227,1,21.11,0
158.55,15,transfer,0,250,2,15.67,0
53.49,6,withdrawal,0,3595,2,14.98,0
22.29,17,purchase,0,118,1,0.57,0
83.67,15,purchase,0,1316,4,17.58,0
238.95,8,online,0,962,1,27.18,0
18.52,7,purchase,0,3031,6,6.75,0
353.52,19,online,1,73,8,52.07,1
24.8,21,transfer,0,918,5,0.39,0
153.01,17,purchase,0,1003,4,8.96,0
197.22,14,purchase,0,3580,1,0.0,0
38.52,10,purchase,0,2009,1,2.0,0
250.41,9,withdrawal,0,1181,2,7.26,0
34.07,20,purchase,0,652,2,47.61,0
64.32,10,purchase,0,405,1,30.75,0
49.91,18,withdrawal,0,2051,2,11.87,0
120.04,16,purchase,0,3553,3,7.13,0
70.5,9,withdrawal,0,966,4,25.86,0
47.28,20,withdrawal,0,2969,2,15.17,0
60.92,21,purchase,0,2679,2,3.67,0
73.91,7,purchase,0,1584,2,30.84,0
31.39,20,withdrawal,0,896,2,5.57,0
96.49,14,purchase,0,1355,3,16.3,0
27.27,18,withdrawal,0,1451,0,3.12,0
109.72,11,purchase,0,2714,3,2.08,0
37.02,16,online,0,546,2,11.98,0
439.81,2,online,1,279,4,66.08,1
129.13,7,purchase,0,782,1,52.78,0
49.06,21,transfer,0,2248,3,29.05,0
40.67,17,purchase,0,330,0,0.99,0
2376.46,5,online,1,60,12,76.23,1
33.79,11,transfer,0,3334,4,11.8,0
69.68,18,purchase,0,733,3,15.87,0
11.91,22,withdrawal,0,2380,1,16.35,0
92.37,6,transfer,0,3270,2,3.73,0
41.08,6,purchase,0,1565,1,8.22,0
176.13,18,online,0,2735,8,66.53,0
113.11,11,purchase,0,204,1,5.9,0
45.63,11,purchase,1,1185,3,2.6,0
203.45,11,withdrawal,0,1270,0,11.73,0
26.02,18,purchase,0,152,2,16.08,0
67.25,17,withdrawal,0,3605,3,4.94,0
60.61,6,purchase,0,2506,3,0.82,0
33.99,12,purchase,0,334,3,4.39,0
26.6,11,purchase,0,2352,1,6.12,0
265.97,13,withdrawal,0,1345,0,11.12,0
106.94,11,withdrawal,0,122,5,9.34,0
27.95,17,transfer,0,1079,4,3.66,0
206.48,17,purchase,0,2380,1,66.65,0
19.63,8,purchase,0,3435,2,21.02,0
27.16,22,purchase,0,106,1,2.79,0
183.7,7,purchase,0,1871,2,13.94,0
121.05,10,transfer,0,253,3,25.6,0
54.24,19,withdrawal,1,3455,3,11.97,0
103.13,9,online,0,111,0,42.94,0
124.18,16,withdrawal,0,1372,1,20.31,0
12.93,6,purchase,0,3434,1,7.97,0
139.34,18,online,0,2698,2,20.8,0
116.08,22,purchase,0,2117,0,9.73,0
25.57,21,purchase,0,1291,0,23.19,0
68.01,17,transfer,0,3163,2,13.3,0
1292.04,21,online,1,251,4,301.14,1
26.18,22,purchase,0,2411,2,1.21,0
21.09,21,withdrawal,0,1049,1,8.38,0
70.31,17,withdrawal,0,1007,0,18.86,0
236.19,13,purchase,0,2996,1,36.99,0
82.11,9,purchase,0,1937,2,1.88,0
16.6,6,online,0,613,1,14.76,0
76.44,17,transfer,0,1183,4,13.2,0
108.92,7,transfer,0,2069,4,8.56,0
91.76,10,transfer,0,354,0,34.62,0
93.71,15,transfer,0,2194,1,2.79,0
11.59,19,purchase,0,1635,0,14.31,0
162.54,7,withdrawal,0,2293,2,2.69,0
165.61,15,purchase,0,1060,2,14.43,0
199.68,17,purchase,0,2964,1,0.84,0
42.51,7,purchase,0,3576,1,4.97,0
251.27,11,purchase,0,589,2,0.27,0
48.22,22,purchase,0,1332,2,14.87,0
107.99,19,withdrawal,0,2875,0,0.48,0
11.11,19,transfer,0,1746,5,16.63,0
89.36,14,purchase,0,3035,3,7.07,0
110.75,22,withdrawal,0,1041,2,51.53,0
70.82,22,purchase,0,1863,0,0.84,0
17.81,16,purchase,0,820,2,64.72,0
60.58,17,withdrawal,0,1465,0,1.81,0
45.16,9,transfer,0,2173,1,12.41,0
43.87,8,purchase,0,1984,1,19.25,0
811.85,20,transfer,1,214,7,296.1,1
114.85,6,online,0,2507,3,6.99,0
83.2,16,transfer,0,3387,2,0.27,0
77.8,14,online,0,3454,1,2.67,0
71.67,13,purchase,1,750,4,0.28,0
116.98,6,purchase,0,1667,2,0.26,0
169.19,10,withdrawal,0,2420,1,34.92,0
37.88,19,withdrawal,0,1972,3,16.98,0
52.62,21,online,0,2008,2,48.78,0
86.85,15,online,0,3136,1,9.77,0
17.73,16,purchase,0,746,1,2.44,0
21.83,22,purchase,0,156,1,2.51,0
112.84,22,transfer,0,1954,1,22.28,0
37.93,7,purchase,0,2692,8,62.8,0
87.21,17,purchase,0,1809,0,24.25,0
38.51,15,online,0,474,1,19.61,0
58.52,7,purchase,0,124,2,6.72,0
160.41,9,purchase,0,1737,0,10.18,0
418.41,16,transfer,0,667,2,7.49,0
78.23,11,purchase,0,3419,1,21.3,0
50.44,17,transfer,0,1843,0,30.33,0
180.51,8,transfer,0,735,4,3.9,0
24.14,8,online,0,949,4,12.92,0
80.05,22,purchase,0,3356,1,38.57,0
141.98,9,purchase,0,2895,1,6.43,0
85.75,6,withdrawal,0,3486,2,18.42,0
132.51,13,purchase,0,1736,3,4.37,0
42.16,8,online,0,2733,5,28.11,0
26.29,20,purchase,0,2751,1,6.7,0
441.58,9,transfer,1,296,6,286.13,1
17.23,22,transfer,0,2836,0,2.46,0
31.7,11,purchase,0,752,4,29.09,0
36.48,10,online,0,3546,3,34.71,0
27.73,13,purchase,0,1087,1,0.83,0
63.71,6,withdrawal,0,202,1,24.59,0
53.53,12,purchase,0,1618,5,14.73,0
82.09,22,purchase,0,3565,3,7.14,0
35.98,11,purchase,0,661,2,5.97,0
77.81,16,withdrawal,0,1116,1,9.48,0
221.51,17,purchase,0,1938,0,10.37,0
7.86,15,purchase,0,3507,5,19.74,0
26.36,13,online,1,3216,4,1.59,0
170.37,14,purchase,0,1428,4,16.61,0
40.65,22,purchase,0,3415,2,2.88,0
146.12,9,transfer,0,171,3,55.98,0
102.32,14,online,0,1380,0,32.3,0
110.21,17,withdrawal,0,1476,1,20.43,0
143.62,15,purchase,0,3537,2,30.11,0
92.99,8,purchase,0,2500,4,7.57,0
22.78,15,purchase,0,960,3,29.83,0
70.76,12,transfer,0,716,0,7.62,0
110.21,14,purchase,0,3530,2,0.55,0
44.76,14,transfer,0,42,2,29.47,0
65.96,20,purchase,0,1140,1,11.21,0
159.05,9,purchase,1,1764,3,5.53,0
146.11,12,purchase,0,1874,2,4.42,0
61.12,6,purchase,0,1987,2,30.5,0
119.88,22,purchase,0,3136,2,3.33,0
188.56,13,transfer,0,1420,2,13.19,0
35.03,20,purchase,0,1673,4,15.33,0
144.59,6,withdrawal,0,2986,0,21.61,0
61.47,16,online,0,3291,1,6.08,0
110.95,7,purchase,0,1828,3,40.47,0
166.61,17,transfer,0,263,6,2.84,0
133.7,11,online,0,1571,2,9.02,0
56.35,17,transfer,0,2890,3,6.71,0
66.83,11,withdrawal,0,1306,0,4.06,0
26.0,16,transfer,0,331,2,73.89,0
58.98,15,online,0,2160,0,43.57,0
84.88,16,online,0,1312,2,15.13,0
114.37,7,purchase,0,2702,1,18.7,0
48.58,13,online,0,336,3,17.84,0
10.24,8,purchase,0,2694,0,1.49,0
116.74,10,purchase,0,2457,5,11.61,0
57.36,18,purchase,0,1374,6,9.83,0
36.19,18,purchase,0,1984,0,16.98,0
78.53,19,purchase,1,2239,2,5.53,0
174.31,18,online,0,461,3,4.72,0
84.5,19,purchase,0,1714,4,5.35,0
34.53,10,withdrawal,0,843,5,24.97,0
88.24,6,purchase,0,2597,7,4.05,0
216.17,7,purchase,1,589,1,34.62,0
46.75,21,online,0,3054,4,27.64,0
86.22,22,transfer,0,2568,4,5.41,0
35.9,7,transfer,0,3084,2,34.14,0
59.63,21,transfer,0,3397,2,37.96,0
203.89,17,online,0,2807,1,17.93,0
53.29,8,purchase,0,3305,1,2.79,0
70.9,9,purchase,0,3061,2,8.6,0
24.2,13,purchase,0,1669,0,2.01,0
119.84,15,withdrawal,0,988,2,29.52,0
45.06,10,withdrawal,0,2243,2,2.98,0
103.2,14,purchase,0,1164,6,0.32,0
84.18,13,online,0,2688,3,3.54,0
11.01,21,purchase,0,3009,4,4.33,0
23.36,22,purchase,0,2365,1,1.47,0
110.57,21,purchase,0,1147,2,9.7,0
24.89,18,purchase,0,612,1,0.39,0
32.48,16,purchase,0,1620,3,51.27,0
109.96,19,purchase,0,59,2,17.61,0
97.99,6,withdrawal,0,1317,0,14.73,0
213.9,17,purchase,0,152,1,83.71,0
162.03,6,purchase,0,1430,5,8.35,0
5.25,16,transfer,0,2299,2,10.24,0
99.44,6,transfer,0,1143,3,30.44,0
60.69,15,purchase,0,1996,1,15.48,0
182.03,10,transfer,0,1715,1,3.7,0
31.78,10,purchase,0,1052,0,17.3,0
86.6,15,online,0,1311,4,18.1,0
133.62,8,purchase,0,456,0,14.69,0
66.87,16,purchase,0,3280,2,4.18,0
71.86,18,purchase,0,1871,0,11.28,0
48.68,21,online,0,1774,0,10.73,0
55.52,17,online,0,2822,0,9.16,0
76.12,11,online,0,1535,1,2.41,0
41.41,16,purchase,0,3509,2,23.97,0
131.76,6,purchase,0,2197,4,11.12,0
17.86,13,purchase,0,2143,0,10.11,0
65.77,9,purchase,0,108,3,0.21,0
18.38,18,withdrawal,0,2952,4,1.91,0
28.91,17,online,0,1500,3,7.44,0
18.46,10,withdrawal,0,2307,2,7.75,0
35.89,19,transfer,0,824,1,15.25,0
45.09,12,withdrawal,0,181,4,31.34,0
75.04,6,transfer,0,1741,3,48.77,0
98.42,9,online,1,2236,2,78.81,0
15.52,14,online,0,496,1,18.56,0
94.49,17,purchase,0,2633,3,9.01,0
41.72,10,withdrawal,0,1294,2,10.79,0
33.03,8,purchase,0,876,1,28.92,0
128.23,20,withdrawal,1,3451,2,7.33,0
71.87,18,purchase,1,3597,1,0.74,0
108.09,19,online,1,2364,4,2.09,0
86.11,7,withdrawal,0,2305,1,2.91,0
40.09,17,purchase,0,1878,2,18.37,0
107.34,14,purchase,0,2846,2,2.28,0
43.35,12,purchase,0,1164,1,11.01,0
128.49,20,transfer,0,2202,3,22.34,0
10.33,20,purchase,0,2350,4,14.42,0
106.53,19,purchase,0,822,5,32.57,0
89.68,18,transfer,0,1319,1,13.21,0
55.41,15,purchase,0,194,1,7.04,0
19.11,21,online,0,1197,0,6.13,0
31.91,22,transfer,0,1762,0,10.76,0
94.13,12,purchase,0,3502,4,0.15,0
29.64,11,online,0,1242,1,3.51,0
71.34,14,online,0,3194,0,0.87,0
53.78,21,purchase,0,959,2,4.11,0
147.28,19,online,0,1821,0,7.88,0
69.64,12,purchase,0,921,2,21.79,0
96.84,11,purchase,0,621,4,27.11,0
211.99,5,online,0,21,5,456.66,1
46.47,8,transfer,0,2840,1,1.0,0
67.5,8,purchase,0,2228,1,7.75,0
73.58,12,purchase,0,1298,2,11.96,0
34.45,21,online,0,2891,3,7.58,0
49.57,8,withdrawal,0,2173,4,48.53,0
65.63,13,purchase,0,2150,1,6.27,0
32.7,18,purchase,0,2689,1,4.98,0
54.91,20,online,0,215,6,39.65,0
33.17,13,purchase,0,1744,4,9.2,0
104.67,16,purchase,0,1280,1,4.49,0
111.34,18,purchase,0,2178,4,4.59,0
156.66,13,purchase,0,2084,1,4.13,0
42.96,21,purchase,0,1941,1,43.47,0
100.66,15,purchase,0,630,0,18.32,0
83.69,15,transfer,0,3630,2,14.63,0
171.98,11,online,0,1520,1,8.17,0
78.33,16,withdrawal,0,1125,5,6.7,0
20.11,14,purchase,0,441,3,8.76,0
41.1,10,online,0,3048,3,8.84,0
179.83,20,transfer,0,2289,1,1.09,0
33.92,18,withdrawal,0,304,3,8.06,0
18.07,11,purchase,0,2856,2,11.78,0
95.94,11,withdrawal,0,1934,0,0.34,0
89.56,8,purchase,0,358,3,14.62,0
51.87,14,purchase,0,1543,3,14.15,0
85.56,18,withdrawal,0,468,4,6.93,0
27.79,8,withdrawal,0,904,2,13.32,0
77.52,21,purchase,0,1996,2,14.42,0
67.26,18,online,0,1797,3,45.97,0
50.03,11,online,0,2279,0,8.94,0
42.7,13,transfer,0,2173,5,0.94,0
83.95,15,purchase,0,3197,2,1.26,0
66.12,11,purchase,0,2709,0,17.7,0
76.89,15,purchase,0,2961,0,48.84,0
196.24,12,purchase,0,1167,2,18.8,0
11.73,11,online,0,96,0,16.16,0
54.79,8,purchase,1,2855,1,10.7,0
104.24,18,purchase,0,3038,1,4.3,0
324.12,11,withdrawal,0,531,3,16.95,0
89.45,9,transfer,0,2728,1,12.02,0
73.96,10,purchase,0,2449,3,5.07,0
148.3,11,purchase,0,1674,1,0.15,0
41.61,9,online,0,583,0,30.22,0
90.18,14,withdrawal,1,2740,3,1.32,0
120.73,6,purchase,0,117,2,2.18,0
114.78,7,purchase,0,2145,3,38.7,0
77.18,15,purchase,0,2778,1,8.5,0
68.41,14,transfer,0,1175,1,1.99,0
344.7,12,withdrawal,1,211,4,64.36,1
27.24,8,transfer,0,394,1,8.38,0
44.17,22,purchase,0,969,3,5.47,0
37.75,21,purchase,0,1035,2,17.08,0
106.19,12,purchase,0,1085,0,2.55,0
22.52,7,withdrawal,0,1241,1,43.94,0
570.24,21,transfer,0,201,4,404.8,1
12.21,19,online,0,2822,5,8.55,0
164.88,21,purchase,0,2142,2,5.62,0
30.02,21,purchase,1,1235,0,34.25,0
35.82,20,online,0,1649,1,19.27,0
196.14,9,purchase,0,697,1,16.35,0
55.92,6,purchase,0,3019,3,7.84,0
19.42,19,purchase,0,2393,1,0.7,0
16.23,22,withdrawal,0,543,2,12.21,0
94.67,21,transfer,0,2997,1,18.53,0
146.17,18,transfer,0,2851,1,3.11,0
52.63,18,purchase,0,3619,1,3.82,0
53.58,13,purchase,0,408,1,2.13,0
36.66,7,purchase,0,2022,1,14.34,0
111.0,6,withdrawal,0,3472,0,7.3,0
131.33,19,withdrawal,0,917,2,11.07,0
89.96,14,purchase,0,650,4,18.91,0
41.43,13,transfer,0,258,0,12.22,0
73.59,22,purchase,0,378,4,44.79,0
87.13,6,online,1,749,3,32.23,0
66.59,17,withdrawal,0,1804,4,86.02,0
64.6,19,purchase,0,702,1,8.81,0
61.58,13,purchase,0,1892,2,2.18,0
51.25,12,purchase,0,2678,3,47.37,0
146.28,7,purchase,0,873,1,12.29,0
80.51,12,purchase,0,776,0,2.35,0
62.54,11,online,0,956,2,31.64,0
33.82,15,transfer,0,254,2,5.98,0
59.99,10,withdrawal,0,1078,2,6.92,0
21.42,11,purchase,0,1464,3,8.77,0
60.89,21,transfer,0,1900,5,7.11,0
33.54,13,purchase,0,699,1,15.84,0
100.36,22,purchase,0,191,2,3.49,0
8.3,8,purchase,0,3482,4,14.29,0
42.54,8,purchase,0,3222,1,14.09,0
7.18,17,online,0,390,1,44.35,0
108.19,17,purchase,0,3395,1,1.81,0
40.65,8,purchase,0,220,0,3.08,0
143.32,21,purchase,0,86,3,20.77,0
107.2,17,purchase,0,1437,0,12.99,0
37.57,13,purchase,0,421,2,37.63,0
70.87,22,withdrawal,0,1650,0,9.43,0
39.04,16,online,0,267,1,26.31,0
177.51,22,purchase,0,517,1,46.09,0
166.23,11,purchase,0,2161,3,7.72,0
115.96,10,purchase,0,1859,1,1.19,0
78.41,19,withdrawal,0,862,2,36.72,0
42.15,21,purchase,0,811,0,36.65,0
40.33,9,purchase,0,2909,0,32.08,0
82.88,21,transfer,0,2568,7,21.58,0
210.39,22,withdrawal,0,2600,1,54.66,0
210.98,20,purchase,0,1880,3,10.86,0
163.09,19,purchase,0,3157,1,14.48,0
17.07,8,transfer,0,1166,1,0.15,0
41.23,17,purchase,0,2052,3,10.01,0
24.41,22,transfer,0,3583,4,8.28,0
113.31,8,purchase,0,204,1,59.74,0
63.95,19,online,0,2078,3,32.41,0
65.14,20,transfer,0,3462,3,2.96,0
31.15,13,online,0,550,0,4.58,0
21.09,13,online,0,783,2,2.78,0
20.64,10,purchase,0,783,3,11.12,0
114.29,13,purchase,0,499,5,0.21,0
94.15,21,withdrawal,0,3334,2,3.38,0
266.21,8,purchase,0,419,4,77.16,0
6.15,9,withdrawal,0,3578,0,18.26,0
137.98,6,transfer,0,1490,5,9.44,0
172.16,21,transfer,0,2289,3,2.39,0
150.44,15,online,0,3636,2,14.56,0
43.46,9,withdrawal,0,3418,1,8.97,0
66.13,18,transfer,0,2723,1,3.6,0
152.29,13,purchase,0,3076,2,27.96,0
66.76,8,withdrawal,0,1580,3,14.31,0
71.06,15,purchase,0,1952,2,0.53,0
50.28,6,purchase,0,1096,1,3.13,0
20.26,18,purchase,0,2149,3,22.46,0
115.27,12,purchase,0,434,3,1.15,0
55.96,10,purchase,1,3388,0,8.84,0
10.32,21,online,0,1220,1,38.16,0
113.58,8,purchase,0,1046,3,5.4,0
98.83,9,purchase,0,2171,2,10.36,0
126.21,10,purchase,0,2520,1,25.32,0
6.16,20,transfer,0,2961,0,3.18,0
69.27,22,online,0,2908,2,18.28,0
128.71,10,transfer,0,2710,1,17.39,0
75.48,20,purchase,0,2589,1,12.16,0
70.81,6,withdrawal,0,1345,3,20.67,0
67.69,16,purchase,0,1680,0,8.0,0
171.38,16,purchase,0,3473,1,5.4,0
90.55,20,online,0,590,2,41.94,0
90.87,7,online,0,2323,2,19.15,0
9.86,14,purchase,0,2368,2,17.61,0
51.83,16,purchase,0,2635,1,3.06,0
59.08,11,online,0,2855,4,4.61,0
85.09,20,transfer,0,2535,0,10.99,0
82.55,11,purchase,0,1939,2,0.29,0
66.96,11,transfer,0,836,0,15.73,0
169.85,11,purchase,0,824,3,10.45,0
64.16,9,transfer,0,2605,4,19.89,0
1406.87,5,transfer,1,4,2,218.1,1
88.09,22,withdrawal,0,3188,3,18.16,0
33.39,10,withdrawal,1,544,3,21.32,0
172.6,21,purchase,0,1472,1,13.7,0
62.84,10,purchase,0,988,0,10.74,0
124.06,11,purchase,0,1253,2,0.44,0
104.91,10,purchase,0,2735,1,11.42,0
86.33,7,purchase,0,2052,1,15.36,0
22.22,19,online,0,836,2,4.04,0
30.41,11,online,0,1295,3,2.55,0
14.36,7,purchase,0,3202,3,30.21,0
144.83,11,purchase,1,3238,3,1.14,0
58.2,17,purchase,0,3611,2,11.78,0
96.39,14,online,0,2735,0,7.4,0
46.19,9,purchase,0,3052,1,13.74,0
56.62,12,purchase,0,3233,2,22.92,0
79.57,14,withdrawal,0,1599,1,16.4,0
37.81,10,online,0,1660,5,61.46,0
24.86,14,online,0,2714,1,3.32,0
14.18,7,purchase,0,1147,4,17.56,0
52.13,19,withdrawal,0,1101,2,16.13,0
73.71,9,purchase,0,250,0,15.87,0
282.64,16,online,0,877,2,5.64,0
8.85,16,transfer,0,157,1,24.1,0
26.28,21,transfer,0,2707,1,3.3,0
33.88,7,transfer,0,2863,1,26.24,0
78.95,8,withdrawal,0,2414,1,10.69,0
126.95,20,purchase,0,432,1,5.31,0
1.6,6,online,0,2874,1,0.73,0
131.65,17,withdrawal,0,3640,0,9.81,0
53.65,9,purchase,0,1829,2,30.56,0
75.82,12,transfer,1,3168,3,9.86,0
121.76,13,purchase,0,2078,3,14.18,0
41.91,10,transfer,0,2642,1,39.61,0
114.03,12,purchase,0,364,3,7.2,0
15.03,6,transfer,0,3373,3,7.27,0
166.28,10,purchase,0,2814,2,23.45,0
29.09,7,purchase,0,48,1,6.72,0
105.81,9,purchase,0,1182,1,13.56,0
95.18,13,purchase,0,2756,0,9.69,0
69.51,21,purchase,0,1043,1,33.26,0
42.95,22,withdrawal,0,682,2,25.84,0
83.55,20,purchase,0,2134,2,20.03,0
12.0,7,withdrawal,0,287,3,25.01,0
210.54,18,purchase,0,1429,1,2.14,0
84.2,7,purchase,0,806,4,16.85,0
58.97,19,purchase,0,1514,1,4.25,0
52.53,22,purchase,0,2693,1,6.21,0
32.17,19,purchase,0,693,2,29.47,0
24.21,14,transfer,0,2392,4,3.46,0
961.26,5,purchase,1,108,5,258.89,1
149.64,16,purchase,0,2399,2,15.75,0
170.69,16,purchase,0,73,2,12.61,0
98.17,19,online,0,365,3,0.89,0
65.51,15,purchase,0,783,1,32.92,0
74.24,20,purchase,1,2234,1,11.39,0
24.62,6,purchase,1,3532,2,6.47,0
51.67,19,withdrawal,0,1073,2,13.8,0
73.97,19,purchase,0,914,2,7.28,0
39.42,12,purchase,0,2952,1,8.96,0
59.39,8,withdrawal,0,926,1,1.8,0
119.81,22,purchase,0,569,0,3.87,0
101.57,12,withdrawal,0,463,3,0.05,0
72.97,13,online,0,144,0,9.55,0
104.24,13,withdrawal,0,1403,2,3.01,0
101.34,9,purchase,0,2317,1,1.69,0
88.49,10,purchase,0,1509,2,0.86,0
75.71,14,online,0,3022,0,8.93,0
23.04,11,purchase,0,2832,4,9.26,0
78.66,16,purchase,0,3400,3,4.46,0
6.19,19,purchase,0,312,4,15.6,0
29.38,21,purchase,0,2984,2,13.27,0
35.02,17,online,0,323,5,7.45,0
30.41,6,purchase,0,481,1,0.88,0
556.84,17,purchase,1,293,7,680.96,1
85.66,10,transfer,0,273,4,4.8,0
49.64,11,purchase,0,1409,3,11.92,0
116.87,12,online,0,2716,3,5.0,0
34.27,8,purchase,0,3323,2,3.19,0
55.7,17,purchase,0,1923,4,6.89,0
127.69,6,purchase,1,149,1,27.15,0
60.71,19,online,0,2637,3,20.91,0
47.1,16,withdrawal,0,3620,1,14.57,0
351.8,19,purchase,1,122,2,390.01,1
30.7,8,purchase,0,2994,2,8.63,0
2.77,13,purchase,1,3397,2,42.89,0
169.44,14,purchase,0,2418,1,45.87,0
45.46,18,purchase,0,3437,2,7.39,0
70.03,21,purchase,0,2707,2,27.0,0
35.99,20,online,0,1399,2,16.45,0
172.65,21,purchase,0,3189,3,35.57,0
38.97,12,purchase,1,3019,5,35.34,0
64.5,18,online,0,2936,2,26.95,0
37.01,22,purchase,0,401,2,10.81,0
16.25,22,purchase,1,43,4,22.34,0
92.11,15,withdrawal,0,1036,1,8.83,0
31.27,11,purchase,0,502,2,5.99,0
15.37,13,purchase,0,191,0,1.03,0
54.99,12,purchase,0,1920,3,1.34,0
54.04,15,purchase,0,3630,1,11.9,0
25.87,15,purchase,0,514,2,3.36,0
557.77,4,withdrawal,1,79,5,64.39,1
106.08,22,purchase,0,1043,2,52.36,0
13.02,15,purchase,0,1308,6,34.45,0
116.41,14,withdrawal,0,148,2,1.3,0
45.86,15,purchase,0,3592,1,6.73,0
53.6,7,purchase,0,2215,1,24.62,0
121.73,22,withdrawal,0,547,4,58.1,0
70.5,18,transfer,0,2701,2,15.14,0
365.9,15,purchase,0,165,10,202.46,1
101.1,6,online,0,1506,1,24.89,0
1282.2,3,online,1,361,1,200.17,1
105.08,17,purchase,0,2896,4,1.31,0
43.83,7,purchase,0,2005,6,10.04,0
37.82,15,purchase,0,2015,3,2.19,0
116.42,13,withdrawal,0,2812,0,0.92,0
89.47,13,withdrawal,0,309,1,72.34,0
149.3,14,transfer,0,447,0,24.5,0
465.32,1,purchase,0,202,3,166.7,1
81.33,15,purchase,0,2867,4,12.24,0
192.7,14,online,0,972,3,13.57,0
43.9,10,transfer,0,2123,3,7.11,0
49.25,8,withdrawal,0,1821,1,21.53,0
66.09,17,purchase,0,3029,1,14.62,0
18.64,16,purchase,0,584,1,2.42,0
44.54,6,purchase,0,903,3,9.01,0
108.08,19,purchase,0,425,0,1.72,0
77.26,10,online,0,993,1,50.34,0
37.2,18,purchase,0,72,2,64.4,0
152.81,15,transfer,0,2180,2,0.1,0
25.84,9,withdrawal,0,1579,3,14.35,0
86.35,7,transfer,0,2499,3,31.6,0
30.46,18,purchase,0,3391,3,1.85,0
47.76,11,purchase,1,840,2,0.55,0
38.99,14,transfer,0,1864,0,7.47,0
19.87,7,withdrawal,0,961,4,2.02,0
231.61,12,transfer,0,3131,2,30.9,0
37.75,17,purchase,0,1988,1,11.02,0
75.54,9,transfer,0,840,1,6.42,0
102.95,6,purchase,0,2180,3,4.38,0
207.62,16,online,0,2609,3,3.58,0
31.01,12,withdrawal,0,1876,1,14.94,0
142.42,8,online,0,429,1,4.27,0
114.84,15,online,0,3004,1,60.5,0
73.71,18,purchase,0,1413,1,15.12,0
32.02,6,purchase,0,3487,3,42.88,0
42.68,6,purchase,0,1822,6,50.91,0
87.26,13,withdrawal,0,1561,4,7.99,0
41.75,7,withdrawal,0,2243,1,6.61,0
58.32,10,purchase,0,848,1,3.01,0
65.23,9,purchase,0,3393,4,1.94,0
106.26,20,purchase,1,3174,3,4.97,0
45.75,19,purchase,0,1649,4,26.38,0
65.43,22,purchase,0,2408,1,23.86,0
49.93,9,purchase,0,787,3,31.67,0
99.82,22,purchase,0,2117,2,12.37,0
47.53,20,purchase,0,1547,1,72.65,0
604.41,5,online,0,49,7,419.27,1
46.26,7,purchase,0,2443,3,11.11,0
125.8,13,purchase,0,1276,2,3.53,0
104.79,7,online,0,54,1,4.32,0
14.01,7,purchase,0,620,1,24.49,0
26.31,16,purchase,0,3612,3,18.33,0
70.65,7,transfer,1,68,4,23.59,0
32.24,19,online,0,2389,2,0.81,0
127.64,20,purchase,0,3433,1,26.97,0
5.58,22,purchase,0,1436,3,4.94,0
81.8,7,purchase,0,551,1,8.05,0
18.22,16,transfer,0,1264,0,17.95,0
99.93,21,purchase,0,2123,1,3.13,0
50.68,10,withdrawal,0,1168,3,11.98,0
104.17,18,transfer,0,3590,0,7.11,0
12.87,19,purchase,0,3371,0,6.81,0
122.33,17,withdrawal,1,1497,1,26.82,0
76.27,14,purchase,0,2892,1,12.29,0
104.19,22,purchase,0,1021,1,19.61,0
38.51,6,purchase,0,2511,2,1.23,0
87.73,8,online,0,3431,4,3.3,0
143.48,10,purchase,0,1177,1,5.26,0
42.43,20,online,0,1932,1,4.6,0
174.75,14,purchase,0,2801,2,5.16,0
196.47,11,transfer,0,3058,1,0.34,0
143.66,17,purchase,1,270,0,0.59,0
125.2,6,purchase,0,1603,1,13.32,0
57.01,11,purchase,0,1588,3,8.78,0
28.26,14,purchase,0,2012,4,28.32,0
87.62,14,purchase,0,3376,0,54.35,0
49.17,9,transfer,0,1626,3,4.86,0
58.49,9,withdrawal,0,893,3,19.79,0
43.92,6,online,0,414,3,22.61,0
4.61,21,purchase,1,2667,1,21.28,0
71.23,12,online,0,556,1,0.04,0
58.91,19,purchase,0,3492,1,22.64,0
80.78,11,withdrawal,0,669,4,4.83,0
90.28,11,purchase,0,3065,2,43.64,0
156.2,7,transfer,0,3357,2,9.08,0
33.25,10,online,0,997,3,15.13,0
27.01,7,purchase,0,699,3,12.98,0
32.42,9,withdrawal,1,2828,3,16.12,0
107.76,6,purchase,0,1513,3,41.19,0
33.18,14,purchase,0,2925,0,36.63,0
277.57,13,purchase,0,2793,1,10.14,0
57.65,20,purchase,0,1246,3,34.89,0
85.76,20,withdrawal,0,1862,1,1.95,0
52.3,18,purchase,0,2193,0,8.2,0
71.8,15,withdrawal,0,2745,2,4.57,0
70.06,9,purchase,0,1991,0,4.56,0
94.5,10,transfer,0,3139,3,8.9,0
83.61,17,withdrawal,1,1335,0,30.54,0
37.96,7,purchase,0,3515,1,16.48,0
49.71,15,purchase,0,216,2,60.86,0
40.12,10,purchase,0,3189,3,1.08,0
71.62,8,purchase,0,437,2,15.75,0
10.08,8,purchase,0,1387,3,11.69,0
82.71,7,purchase,0,902,2,1.33,0
677.23,0,online,1,134,5,600.62,1
62.26,21,transfer,0,2578,1,24.59,0
21.26,15,online,0,2754,1,1.3,0
15.16,13,purchase,0,213,1,0.52,0
49.15,12,purchase,0,1161,1,2.66,0
63.2,16,online,0,1059,0,5.68,0
36.18,11,purchase,0,756,0,5.86,0
93.14,18,online,0,3588,3,15.33,0
20.77,22,purchase,0,1303,2,9.94,0
41.71,18,purchase,0,31,1,7.06,0
80.69,8,transfer,0,2623,2,1.26,0
93.42,10,withdrawal,0,3541,0,18.65,0
46.71,22,transfer,0,795,3,82.58,0
87.46,20,purchase,0,1651,0,9.55,0
94.08,11,purchase,0,2684,1,2.61,0
67.38,19,online,0,1194,3,17.08,0
209.24,9,transfer,0,1710,4,0.03,0
29.83,8,transfer,0,1392,1,15.59,0
132.46,12,purchase,0,1121,1,21.33,0
338.61,12,transfer,0,344,4,290.74,1
16.65,6,purchase,0,3456,2,16.51,0
188.08,21,purchase,0,2283,0,47.21,0
47.28,20,purchase,0,815,3,0.84,0
29.54,21,withdrawal,0,2046,3,17.33,0
145.31,9,withdrawal,0,131,1,3.06,0
245.52,22,online,0,2318,6,4.98,0
5.85,6,purchase,0,1580,2,2.94,0
34.28,19,purchase,0,1146,1,20.29,0
18.63,22,withdrawal,0,237,1,6.36,0
186.03,18,purchase,0,1476,0,8.66,0
1135.1,11,online,0,306,2,128.76,1
56.61,12,transfer,0,876,2,5.45,0
118.91,17,transfer,0,3124,3,22.84,0
81.76,15,withdrawal,0,3357,1,0.76,0
117.37,10,withdrawal,0,2616,1,17.9,0
59.29,7,online,0,2359,0,1.07,0
96.79,20,withdrawal,0,2604,3,5.05,0
57.79,22,transfer,0,1645,2,7.56,0
36.56,6,transfer,0,52,0,1.79,0
35.79,13,withdrawal,0,1573,3,26.46,0
27.54,11,online,0,3244,0,14.37,0
13.09,7,transfer,0,1864,0,48.81,0
34.41,21,withdrawal,0,1182,2,10.27,0
67.79,16,transfer,0,437,2,16.11,0
44.5,12,online,0,3077,4,25.85,0
33.35,14,transfer,0,998,1,25.82,0
106.7,13,purchase,1,3287,0,5.97,0
97.27,13,purchase,0,3363,2,9.7,0
74.47,10,purchase,0,3295,2,0.09,0
299.48,22,online,0,800,1,3.87,0
56.5,18,withdrawal,0,3282,2,21.99,0
82.01,19,withdrawal,0,1389,2,18.87,0
23.41,22,withdrawal,0,964,4,0.35,0
54.01,12,purchase,0,1385,2,11.1,0
29.46,22,purchase,0,3279,1,10.99,0
30.14,11,online,0,2137,4,12.4,0
54.64,14,purchase,0,119,1,8.19,0
41.67,17,withdrawal,0,3132,0,10.85,0
67.09,22,purchase,0,1239,1,5.85,0
86.01,12,withdrawal,0,3109,1,12.08,0
26.79,19,transfer,0,965,1,34.48,0
198.56,22,purchase,0,831,3,27.72,0
32.27,7,purchase,1,2431,2,0.44,0
90.39,14,purchase,0,1278,2,5.91,0
20.71,12,purchase,0,2257,2,7.88,0
85.8,22,purchase,0,1336,1,1.72,0
69.45,15,withdrawal,0,3187,5,2.89,0
68.65,15,purchase,1,3624,1,11.81,0
124.79,12,withdrawal,0,2453,0,17.35,0
10.45,17,transfer,0,1081,1,7.54,0
22.01,10,transfer,0,1880,0,26.33,0
31.36,20,purchase,0,3399,3,27.22,0
30.73,7,purchase,0,3354,2,12.08,0
232.47,19,purchase,0,2042,3,8.68,0
27.47,18,purchase,0,259,0,17.72,0
123.82,17,purchase,0,2104,2,10.67,0
35.46,12,online,0,2178,3,7.0,0
34.48,7,purchase,0,2361,3,15.08,0
2.93,8,purchase,0,2388,4,25.8,0
6.75,22,purchase,0,1170,1,6.07,0
72.38,10,transfer,1,1878,2,4.49,0
28.27,7,withdrawal,0,1266,3,19.23,0
37.17,14,purchase,0,497,2,16.62,0
432.93,1,withdrawal,0,107,8,2.9,1
111.18,16,purchase,0,3202,1,5.16,0
114.18,16,online,0,3342,4,17.52,0
204.42,20,purchase,0,2074,0,15.89,0
66.68,16,transfer,0,3338,2,5.76,0
24.79,22,online,1,2078,3,14.11,0
27.26,11,online,1,2931,0,8.3,0
292.28,16,transfer,0,1305,0,1.95,0
13.95,8,withdrawal,0,498,0,39.07,0
51.25,12,purchase,0,3387,1,4.82,0
95.03,22,online,0,129,3,10.65,0
81.73,7,purchase,0,412,2,0.83,0
71.02,22,withdrawal,0,1303,0,15.52,0
98.41,18,withdrawal,0,274,2,11.84,0
161.17,11,withdrawal,0,2327,0,24.87,0
65.55,13,purchase,0,726,2,0.21,0
13.58,6,purchase,0,3185,1,40.94,0
33.63,10,withdrawal,0,1327,5,43.05,0
61.4,21,transfer,0,2322,4,6.73,0
26.52,15,transfer,0,1917,3,6.3,0
61.41,20,purchase,0,508,3,4.09,0
30.2,18,online,0,1001,1,8.94,0
144.49,13,purchase,0,750,1,35.94,0
36.72,14,transfer,0,581,1,0.26,0
106.08,6,purchase,0,261,5,5.44,0
53.65,22,online,0,3219,2,7.69,0
9.97,12,purchase,1,106,4,8.33,0
71.69,15,withdrawal,0,421,3,70.94,0
97.73,12,withdrawal,0,3485,3,6.76,0
3.1,17,purchase,0,3219,2,40.88,0
63.78,22,transfer,0,2338,4,2.66,0
21.98,8,purchase,0,3549,1,18.78,0
72.95,19,transfer,0,1231,2,19.76,0
105.7,19,online,0,906,2,22.88,0
52.47,11,withdrawal,1,658,0,8.73,0
63.88,16,purchase,0,2281,3,21.89,0
78.49,22,purchase,0,627,2,23.64,0
69.25,15,purchase,0,363,1,22.53,0
13.13,14,purchase,1,810,1,14.3,0
146.52,14,purchase,0,1250,4,0.16,0
35.83,8,purchase,0,572,5,6.75,0
12.76,7,purchase,1,1672,1,37.37,0
36.26,11,purchase,0,2345,1,0.99,0
88.36,16,purchase,0,2736,2,9.55,0
246.22,9,purchase,0,1640,2,15.59,0
76.86,16,withdrawal,0,1565,3,0.02,0
44.79,13,purchase,0,755,1,6.21,0
127.16,17,online,1,3148,0,4.84,0
181.48,22,online,0,3102,2,72.91,0
70.6,9,purchase,0,67,1,0.36,0
27.16,9,transfer,0,57,6,31.73,0
113.69,8,purchase,0,2094,2,2.31,0
4.62,21,transfer,0,698,2,27.62,0
129.35,11,purchase,0,1877,1,11.99,0
22.06,21,purchase,0,996,4,12.91,0
176.67,22,purchase,0,3096,2,7.25,0
256.01,11,online,0,1020,2,30.82,0
37.52,10,purchase,0,2937,3,20.98,0
163.98,18,online,0,3536,1,1.43,0
50.52,18,purchase,0,2921,3,2.47,0
16.49,7,withdrawal,0,2691,3,3.5,0
140.0,10,withdrawal,0,1527,4,14.93,0
119.08,13,transfer,0,1995,3,4.06,0
81.0,19,online,0,2084,0,5.31,0
38.56,12,online,0,505,3,39.66,0
170.27,20,withdrawal,0,2229,2,4.78,0
24.87,21,purchase,0,833,0,5.59,0
203.97,12,purchase,0,180,2,11.7,0
63.42,12,purchase,0,808,3,12.78,0
38.53,17,purchase,0,1960,1,35.75,0
89.76,21,purchase,0,1151,3,1.59,0
67.88,15,withdrawal,0,1608,1,8.7,0
117.18,16,withdrawal,0,339,5,0.67,0
39.97,17,withdrawal,1,2451,1,20.9,0
53.98,18,purchase,0,1837,0,27.24,0
171.5,21,withdrawal,0,1270,0,9.92,0
48.91,17,purchase,0,2140,2,40.73,0
140.71,19,purchase,0,3566,1,2.18,0
150.48,22,withdrawal,0,3613,4,10.06,0
79.84,17,purchase,0,3542,1,10.08,0
49.41,20,purchase,0,3605,2,12.37,0
92.2,19,purchase,0,2083,2,5.68,0
40.41,13,withdrawal,0,312,0,1.14,0
23.4,16,purchase,0,580,5,1.93,0
32.62,21,transfer,0,2933,3,39.76,0
43.44,21,purchase,0,1784,1,2.9,0
20.99,16,purchase,0,2488,1,9.57,0
88.83,17,withdrawal,0,249,2,1.29,0
132.29,21,purchase,0,2678,3,2.64,0
93.88,11,withdrawal,0,809,3,1.17,0
53.87,11,online,0,542,1,10.34,0
96.83,14,purchase,1,3246,2,10.34,0
83.8,22,purchase,0,2053,3,5.81,0
97.09,19,purchase,0,3624,0,10.9,0
46.43,9,purchase,0,3535,3,3.85,0
59.86,14,transfer,0,497,4,3.52,0
50.45,10,purchase,0,505,3,9.65,0
54.76,8,transfer,0,1788,0,4.35,0
64.61,8,purchase,0,1880,1,45.92,0
54.48,20,transfer,0,2686,3,1.47,0
22.21,10,withdrawal,0,477,1,9.73,0
13.97,22,purchase,0,2810,0,2.44,0
121.25,10,withdrawal,0,1785,4,14.98,0
33.04,7,purchase,0,3422,2,57.51,0
185.48,11,purchase,0,3603,1,8.5,0
36.94,14,transfer,0,1309,2,2.96,0
55.34,10,purchase,0,1761,2,12.62,0
54.12,11,purchase,0,1570,1,0.9,0
110.82,12,withdrawal,0,2458,2,17.13,0
34.08,12,transfer,0,2199,1,30.39,0
136.46,22,withdrawal,0,2033,4,0.42,0
32.48,8,withdrawal,0,242,5,26.11,0
136.86,19,purchase,1,3099,1,26.82,0
23.74,19,purchase,0,1332,0,22.61,0
69.34,22,online,0,1406,3,3.27,0
66.14,21,purchase,0,1921,1,5.22,0
37.91,20,purchase,0,3353,2,4.8,0
15.23,14,online,0,121,2,5.0,0
41.32,9,purchase,0,2567,1,5.95,0
56.82,15,online,0,1382,4,1.02,0
152.72,20,purchase,0,954,3,1.48,0
22.85,15,purchase,0,3096,0,12.09,0
243.85,7,purchase,1,802,1,5.33,0
23.24,14,transfer,0,1671,3,7.73,0
60.04,11,transfer,0,1711,1,7.73,0
93.21,22,purchase,0,3598,0,7.13,0
54.36,13,purchase,0,3634,4,3.33,0
58.91,11,purchase,0,567,1,10.16,0
10.21,16,online,0,1997,1,25.92,0
167.42,14,transfer,0,560,7,11.45,0
39.45,17,transfer,0,466,1,20.78,0
98.92,10,purchase,0,2059,1,2.42,0
7.44,19,withdrawal,0,2873,1,13.32,0
217.33,12,withdrawal,0,685,2,1.61,0
45.53,21,transfer,0,1980,1,27.91,0
46.69,13,transfer,0,1570,3,4.06,0
72.04,18,transfer,0,1530,2,5.54,0
121.82,10,transfer,0,1880,1,20.37,0
46.62,16,purchase,0,3139,2,2.68,0
181.16,21,online,0,1563,2,21.32,0
83.15,17,purchase,0,1962,2,1.06,0
489.93,10,purchase,0,344,2,46.43,1
26.93,13,withdrawal,0,2582,2,44.78,0
65.77,6,transfer,0,3648,2,2.78,0
98.21,8,withdrawal,0,3056,0,22.54,0
34.99,15,purchase,0,3463,2,20.59,0
64.76,12,purchase,0,2841,2,2.73,0
50.45,18,transfer,0,2887,3,1.92,0
134.42,11,purchase,0,728,2,20.83,0
108.54,7,withdrawal,0,2122,1,5.9,0
27.76,16,online,0,3561,1,12.41,0
17.69,12,purchase,0,2542,3,61.71,0
44.72,21,withdrawal,0,3541,1,10.3,0
84.06,8,withdrawal,0,346,2,7.28,0
167.93,21,purchase,0,1400,3,15.37,0
10.88,19,purchase,0,2329,4,40.28,0
73.13,20,purchase,0,2308,3,10.88,0
56.4,20,purchase,0,44,2,19.33,0
130.6,6,online,1,390,3,13.14,0
104.37,12,purchase,0,1999,0,22.93,0
37.4,19,online,0,1162,3,7.18,0
134.1,21,withdrawal,0,1651,2,6.89,0
28.26,9,purchase,0,2406,1,0.29,0
31.12,11,transfer,0,2112,3,24.54,0
56.95,19,purchase,0,3565,5,0.37,0
107.04,13,purchase,0,912,2,1.38,0
101.63,7,transfer,0,1263,2,21.32,0
84.33,11,purchase,0,1537,2,0.96,0
21.43,10,withdrawal,0,1087,2,8.92,0
143.7,22,purchase,0,376,2,23.89,0
70.58,13,transfer,0,3140,6,25.2,0
51.29,9,purchase,0,2751,1,3.1,0
13.8,12,purchase,0,3539,4,3.67,0
31.25,10,purchase,0,1069,3,0.97,0
741.97,20,online,1,92,4,130.08,1
19.22,12,withdrawal,0,3634,2,4.76,0
486.78,2,online,0,41,3,179.92,1
34.89,17,online,0,298,1,15.32,0
26.57,14,purchase,0,1425,3,7.74,0
52.99,22,withdrawal,0,1704,4,11.96,0
31.08,17,online,0,858,2,4.94,0
29.82,19,purchase,0,2111,3,1.37,0
179.01,18,purchase,0,617,0,21.44,0
137.57,17,transfer,0,2156,5,40.84,0
19.22,11,transfer,0,1131,3,2.62,0
265.08,19,withdrawal,0,490,5,1.26,0
16.55,8,purchase,0,3396,0,26.6,0
214.98,10,purchase,1,3588,4,19.85,0
38.88,20,purchase,0,450,4,0.3,0
103.49,8,withdrawal,0,2805,3,14.14,0
112.64,15,online,0,2239,1,11.33,0
82.31,11,purchase,0,3528,7,22.7,0
60.22,17,purchase,0,1680,1,17.24,0
16.27,9,purchase,0,2705,0,11.92,0
15.65,9,transfer,0,1667,1,17.95,0
59.86,18,purchase,0,1212,2,21.9,0
99.77,19,online,0,843,0,1.21,0
126.95,7,withdrawal,0,126,1,0.29,0
34.37,13,purchase,0,2359,2,9.4,0
44.0,15,purchase,0,2020,0,35.57,0
37.49,20,purchase,0,1596,2,13.05,0
23.68,12,online,0,1689,2,10.21,0
129.88,6,withdrawal,1,849,1,6.33,0
74.68,20,purchase,0,1939,2,1.01,0
60.42,11,purchase,0,1855,3,12.96,0
83.38,15,purchase,0,2040,0,67.69,0
101.65,15,purchase,0,1002,0,6.73,0
20.04,16,purchase,0,3261,2,0.18,0
23.47,16,withdrawal,0,436,0,0.38,0
58.69,22,withdrawal,0,1712,2,1.52,0
64.27,18,online,0,1824,0,9.79,0
49.55,6,purchase,0,3646,1,25.66,0
153.34,14,withdrawal,0,181,2,13.3,0
149.0,18,online,0,725,2,7.02,0
34.32,7,withdrawal,0,2953,0,13.89,0
55.63,22,purchase,0,1750,2,8.41,0
33.94,14,online,0,3595,1,4.72,0
47.21,9,transfer,0,1885,0,6.35,0
90.75,18,online,0,2882,5,0.67,0
155.88,15,purchase,0,3491,2,0.31,0
56.39,14,purchase,0,2403,4,18.74,0
26.1,8,purchase,0,2306,1,25.73,0
39.4,13,purchase,0,695,1,1.07,0
131.2,11,withdrawal,0,2923,3,9.76,0
43.98,9,purchase,0,2365,2,3.42,0
65.94,12,transfer,0,3043,2,9.48,0
72.99,18,transfer,0,1092,5,12.22,0
19.25,12,purchase,0,3160,2,11.77,0
50.75,14,purchase,0,2726,2,18.46,0
124.44,7,withdrawal,0,2514,1,10.55,0
105.31,6,withdrawal,0,2941,1,4.63,0
159.24,10,purchase,0,452,6,5.76,0
50.72,9,online,0,2719,2,17.65,0
173.96,21,withdrawal,0,1308,7,8.28,0
181.52,20,transfer,0,641,1,11.34,0
161.03,18,purchase,0,788,4,14.6,0
5.64,13,purchase,0,2001,5,3.93,0
24.94,11,purchase,0,2486,4,6.64,0
74.27,7,transfer,0,221,2,3.99,0
91.75,16,withdrawal,1,560,1,59.93,0
55.17,17,purchase,0,1022,1,1.53,0
82.59,12,purchase,0,1108,0,10.25,0
48.4,16,transfer,0,1231,1,0.39,0
201.17,8,purchase,0,1452,2,23.87,0
31.67,20,purchase,0,2691,3,2.88,0
34.06,18,purchase,0,2205,2,6.16,0
30.97,20,transfer,0,2714,0,13.78,0
121.07,13,purchase,0,578,0,7.24,0
58.2,7,purchase,0,2857,4,4.01,0
68.37,13,purchase,0,1576,3,1.99,0
137.52,11,purchase,0,200,2,10.06,0
49.57,8,purchase,0,1803,2,0.12,0
17.92,7,online,0,3310,2,4.0,0
39.22,9,purchase,0,484,2,9.29,0
29.42,10,withdrawal,0,1442,3,43.41,0
66.74,8,transfer,0,46,0,1.21,0
62.11,20,transfer,0,2542,1,10.31,0
299.34,19,purchase,1,453,3,12.18,0
173.52,20,purchase,0,3421,3,19.22,0
38.3,7,transfer,0,1827,2,17.47,0
97.54,19,purchase,0,321,1,14.25,0
15.58,17,purchase,0,1610,1,1.61,0
59.73,7,purchase,0,512,2,28.26,0
6.98,20,purchase,0,185,1,77.08,0
409.88,3,transfer,0,224,8,260.1,1
35.77,8,purchase,0,1641,1,20.44,0
213.57,10,transfer,0,1061,2,2.0,0
9.17,16,transfer,0,976,3,21.0,0
165.11,9,purchase,0,468,1,14.74,0
39.57,7,purchase,0,2433,0,5.95,0
60.38,18,purchase,0,2679,0,8.6,0
27.23,21,withdrawal,0,1385,3,47.37,0
99.56,20,online,0,1109,1,0.14,0
17.62,15,withdrawal,0,3321,3,37.48,0
121.94,21,purchase,0,2697,3,6.6,0
68.67,21,online,0,54,3,1.12,0
149.13,15,purchase,0,1190,3,1.22,0
538.53,2,withdrawal,0,208,4,147.01,1
299.66,7,withdrawal,0,901,7,66.89,0
96.1,7,transfer,0,1145,0,33.27,0
122.19,22,online,0,2920,3,19.9,0
19.06,14,withdrawal,0,2946,1,3.82,0
30.05,15,transfer,0,471,1,13.46,0
31.35,22,online,0,3391,4,8.8,0
34.54,22,withdrawal,0,1218,4,15.0,0
70.6,6,transfer,0,3408,0,19.02,0
32.28,17,purchase,0,3550,2,17.54,0
21.94,8,online,0,1195,0,35.3,0
97.06,22,withdrawal,0,492,1,39.97,0
214.23,9,purchase,0,2958,0,10.75,0
80.47,12,transfer,1,3451,0,21.81,0
8.68,7,purchase,0,3260,0,1.06,0
83.38,13,transfer,0,1481,0,5.08,0
99.17,6,withdrawal,0,1928,1,1.4,0
36.31,20,purchase,0,333,4,11.74,0
91.9,18,purchase,0,2497,1,1.33,0
79.63,12,purchase,0,2764,1,19.83,0
35.97,22,purchase,0,3590,2,19.41,0
12.8,11,online,0,1482,2,14.38,0
36.92,17,purchase,0,387,6,6.81,0
97.28,15,purchase,1,2650,2,26.75,0
43.9,19,online,0,3517,2,0.85,0
34.84,15,withdrawal,0,561,6,41.46,0
65.99,13,purchase,0,1353,3,5.16,0
17.9,20,purchase,0,654,1,30.09,0
27.41,22,purchase,0,989,5,5.73,0
98.7,20,withdrawal,0,549,1,0.85,0
103.39,16,withdrawal,0,3151,3,38.0,0
158.48,8,purchase,0,2062,2,6.93,0
69.4,12,online,0,2750,1,16.15,0
47.59,20,purchase,0,626,2,43.15,0
36.8,13,transfer,0,1286,3,6.67,0
91.95,8,purchase,0,3023,4,22.37,0
153.58,21,purchase,0,1166,2,2.77,0
408.39,17,online,0,279,6,624.77,1
71.6,17,transfer,1,806,2,2.21,0
11.34,6,online,0,3311,1,13.41,0
42.18,10,purchase,0,3191,3,0.12,0
76.57,9,purchase,0,378,4,8.9,0
134.87,18,transfer,0,3567,1,5.22,0
73.42,12,purchase,0,482,4,13.72,0
17.12,10,purchase,0,69,1,7.78,0
22.96,6,purchase,0,2432,3,28.93,0
75.43,8,withdrawal,0,328,2,0.82,0
52.29,12,purchase,0,548,0,29.1,0
97.02,16,purchase,0,2430,0,6.62,0
36.38,10,withdrawal,0,1824,2,11.64,0
66.19,6,purchase,0,1682,5,4.71,0
19.18,11,purchase,0,2357,2,3.33,0
50.8,8,purchase,0,3517,5,20.21,0
163.11,18,purchase,0,674,0,25.08,0
167.45,15,transfer,0,165,2,1.05,0
77.68,22,transfer,0,3292,2,1.0,0
87.49,15,withdrawal,0,2797,2,75.36,0
75.22,14,online,0,290,2,8.12,0
55.05,8,purchase,0,2837,0,17.05,0
49.57,11,transfer,0,2835,2,24.26,0
137.63,17,purchase,1,406,0,107.5,0
134.94,12,purchase,0,508,2,14.18,0
66.98,22,transfer,0,1795,4,4.45,0
52.88,10,transfer,0,2084,5,65.74,0
67.21,8,purchase,0,3258,2,13.59,0
691.3,23,online,1,143,3,103.03,1
41.24,19,transfer,0,910,2,17.73,0
71.62,10,purchase,0,712,0,15.55,0
104.9,21,purchase,0,3416,2,48.68,0
76.26,12,withdrawal,0,1823,2,29.08,0
32.33,21,online,0,872,2,1.02,0
5.18,18,purchase,0,3083,3,5.9,0
142.19,22,online,0,2502,3,29.44,0
142.08,16,transfer,0,671,1,6.22,0
70.08,17,withdrawal,0,2121,3,1.03,0
28.28,19,withdrawal,0,3022,1,13.66,0
1144.96,1,online,0,54,2,107.37,1
26.5,10,withdrawal,0,3023,2,3.72,0
22.26,18,purchase,0,2892,2,2.45,0
73.41,14,purchase,0,2229,2,30.98,0
51.3,12,purchase,0,1509,4,4.37,0
72.83,22,online,0,2046,2,55.65,0
36.81,10,purchase,0,549,2,18.38,0
32.95,18,purchase,0,209,4,1.93,0
8.96,19,withdrawal,1,1833,4,18.39,0
18.57,17,purchase,1,2213,0,5.28,0
192.48,11,transfer,0,2912,4,52.54,0
39.61,20,transfer,0,2787,4,5.21,0
32.44,17,withdrawal,0,492,3,1.48,0
104.84,12,withdrawal,0,2780,3,16.34,0
179.63,17,transfer,0,1588,4,1.51,0
21.51,22,purchase,0,416,2,11.78,0
31.13,14,purchase,0,427,0,40.44,0
59.49,9,online,0,224,1,13.86,0
175.67,17,withdrawal,0,3359,3,3.68,0
37.55,13,purchase,0,2027,2,12.65,0
51.15,17,online,0,1147,3,6.82,0
141.61,6,purchase,0,3050,0,14.69,0
104.47,18,online,0,952,1,21.68,0
148.33,16,purchase,0,3504,1,13.63,0
170.32,10,purchase,0,2335,0,7.16,0
157.25,20,purchase,0,513,3,1.79,0
46.05,6,purchase,0,1589,2,2.21,0
62.91,8,purchase,0,779,1,31.06,0
28.32,22,transfer,0,2861,4,22.88,0
115.12,15,purchase,0,2634,3,41.8,0
83.49,20,purchase,0,1709,1,16.38,0
20.86,8,purchase,1,240,6,2.8,0
46.14,8,purchase,0,3329,1,3.92,0
49.59,18,purchase,0,360,1,13.66,0
65.23,11,purchase,0,1233,3,8.8,0
81.55,10,transfer,0,1022,0,23.7,0
114.06,18,online,0,786,2,1.34,0
57.77,18,purchase,0,3593,3,7.04,0
45.64,19,withdrawal,0,1268,1,9.24,0
192.72,17,purchase,0,3108,1,13.9,0
105.94,22,purchase,0,1715,2,16.47,0
67.69,22,withdrawal,1,60,2,5.88,0
7.59,20,purchase,0,3035,4,10.52,0
17.81,6,transfer,0,2728,1,12.37,0
130.5,22,purchase,1,1419,2,0.46,0
79.91,14,purchase,0,2416,1,6.7,0
156.51,22,purchase,0,1992,0,13.59,0
79.31,19,purchase,0,1723,1,79.88,0
42.2,11,purchase,0,2077,0,12.27,0
93.15,9,transfer,0,1906,3,0.68,0
105.68,21,purchase,0,54,2,22.92,0
84.89,7,withdrawal,0,3109,1,0.64,0
58.0,13,purchase,0,3489,1,29.04,0
52.59,7,purchase,0,337,5,24.76,0
7.65,14,online,1,3057,1,0.09,0
50.74,11,online,0,3322,0,15.27,0
87.36,20,online,1,2716,0,13.75,0
91.97,15,purchase,0,723,1,6.54,0
44.34,17,purchase,0,3061,2,14.91,0
94.9,22,purchase,1,3067,2,10.59,0
173.72,16,purchase,0,1267,1,25.43,0
42.03,18,purchase,0,2294,0,10.33,0
120.53,18,purchase,0,2281,1,0.98,0
120.15,22,purchase,1,2495,1,36.97,0
95.88,6,withdrawal,0,1106,2,0.65,0
97.86,6,purchase,0,138,2,2.89,0
143.16,18,purchase,0,1554,5,12.92,0
76.33,21,purchase,0,1809,2,36.0,0
57.46,6,purchase,0,2760,1,0.0,0
175.62,22,purchase,0,1260,2,6.58,0
150.18,13,withdrawal,0,1951,0,0.25,0
30.19,19,withdrawal,0,1940,2,5.19,0
28.82,19,online,0,1621,1,0.46,0
34.81,14,withdrawal,0,3021,2,0.88,0
59.23,20,purchase,0,3533,0,1.09,0
16.48,10,transfer,0,2091,4,8.43,0
95.79,13,purchase,0,1445,1,1.2,0
42.89,15,withdrawal,0,3474,3,17.7,0
32.56,17,purchase,0,2541,2,5.18,0
42.64,13,purchase,0,1883,1,4.85,0
207.87,9,purchase,0,1724,2,5.34,0
26.49,9,purchase,0,3230,1,29.97,0
106.44,18,withdrawal,0,2282,2,11.89,0
80.39,20,purchase,0,1473,0,34.75,0
285.36,8,online,0,2088,4,13.07,0
48.71,8,purchase,0,2555,2,2.19,0
18.76,9,transfer,0,1677,4,9.88,0
112.06,14,purchase,0,1949,3,13.1,0
38.59,17,transfer,0,2726,0,56.15,0
59.55,22,purchase,0,1938,3,0.45,0
75.75,22,online,1,2868,3,34.83,0
60.55,7,purchase,0,3323,4,15.16,0
80.7,10,online,0,1593,0,3.22,0
36.84,20,purchase,0,1688,4,13.94,0
66.4,20,transfer,0,1125,0,5.9,0
52.79,7,purchase,0,792,0,4.89,0
111.5,15,withdrawal,0,3263,0,11.36,0
11.97,21,withdrawal,0,2452,2,11.75,0
15.68,17,purchase,0,3350,3,7.3,0
156.3,16,purchase,0,2491,1,30.75,0
35.29,13,purchase,0,1823,2,9.11,0
702.52,5,purchase,0,142,8,216.15,1
58.03,17,purchase,0,1202,2,1.51,0
101.86,20,purchase,0,2378,0,15.38,0
40.02,6,purchase,0,3056,2,4.23,0
29.27,11,withdrawal,0,743,1,20.79,0
73.05,9,online,0,3260,0,1.74,0
120.61,20,transfer,0,1939,1,63.87,0
211.35,15,online,0,1265,3,15.38,0
144.78,17,purchase,0,1304,2,31.9,0
38.75,8,transfer,0,1832,2,15.68,0
70.34,17,withdrawal,0,2323,4,27.25,0
79.64,8,purchase,0,1314,0,16.38,0
127.36,7,withdrawal,0,3404,2,12.93,0
116.28,9,transfer,0,1097,2,2.65,0
109.73,11,online,0,541,2,9.41,0
192.88,15,withdrawal,0,1529,4,8.78,0
124.07,15,withdrawal,0,1939,3,3.79,0
267.44,18,purchase,1,2562,1,0.06,0
146.26,12,online,0,2803,3,10.06,0
29.46,15,purchase,0,911,1,3.1,0
64.72,16,online,0,464,2,9.0,0
8.27,21,online,0,1856,1,0.45,0
81.76,7,withdrawal,0,2892,1,28.76,0
42.61,18,purchase,0,2032,1,66.36,0
36.78,11,purchase,0,1154,2,15.04,0
8.92,14,purchase,0,702,0,72.06,0
108.95,9,purchase,0,1941,1,0.07,0
48.18,17,online,0,1757,0,17.58,0
171.52,18,withdrawal,0,3076,2,13.06,0
59.88,21,transfer,0,492,3,3.99,0
79.65,9,purchase,0,2521,2,7.23,0
122.36,7,purchase,0,207,2,16.63,0
230.51,10,purchase,0,2289,3,1.03,0
153.54,20,purchase,0,2037,0,4.09,0
70.35,14,withdrawal,0,2907,2,5.07,0
50.04,20,withdrawal,0,2207,1,8.71,0
79.17,21,purchase,0,3613,1,8.04,0
128.82,11,online,0,2628,0,35.71,0
274.02,13,purchase,0,1540,0,23.97,0
33.69,16,withdrawal,0,2296,0,14.61,0
90.01,14,withdrawal,0,471,2,17.04,0
45.82,18,purchase,0,3561,0,2.86,0
139.3,21,purchase,0,3279,0,9.79,0
43.32,11,purchase,0,1731,4,3.98,0
40.7,8,withdrawal,0,2124,0,15.39,0
7.61,15,withdrawal,0,2976,2,6.45,0
82.28,8,transfer,0,305,4,13.67,0
8.96,22,purchase,0,772,1,47.64,0
12.81,10,purchase,0,1748,5,1.29,0
142.83,11,purchase,0,3074,2,4.92,0
104.98,21,online,0,871,1,22.77,0
22.4,12,online,0,1530,5,31.3,0
87.43,21,withdrawal,0,202,1,2.75,0
57.07,7,transfer,1,1785,2,37.46,0
77.87,13,withdrawal,0,2779,3,2.42,0
2231.09,0,online,0,261,4,146.03,1
88.81,13,withdrawal,0,2405,4,2.52,0
93.0,20,purchase,0,3437,1,8.94,0
90.0,7,transfer,0,2388,1,15.8,0
150.77,12,purchase,0,1137,1,16.21,0
18.1,22,withdrawal,0,3548,0,14.14,0
103.71,11,purchase,0,3463,3,19.19,0
33.57,10,purchase,0,1086,2,11.71,0
103.19,21,purchase,0,1743,1,16.46,0
77.7,11,purchase,0,2634,2,3.49,0
45.84,19,transfer,0,2567,4,1.26,0
33.0,18,withdrawal,0,1258,4,3.38,0
38.21,13,purchase,0,1747,0,24.52,0
94.72,22,purchase,0,361,1,3.28,0
57.83,8,purchase,0,2340,2,10.65,0
225.96,16,withdrawal,0,3186,2,7.45,0
142.16,21,online,0,1598,1,10.06,0
10.11,8,withdrawal,0,753,4,16.84,0
123.97,19,purchase,0,204,4,16.87,0
73.43,13,purchase,0,196,2,1.58,0
14.31,14,purchase,0,1237,0,11.56,0
47.11,10,transfer,0,75,3,2.74,0
43.8,7,purchase,0,825,1,1.49,0
312.56,15,purchase,0,1837,2,9.18,0
54.48,9,purchase,0,2534,0,2.02,0
43.54,14,purchase,0,3305,3,10.02,0
9.64,7,withdrawal,0,700,4,4.4,0
47.24,18,purchase,0,2057,1,4.88,0
45.53,7,purchase,0,3522,2,0.93,0
61.26,17,purchase,0,1729,2,7.53,0
1.96,22,withdrawal,0,2205,1,4.49,0
27.53,21,withdrawal,0,3291,2,1.57,0
31.85,11,online,0,1407,3,6.64,0
74.24,7,purchase,0,35,2,2.02,0
59.47,9,online,0,1628,4,9.46,0
137.95,10,online,0,925,1,25.53,0
52.13,20,withdrawal,0,3484,1,25.55,0
90.55,7,purchase,0,3126,1,11.93,0
47.14,19,purchase,0,1197,3,2.7,0
46.78,13,purchase,0,99,1,8.19,0
66.18,20,online,0,1831,0,10.89,0
89.54,9,withdrawal,0,2544,0,0.76,0
520.99,1,transfer,0,46,14,1100.59,1
42.86,21,withdrawal,0,111,1,18.32,0
11.31,17,purchase,0,1651,2,3.53,0
2.23,12,purchase,0,794,1,0.21,0
110.32,9,purchase,0,161,0,24.47,0
114.79,18,withdrawal,0,3334,0,4.07,0
25.69,17,purchase,0,2867,3,6.62,0
114.8,16,transfer,0,518,2,24.97,0
50.71,20,withdrawal,0,2424,3,34.82,0
14.99,22,online,0,2850,1,19.63,0
72.91,22,purchase,0,3087,4,14.07,0
418.58,1,online,0,204,4,351.55,1
227.87,17,withdrawal,0,2145,1,21.98,0
15.68,7,withdrawal,0,2510,1,0.67,0
191.84,17,transfer,0,368,3,7.46,0
37.07,20,online,0,1865,1,42.37,0
65.13,15,purchase,0,1218,1,10.35,0
185.95,12,purchase,0,731,1,37.01,0
44.02,14,purchase,0,162,0,7.78,0
98.36,13,purchase,0,391,2,6.65,0
57.93,7,transfer,0,3577,3,39.89,0
17.22,8,purchase,0,1725,0,48.64,0
67.15,11,purchase,0,1687,2,7.02,0
114.05,19,purchase,0,411,1,25.85,0
49.73,15,withdrawal,0,194,1,1.87,0
75.48,9,purchase,0,3157,3,8.56,0
138.36,13,online,0,538,3,4.98,0
21.65,6,withdrawal,0,860,1,1.37,0
79.75,17,withdrawal,0,971,0,85.18,0
20.4,20,purchase,0,3339,1,4.51,0
46.94,17,purchase,0,2558,3,74.11,0
89.49,8,purchase,0,1409,1,7.72,0
22.92,13,transfer,0,2539,2,15.92,0
209.99,21,transfer,0,900,6,4.33,0
108.09,6,withdrawal,0,3504,2,24.06,0
110.66,21,purchase,0,3210,2,11.87,0
60.26,15,purchase,0,2623,2,23.27,0
46.43,18,purchase,0,492,3,10.29,0
58.22,7,purchase,0,1139,2,1.82,0
58.49,13,withdrawal,0,258,1,4.82,0
24.1,6,purchase,0,2945,3,15.2,0
100.9,14,online,0,1411,3,0.08,0
117.66,22,withdrawal,0,1420,1,11.5,0
29.41,6,purchase,0,544,0,12.5,0
48.22,8,purchase,0,719,2,12.91,0
5.42,17,purchase,1,1803,3,3.49,0
29.69,21,withdrawal,0,782,1,4.34,0
86.36,12,purchase,0,910,2,48.43,0
61.61,18,purchase,0,1529,3,23.72,0
169.71,11,purchase,0,1254,0,1.38,0
49.4,17,purchase,0,1379,5,4.68,0
79.7,21,purchase,0,3308,2,4.57,0
59.42,19,purchase,1,1785,3,7.99,0
70.54,16,withdrawal,0,2087,6,5.55,0
123.48,7,purchase,0,3538,2,16.39,0
71.41,22,purchase,0,3065,2,1.02,0
200.54,15,online,1,1795,1,12.92,0
12.43,21,withdrawal,0,2237,0,11.07,0
80.38,17,withdrawal,0,3447,1,15.12,0
53.9,18,withdrawal,0,3101,2,14.17,0
68.19,9,purchase,0,435,3,4.1,0
145.36,16,purchase,0,3528,3,23.97,0
157.04,6,purchase,0,3220,2,8.69,0
45.04,21,transfer,0,1132,0,5.02,0
32.03,18,purchase,0,1281,0,36.23,0
111.65,22,purchase,0,3596,2,5.86,0
122.35,13,online,0,2560,0,25.61,0
156.12,6,purchase,0,642,2,19.69,0
81.95,8,purchase,0,704,3,13.23,0
66.29,12,purchase,0,2569,2,1.97,0
112.15,19,purchase,0,1095,5,5.31,0
15.58,9,purchase,0,1343,2,9.3,0
24.37,15,online,0,797,1,2.08,0
67.77,17,purchase,0,2186,0,12.96,0
44.13,18,withdrawal,0,3299,1,1.71,0
56.39,11,withdrawal,0,497,2,2.9,0
178.99,17,purchase,0,1293,1,14.61,0
92.85,7,online,0,2501,5,5.47,0
177.43,14,purchase,1,1352,2,15.52,0
108.04,14,online,0,3498,1,20.88,0
15.41,22,purchase,0,2829,2,6.03,0
16.41,21,online,0,1311,3,1.31,0
77.22,15,transfer,0,2014,4,1.85,0
147.22,21,transfer,0,755,1,2.71,0
110.71,8,purchase,0,2795,0,9.3,0
71.51,22,purchase,0,2687,1,15.82,0
46.91,11,purchase,0,336,1,22.84,0
42.69,14,withdrawal,0,1030,4,2.64,0
153.98,14,online,0,2209,3,0.29,0
45.33,6,transfer,0,2589,3,5.21,0
154.57,21,transfer,1,2386,1,7.18,0
28.87,21,withdrawal,0,1133,0,0.97,0
37.56,10,purchase,0,2557,2,48.98,0
136.98,18,purchase,0,1434,0,1.27,0
89.8,15,purchase,0,2826,4,13.37,0
111.6,15,purchase,0,615,1,10.59,0
31.11,7,purchase,0,2617,0,5.9,0
125.98,6,transfer,0,2818,2,33.8,0
122.83,16,online,1,811,3,15.84,0
94.64,16,purchase,0,3082,3,7.97,0
24.24,20,purchase,0,2355,1,18.95,0
40.77,14,purchase,0,1191,1,12.92,0
145.63,14,purchase,0,69,1,6.99,0
268.06,7,online,1,254,8,62.02,1
68.72,19,purchase,1,1125,3,4.66,0
329.79,6,online,0,337,3,64.91,1
129.26,9,purchase,0,31,3,30.61,0
30.14,11,withdrawal,0,2785,0,32.01,0
84.58,14,withdrawal,0,3603,3,2.84,0
102.07,18,transfer,0,524,2,8.04,0
27.3,18,purchase,0,989,1,0.95,0
58.66,22,purchase,0,1855,1,19.29,0
121.58,14,transfer,0,1022,2,6.19,0
54.1,16,purchase,0,845,2,6.51,0
44.82,22,online,1,3379,1,12.27,0
112.65,6,purchase,0,1224,5,10.51,0
85.6,7,purchase,0,1716,1,2.59,0
124.38,18,withdrawal,0,3521,1,4.12,0
33.44,8,withdrawal,0,2414,4,1.2,0
67.25,16,withdrawal,0,3405,3,8.62,0
1136.58,7,online,1,110,11,534.31,1
32.37,7,withdrawal,0,379,2,5.99,0
77.14,11,purchase,0,1859,1,9.27,0
100.22,7,online,0,157,2,3.97,0
72.54,6,online,0,3456,1,15.82,0
101.18,8,purchase,0,1983,3,47.81,0
11.91,6,withdrawal,1,912,2,3.59,0
32.98,22,transfer,0,1591,0,0.76,0
33.0,11,purchase,0,1721,1,21.6,0
70.63,8,purchase,0,326,1,3.57,0
32.74,21,purchase,0,1079,1,2.9,0
42.51,7,online,0,3548,1,7.38,0
83.39,9,purchase,0,579,2,51.6,0
70.14,8,purchase,0,3075,4,14.52,0
49.91,14,purchase,0,3594,2,1.63,0
100.12,8,purchase,0,515,3,25.87,0
167.71,18,purchase,0,515,2,5.75,0
17.72,6,purchase,0,2220,0,31.03,0
113.63,18,withdrawal,0,1456,1,6.53,0
20.42,16,transfer,0,2987,4,50.36,0
109.74,21,online,0,1259,2,62.92,0
58.44,19,purchase,0,3352,3,4.87,0
46.76,15,online,0,2542,2,0.16,0
39.23,18,purchase,0,69,1,26.08,0
41.15,20,purchase,0,3424,1,14.96,0
70.34,18,withdrawal,0,1198,5,22.61,0
32.14,9,transfer,1,3343,4,2.75,0
85.3,18,purchase,0,593,3,24.71,0
30.59,22,transfer,0,67,3,3.18,0
32.26,19,purchase,0,926,3,66.85,0
104.02,15,purchase,0,51,1,42.03,0
96.65,20,purchase,0,499,2,6.4,0
117.63,16,transfer,0,631,1,0.76,0
94.99,14,purchase,0,3176,0,16.34,0
33.94,17,online,0,3288,1,34.84,0
22.41,10,purchase,0,3345,2,22.14,0
88.73,9,transfer,0,892,3,25.46,0
194.65,7,purchase,0,1715,1,6.2,0
210.76,12,purchase,0,1204,2,0.84,0
1089.05,10,online,0,132,11,31.99,1
13.99,17,transfer,0,3010,1,20.32,0
153.12,9,purchase,0,169,1,10.93,0
64.34,19,purchase,0,1564,1,40.57,0
138.99,9,purchase,0,3467,1,2.27,0
131.93,17,transfer,0,2586,1,51.27,0
47.64,6,withdrawal,0,3640,4,6.47,0
48.56,12,transfer,0,2724,3,4.69,0
20.28,6,purchase,0,3503,2,6.43,0
56.76,21,purchase,0,1464,3,5.15,0
38.62,11,purchase,0,2212,6,9.52,0
99.6,17,purchase,0,3196,0,7.75,0
83.97,9,withdrawal,0,1778,4,9.12,0
71.34,19,online,0,2192,2,0.19,0
38.45,22,online,0,2431,2,39.56,0
61.79,8,withdrawal,0,2203,2,0.71,0
39.88,11,withdrawal,0,1035,5,49.3,0
175.85,13,purchase,0,3495,2,31.46,0
64.14,7,online,0,2937,1,7.04,0
53.78,14,purchase,0,1342,5,11.57,0
123.16,7,withdrawal,0,1856,1,47.15,0
118.76,16,purchase,0,386,1,6.24,0
120.1,16,transfer,0,2113,3,13.91,0
65.26,16,withdrawal,0,3062,2,3.74,0
56.48,14,purchase,0,2487,3,5.23,0
204.32,9,withdrawal,0,1346,2,8.12,0
51.76,8,purchase,1,1745,1,3.44,0
72.02,17,online,0,1491,1,3.54,0
126.77,9,purchase,0,209,5,29.79,0
44.57,15,transfer,0,2559,2,33.05,0
46.88,21,withdrawal,0,1151,2,7.27,0
87.16,18,purchase,0,2271,3,1.78,0
47.78,17,purchase,0,883,1,39.47,0
51.98,22,withdrawal,0,1509,2,5.52,0
71.96,20,purchase,0,2637,1,2.75,0
1047.9,20,online,0,297,5,36.31,1
10.7,19,purchase,0,2435,1,59.53,0
36.72,10,online,0,3448,0,30.42,0
10.08,8,purchase,0,244,3,8.3,0
41.61,10,transfer,0,2956,2,4.75,0
79.01,17,withdrawal,0,2314,1,2.69,0
48.31,6,purchase,0,76,1,14.26,0
77.21,14,purchase,0,3378,3,16.0,0
45.22,7,purchase,1,3456,2,84.11,0
70.48,12,purchase,0,3440,1,11.6,0
58.09,15,purchase,1,1395,2,9.57,0
113.29,9,transfer,1,2660,1,11.39,0
62.72,9,transfer,1,3213,2,62.96,0
7.4,10,purchase,0,3371,6,15.65,0
51.83,16,purchase,0,488,1,12.87,0
123.16,14,transfer,0,1868,2,14.71,0
224.83,18,withdrawal,0,3002,3,1.71,0
101.5,11,purchase,0,2626,2,6.2,0
24.44,14,transfer,0,944,3,22.17,0
169.22,6,withdrawal,0,975,1,7.29,0
212.41,10,withdrawal,0,131,0,3.11,0
104.65,22,purchase,0,957,7,0.2,0
47.09,15,withdrawal,0,753,3,2.1,0
38.43,19,withdrawal,0,3203,2,21.33,0
82.69,6,purchase,0,1313,1,27.63,0
86.18,12,withdrawal,0,925,2,1.95,0
163.03,19,withdrawal,1,3459,2,1.87,0
80.29,10,online,0,2688,2,6.94,0
92.06,22,withdrawal,0,2701,3,27.8,0
30.19,6,purchase,0,383,0,33.8,0
210.59,7,purchase,0,406,1,6.95,0
840.58,0,purchase,0,77,3,756.54,1
50.24,12,purchase,0,3086,3,36.7,0
65.76,17,purchase,0,948,5,17.79,0
100.4,12,online,0,225,3,1.76,0
229.15,8,online,0,1145,2,12.45,0
74.58,9,withdrawal,1,727,2,11.35,0
137.97,9,online,0,732,0,2.97,0
59.28,13,purchase,0,1238,1,7.44,0
37.86,13,purchase,0,2683,2,35.82,0
79.56,18,withdrawal,0,325,0,9.48,0
40.84,17,purchase,0,2245,4,13.5,0
54.37,8,purchase,0,365,0,23.65,0
350.62,21,online,0,3308,0,24.0,0
123.52,15,purchase,0,1148,3,0.83,0
90.21,15,withdrawal,0,2819,1,5.81,0
85.4,18,online,0,797,3,5.6,0
171.2,7,purchase,0,742,3,26.07,0
182.37,17,online,0,2882,3,37.64,0
68.31,10,purchase,0,2779,3,1.98,0
89.51,9,withdrawal,0,2136,1,6.8,0
75.58,15,purchase,0,3456,0,16.71,0
33.58,22,purchase,0,2273,0,3.93,0
92.99,6,purchase,0,2518,1,1.05,0
20.55,10,purchase,1,2204,3,5.64,0
47.02,12,withdrawal,0,230,4,18.51,0
71.76,19,purchase,0,2866,2,2.67,0
109.57,17,withdrawal,0,3389,4,1.39,0
183.79,19,purchase,0,2695,1,0.2,0
44.05,14,online,0,839,0,7.64,0
103.1,17,purchase,0,935,2,3.07,0
32.2,15,transfer,0,1523,3,3.73,0
77.74,20,withdrawal,0,1437,1,23.73,0
84.7,16,online,1,1731,2,0.09,0
16.01,16,transfer,0,281,2,2.18,0
101.97,20,transfer,0,3205,1,6.7,0
50.54,18,transfer,0,1371,4,3.42,0
68.69,13,withdrawal,0,2607,0,5.18,0
96.18,22,purchase,0,1161,1,1.61,0
77.75,9,purchase,0,2026,2,28.02,0
71.62,20,purchase,0,2438,2,0.56,0
100.89,10,purchase,0,952,5,15.02,0
66.99,22,withdrawal,0,922,3,3.02,0
37.02,19,transfer,0,1150,1,10.95,0
147.83,22,purchase,0,2054,1,10.15,0
53.13,22,purchase,0,288,1,4.7,0
120.27,6,purchase,0,2770,4,8.38,0
110.47,10,purchase,0,474,3,14.3,0
32.81,16,purchase,0,580,3,18.3,0
100.92,19,purchase,0,1587,0,2.05,0
63.67,9,purchase,0,193,2,31.91,0
214.88,14,transfer,0,3360,5,11.01,0
79.07,11,purchase,0,774,3,2.14,0
153.98,7,purchase,0,579,1,3.49,0
46.51,22,transfer,0,2729,2,1.73,0
720.08,8,withdrawal,1,361,5,237.42,1
21.4,16,purchase,0,3332,0,4.77,0
18.72,15,withdrawal,1,227,2,19.65,0
123.08,6,transfer,0,3503,0,17.07,0
189.32,10,purchase,0,1412,0,46.5,0
46.21,19,purchase,0,1885,3,5.28,0
35.54,20,purchase,0,796,1,1.31,0
144.9,12,online,0,2617,3,10.82,0
45.02,17,purchase,0,309,3,47.72,0
134.34,16,purchase,0,69,3,35.87,0
89.8,6,online,0,823,3,10.63,0
12.89,13,online,0,3611,3,25.73,0
138.47,16,withdrawal,0,251,2,17.98,0
49.26,11,online,0,2712,2,10.42,0
201.91,15,transfer,0,57,2,26.88,0
205.01,20,transfer,0,1399,3,21.84,0
54.73,16,transfer,1,390,2,5.0,0
76.22,6,purchase,1,2729,0,22.8,0
36.41,12,purchase,0,1920,3,17.27,0
57.22,13,withdrawal,0,1225,3,11.05,0
649.6,0,purchase,1,199,9,94.82,1
49.42,8,purchase,0,2232,4,11.96,0
51.19,9,withdrawal,0,1455,3,5.19,0
76.89,20,purchase,0,2957,5,53.93,0
41.35,21,online,0,2284,1,1.56,0
77.88,8,purchase,0,823,3,17.51,0
154.77,11,withdrawal,0,2496,1,0.54,0
118.1,13,transfer,0,3313,2,31.37,0
271.23,17,purchase,0,220,4,16.18,0
38.45,20,transfer,0,1976,1,16.14,0
54.54,19,purchase,0,1200,0,1.7,0
12.99,18,transfer,0,868,3,16.86,0
66.94,22,withdrawal,0,2505,1,19.5,0
164.36,19,purchase,0,1280,1,36.67,0
67.05,20,purchase,0,2143,2,8.32,0
882.12,0,online,0,56,3,669.3,1
50.28,8,transfer,0,740,4,20.82,0
197.54,14,purchase,0,1875,2,2.32,0
13.15,13,withdrawal,0,979,2,2.13,0
167.87,16,purchase,0,3180,0,10.18,0
752.06,12,transfer,0,58,2,291.21,1
153.14,6,online,0,895,2,12.71,0
96.53,7,purchase,0,3227,2,0.47,0
20.73,17,purchase,1,1985,4,6.02,0
62.3,9,purchase,0,2299,6,2.64,0
58.42,9,purchase,0,2176,1,13.57,0
15.38,21,purchase,0,3076,2,9.55,0
97.62,13,purchase,0,454,2,1.04,0
143.98,7,withdrawal,0,979,0,34.33,0
70.03,8,purchase,0,875,1,5.39,0
49.67,22,purchase,0,1472,3,14.89,0
104.25,10,purchase,0,376,3,10.25,0
57.98,13,purchase,0,2216,0,4.77,0
87.69,14,transfer,0,2016,3,21.57,0
36.04,14,purchase,0,2730,3,8.64,0
36.88,19,purchase,0,3497,1,2.36,0
42.23,10,transfer,1,3548,2,18.62,0
144.3,22,purchase,0,1511,1,5.25,0
32.99,20,transfer,0,2017,1,21.43,0
62.31,18,withdrawal,0,2804,1,11.82,0
58.47,10,online,0,1228,3,12.81,0
186.61,14,purchase,0,847,4,32.21,0
85.65,9,online,0,2034,1,5.68,0
61.92,7,online,0,1589,1,36.03,0
64.83,6,online,0,3636,1,7.37,0
172.85,18,purchase,0,2855,0,56.28,0
261.05,10,purchase,0,2154,3,17.6,0
115.56,14,purchase,0,1305,4,8.97,0
113.42,7,purchase,0,784,3,1.83,0
354.47,17,online,0,227,5,346.55,1
71.6,18,purchase,0,2133,1,15.17,0
52.65,15,purchase,0,2277,3,23.4,0
59.04,15,transfer,0,1345,1,3.05,0
929.0,3,purchase,1,30,9,71.5,1
113.24,12,purchase,0,299,0,21.08,0
76.63,18,transfer,0,2544,2,10.48,0
46.87,16,purchase,0,2255,1,31.32,0
134.72,10,purchase,0,2371,4,60.22,0
32.68,16,purchase,0,3483,0,13.65,0
92.72,8,purchase,0,3496,1,10.95,0
55.85,8,purchase,0,2763,1,13.41,0
119.41,19,purchase,0,2499,0,30.08,0
33.34,6,withdrawal,0,1300,1,12.34,0
23.69,6,purchase,0,3282,2,25.94,0
108.52,21,purchase,0,1544,3,12.2,0
34.83,18,withdrawal,0,1143,2,20.74,0
238.54,11,purchase,0,3473,2,10.26,0
47.15,16,purchase,0,1939,3,1.15,0
12.49,8,purchase,0,3210,2,63.54,0
0.14,14,online,0,1477,1,1.26,0
42.13,22,withdrawal,0,2860,1,14.1,0
74.06,15,online,0,2164,0,4.77,0
89.74,11,transfer,0,2961,0,1.49,0
103.06,22,purchase,0,1184,2,29.86,0
55.41,13,transfer,0,3631,3,1.41,0
63.96,18,online,0,1732,1,33.35,0
63.34,21,purchase,0,2000,3,26.36,0
134.92,8,purchase,0,2173,2,1.2,0
60.69,18,online,0,997,1,14.37,0
31.46,14,purchase,0,129,2,33.33,0
65.79,18,withdrawal,0,2903,2,26.06,0
124.99,15,purchase,0,115,1,69.16,0
81.98,20,withdrawal,0,1817,4,7.33,0
156.2,19,withdrawal,0,968,3,1.43,0
103.4,15,withdrawal,0,2345,1,26.76,0
35.73,17,withdrawal,0,2194,1,10.31,0
159.09,14,purchase,0,2778,1,14.23,0
88.16,8,online,0,2476,1,2.59,0
135.27,7,online,0,2441,3,32.44,0
54.48,8,purchase,0,2157,1,29.69,0
20.37,12,purchase,0,1286,2,49.33,0
153.86,18,purchase,0,3493,5,1.27,0
27.12,15,purchase,0,727,1,41.27,0
124.0,21,withdrawal,0,1057,1,3.91,0
71.57,14,online,1,1654,2,27.37,0
109.05,6,purchase,0,961,1,6.98,0
16.21,6,online,0,476,3,59.78,0
107.6,17,transfer,0,3488,8,2.09,0
165.46,20,withdrawal,0,780,3,11.44,0
40.11,6,purchase,0,1738,2,41.52,0
50.93,7,online,0,889,3,1.68,0
93.94,8,transfer,0,3216,0,8.68,0
155.18,15,purchase,0,2241,0,0.66,0
49.89,15,online,0,308,6,4.37,0
54.25,15,withdrawal,0,2169,1,19.88,0
179.08,19,purchase,0,888,4,0.6,0
140.74,21,purchase,0,30,0,11.2,0
68.21,11,purchase,0,3530,3,33.99,0
91.12,12,online,0,593,2,39.55,0
20.77,18,purchase,0,3324,1,36.28,0
21.31,8,purchase,0,3305,1,26.95,0
93.72,18,purchase,0,2535,4,4.31,0
161.16,17,purchase,1,2509,1,6.82,0
26.7,9,online,0,1282,2,18.98,0
66.79,20,purchase,0,2954,4,2.27,0
39.7,3,purchase,0,214,10,403.68,1
39.13,14,purchase,0,717,3,0.13,0
34.66,19,purchase,0,1986,2,11.91,0
111.76,21,withdrawal,0,950,2,1.27,0
29.88,19,online,1,3638,1,15.72,0
10.8,7,transfer,0,1525,1,15.38,0
35.1,21,transfer,0,3298,3,3.56,0
49.27,18,purchase,0,3217,1,50.59,0
65.12,11,transfer,0,2186,1,10.34,0
32.61,12,purchase,0,302,0,7.12,0
81.67,20,withdrawal,0,3337,0,19.87,0
181.83,10,purchase,0,579,3,5.19,0
98.77,19,withdrawal,0,1286,2,0.86,0
81.97,18,transfer,0,527,2,19.04,0
103.25,20,withdrawal,0,1812,2,5.14,0
27.13,6,purchase,0,462,0,1.74,0
375.37,14,transfer,1,37,4,291.51,1
42.04,19,online,0,3417,1,7.39,0
37.65,16,purchase,0,2317,1,18.99,0
114.75,15,purchase,0,3288,1,11.77,0
29.17,21,withdrawal,0,539,3,54.19,0
68.55,13,purchase,0,467,1,0.51,0
115.57,13,purchase,0,256,2,6.15,0
47.84,21,purchase,0,3305,1,28.7,0
192.1,9,purchase,0,1798,3,10.1,0
111.09,6,transfer,0,2469,3,8.97,0
81.02,6,purchase,0,1420,2,59.95,0
24.48,22,transfer,0,1341,4,14.03,0
51.99,7,withdrawal,0,269,3,18.54,0
86.04,20,purchase,0,2081,2,19.26,0
53.57,19,transfer,0,2298,1,2.66,0
47.72,7,purchase,0,159,2,19.41,0
61.89,22,transfer,0,3131,2,64.92,0
154.7,17,purchase,0,3376,1,15.56,0
102.97,6,purchase,0,3554,2,2.62,0
121.74,22,transfer,0,3455,1,2.54,0
36.6,9,online,0,1553,2,12.13,0
104.43,20,online,1,3282,2,4.14,0
63.63,10,purchase,1,2594,1,32.37,0
33.86,12,purchase,0,1196,2,1.25,0
102.26,16,purchase,0,3173,2,4.15,0
140.46,13,purchase,0,1651,1,35.65,0
42.24,9,purchase,1,2314,2,4.38,0
27.37,20,withdrawal,0,1872,2,30.21,0
124.28,6,purchase,0,368,0,12.12,0
29.37,13,purchase,0,3294,1,5.13,0
62.26,9,withdrawal,0,3216,3,22.76,0
99.52,12,transfer,0,3090,2,0.68,0
24.42,13,purchase,0,124,0,2.24,0
80.28,12,purchase,0,55,4,12.66,0
47.5,6,purchase,0,2243,5,2.6,0
26.47,12,purchase,0,3570,1,9.37,0
78.47,9,purchase,0,397,2,13.43,0
98.62,13,purchase,0,1841,4,7.73,0
104.81,16,purchase,0,795,4,3.82,0
43.9,18,transfer,0,2140,3,9.72,0
281.27,6,online,0,3603,3,0.31,0
133.92,14,transfer,0,395,3,0.06,0
90.79,22,purchase,0,2385,3,53.95,0
76.46,14,online,1,3640,6,13.7,0
20.79,17,purchase,0,1300,3,12.38,0
186.19,10,purchase,0,1175,5,9.93,0
124.11,9,purchase,0,1964,0,37.17,0
78.53,18,purchase,0,2169,2,7.11,0
26.44,21,purchase,0,2802,4,27.72,0
65.11,14,purchase,0,778,1,2.79,0
106.71,17,purchase,0,1671,2,23.73,0
92.15,14,purchase,0,1173,2,1.96,0
81.87,11,online,0,3358,1,0.35,0
56.35,19,purchase,0,2626,5,9.71,0
108.21,11,online,0,3028,2,16.77,0
69.42,11,withdrawal,0,1103,5,30.5,0
12.87,15,withdrawal,0,2467,3,28.7,0
4.94,19,withdrawal,0,555,3,67.81,0
100.94,14,withdrawal,0,1265,3,15.84,0
39.8,20,withdrawal,0,3103,1,4.2,0
80.96,12,online,0,3369,1,12.71,0
85.94,17,purchase,0,280,0,18.61,0
40.66,13,purchase,0,1907,2,15.27,0
120.64,6,purchase,0,3436,0,8.78,0
53.95,12,online,1,938,6,18.5,0
66.52,18,purchase,0,1786,2,9.51,0
36.91,8,withdrawal,0,3629,4,13.79,0
56.53,18,online,0,965,3,48.65,0
78.74,15,transfer,0,1524,1,30.8,0
19.8,22,transfer,0,2185,2,2.02,0
170.51,12,transfer,0,3068,3,6.16,0
198.65,6,online,0,154,1,13.78,0
59.32,13,transfer,0,854,0,5.23,0
35.51,13,online,0,766,1,8.85,0
120.29,12,purchase,0,1816,1,55.66,0
90.93,17,transfer,0,2053,4,2.0,0
140.83,22,transfer,0,3585,1,0.72,0
63.56,7,withdrawal,0,2020,6,56.85,0
78.92,22,withdrawal,0,3174,1,13.02,0
8.67,7,purchase,0,2725,1,12.14,0
95.36,18,online,0,645,3,15.39,0
36.95,18,purchase,0,3371,0,0.25,0
134.67,11,purchase,0,2486,0,2.57,0
109.48,19,online,0,3001,1,26.3,0
45.36,8,purchase,0,2093,2,21.37,0
55.17,15,purchase,0,2164,0,5.09,0
41.2,14,purchase,0,1119,0,24.37,0
220.08,11,purchase,1,2782,0,7.47,0
138.94,21,withdrawal,0,277,4,11.21,0
158.51,6,transfer,0,2112,1,1.06,0
1363.3,16,withdrawal,0,58,7,98.49,1
92.97,17,purchase,1,2009,2,1.29,0
66.07,10,purchase,0,491,2,5.08,0
40.76,6,withdrawal,0,2763,3,29.1,0
60.02,20,purchase,0,2735,2,5.34,0
126.88,7,purchase,0,1331,0,19.06,0
30.2,6,transfer,0,1972,1,45.56,0
14.4,13,purchase,0,1725,1,8.23,0
51.83,16,online,0,2190,3,3.37,0
74.16,18,purchase,0,2776,4,11.23,0
39.24,12,online,0,2828,2,21.61,0
47.1,19,purchase,0,2743,3,26.54,0
104.48,7,purchase,0,3492,3,3.7,0
122.4,13,transfer,0,2855,2,2.89,0
21.98,22,purchase,0,2095,4,13.88,0
84.61,16,purchase,0,2734,2,5.4,0
136.83,16,online,1,3165,1,6.23,0
101.39,8,withdrawal,0,3018,3,6.43,0
62.95,13,withdrawal,0,3156,2,18.89,0
86.95,9,purchase,0,950,1,1.86,0
74.16,20,purchase,0,2298,4,6.95,0
47.08,19,withdrawal,0,583,0,17.49,0
64.67,7,transfer,0,2921,3,6.84,0
58.55,20,purchase,0,3070,2,27.91,0
4.01,21,purchase,0,3582,0,9.03,0
113.54,6,purchase,0,2277,1,13.35,0
22.26,11,purchase,0,2630,4,18.62,0
56.12,21,purchase,0,1213,1,7.91,0
116.0,6,online,0,2312,2,10.57,0
81.95,14,purchase,0,413,2,63.0,0
49.13,10,withdrawal,0,606,1,7.1,0
25.19,13,transfer,0,3513,2,21.38,0
31.62,14,purchase,0,1972,3,2.89,0
61.13,15,purchase,0,865,2,2.09,0
212.29,20,purchase,0,970,0,0.7,0
123.1,11,withdrawal,0,1545,3,13.97,0
9.36,9,withdrawal,1,1918,0,2.43,0
87.18,18,purchase,0,1969,1,8.89,0
76.81,21,purchase,0,174,6,7.21,0
28.32,20,online,0,1561,2,13.23,0
80.26,14,purchase,0,2775,2,5.69,0
68.48,17,online,0,3239,1,17.01,0
8.34,10,purchase,0,1199,3,69.53,0
112.19,18,purchase,0,850,4,7.65,0
16.02,15,online,0,3142,3,12.15,0
98.79,7,online,0,468,4,76.62,0
143.78,21,purchase,0,1223,2,0.79,0
42.22,18,purchase,0,756,1,24.62,0
15.93,7,purchase,0,263,0,6.13,0
66.24,20,withdrawal,0,2440,3,4.4,0
93.45,10,purchase,0,2501,3,35.31,0
144.73,13,transfer,0,1592,1,1.34,0
49.74,11,transfer,0,650,4,4.7,0
23.5,20,withdrawal,0,1845,3,3.72,0
194.53,13,purchase,1,1138,1,15.29,0
99.54,12,purchase,0,3489,2,4.91,0
50.85,20,purchase,0,3386,0,10.1,0
79.27,12,transfer,0,2855,1,2.12,0
146.34,8,withdrawal,0,827,1,19.88,0
104.13,19,transfer,0,706,1,19.83,0
67.07,12,withdrawal,0,3330,3,1.23,0
82.84,14,purchase,0,1184,4,15.65,0
130.43,16,withdrawal,0,2727,0,37.25,0
15.71,17,online,0,2637,1,9.92,0
23.76,14,withdrawal,1,903,2,11.2,0
20.48,22,purchase,1,2113,1,0.24,0
35.22,22,withdrawal,0,2057,0,41.85,0
61.27,15,withdrawal,0,2189,0,16.44,0
33.39,14,transfer,0,3335,2,2.27,0
66.43,20,purchase,0,2550,2,4.77,0
42.35,13,purchase,0,3195,0,59.56,0
117.14,7,transfer,0,663,1,12.87,0
183.97,0,online,1,264,10,64.61,1
14.13,16,online,0,287,4,46.89,0
32.33,16,purchase,0,2585,3,18.04,0
158.14,17,online,0,529,3,3.27,0
83.73,19,purchase,0,90,4,1.99,0
98.45,10,purchase,0,3260,2,18.44,0
125.79,18,purchase,0,1377,2,2.31,0
113.81,18,purchase,0,251,1,8.29,0
90.4,10,transfer,1,2017,1,9.09,0
9.69,19,purchase,0,789,2,13.61,0
113.97,10,withdrawal,0,83,5,3.32,0
1738.95,1,purchase,0,78,4,292.27,1
71.23,14,purchase,0,770,1,22.0,0
97.72,19,withdrawal,0,3425,2,12.26,0
51.19,16,purchase,0,1069,2,6.99,0
117.49,10,withdrawal,0,1069,1,10.26,0
143.42,8,purchase,0,2665,1,4.37,0
62.2,10,transfer,0,2129,4,52.97,0
71.71,19,purchase,0,3550,1,1.17,0
62.89,7,transfer,0,3580,0,17.34,0
72.32,6,withdrawal,0,1610,2,7.01,0
99.29,18,purchase,0,2512,3,11.21,0
15.78,12,purchase,0,816,1,5.84,0
13.19,14,transfer,0,2476,3,26.11,0
95.47,6,online,0,1485,0,46.1,0
63.01,21,purchase,0,3183,1,4.68,0
162.17,20,online,0,922,4,5.22,0
85.58,16,withdrawal,0,1485,1,23.17,0
70.99,9,purchase,0,733,0,65.91,0
214.95,14,transfer,0,1433,1,38.05,0
66.45,15,purchase,0,1832,2,11.31,0
52.8,19,transfer,0,3163,1,49.38,0
22.2,12,purchase,0,2604,3,38.08,0
26.98,20,withdrawal,0,966,2,3.52,0
148.93,15,purchase,0,2616,0,13.94,0
33.49,16,withdrawal,0,2130,2,0.33,0
45.87,9,purchase,0,3004,2,18.41,0
58.8,14,online,0,145,2,13.71,0
908.17,0,online,1,170,4,182.43,1
171.77,6,purchase,0,1576,2,0.44,0
36.87,14,withdrawal,0,2421,1,5.29,0
74.45,14,transfer,0,2377,1,27.5,0
313.86,7,purchase,0,694,0,21.95,0
62.63,15,purchase,0,2613,1,10.16,0
65.53,21,withdrawal,0,2034,1,4.48,0
17.0,22,transfer,0,33,1,13.35,0
132.51,21,transfer,0,2891,1,22.29,0
131.85,8,online,0,543,4,31.02,0
64.9,13,purchase,0,2186,1,3.69,0
65.96,12,purchase,0,1218,2,1.25,0
45.55,6,online,0,45,1,16.39,0
112.45,21,purchase,0,1338,1,7.91,0
99.48,12,transfer,0,2133,1,12.57,0
81.62,19,purchase,0,852,5,17.74,0
15.66,16,withdrawal,0,1626,1,1.68,0
106.58,12,purchase,0,153,1,1.89,0
63.47,20,withdrawal,0,3592,3,3.12,0
30.57,22,purchase,0,3391,2,28.39,0
54.54,21,purchase,0,3136,0,35.55,0
52.65,9,online,0,112,1,16.92,0
26.44,20,transfer,0,2166,3,21.61,0
13.18,15,withdrawal,0,395,1,5.52,0
144.62,14,purchase,0,201,4,8.91,0
157.46,11,transfer,0,282,2,18.62,0
197.13,8,online,1,333,8,5.37,1
23.84,19,withdrawal,0,1141,1,10.15,0
100.59,20,purchase,0,2454,1,25.31,0
98.88,19,withdrawal,0,2284,3,17.03,0
29.56,22,purchase,0,966,1,11.93,0
2.74,17,online,0,1028,1,8.78,0
40.03,11,online,0,68,4,0.71,0
183.96,19,withdrawal,0,2691,5,0.61,0
111.02,20,withdrawal,0,2561,3,14.12,0
629.84,2,online,1,70,5,59.94,1
190.12,9,purchase,0,2262,2,17.0,0
103.76,9,withdrawal,0,232,2,44.93,0
108.86,10,transfer,0,1687,1,3.07,0
171.61,19,purchase,0,277,1,1.25,0
50.11,7,purchase,0,2846,3,1.28,0
22.24,7,online,0,1398,2,5.1,0
167.24,20,online,0,3246,1,9.01,0
35.0,8,purchase,1,59,1,39.37,0
963.5,14,withdrawal,0,251,5,4.73,1
41.77,12,purchase,0,1701,4,12.31,0
74.36,17,online,0,1004,1,1.03,0
76.46,16,withdrawal,0,1623,3,8.03,0
78.51,11,transfer,0,2284,0,1.86,0
75.51,20,purchase,0,1942,1,13.61,0
31.61,16,withdrawal,0,1049,0,12.68,0
886.26,14,online,0,62,1,81.41,1
94.06,20,withdrawal,0,737,1,14.17,0
109.38,20,withdrawal,0,1162,5,21.57,0
95.17,16,purchase,0,3314,3,3.35,0
42.81,13,purchase,0,2171,1,13.65,0
114.54,7,purchase,0,3550,3,2.88,0
11.02,11,purchase,0,1731,2,27.97,0
12.79,17,transfer,0,2269,0,15.53,0
70.13,14,withdrawal,0,1700,4,21.16,0
117.25,16,purchase,1,1487,2,1.15,0
109.11,20,purchase,0,279,4,4.18,0
18.31,6,purchase,0,1276,2,8.31,0
54.09,16,withdrawal,0,513,2,16.69,0
502.47,13,online,0,325,4,45.82,1
90.41,8,online,0,2736,1,5.21,0
7.72,18,online,0,3479,2,5.82,0
136.28,12,purchase,0,3242,2,6.31,0
116.94,10,purchase,0,1324,0,5.36,0
26.67,7,withdrawal,0,2828,2,2.85,0
152.87,12,withdrawal,0,3414,1,17.08,0
83.07,10,purchase,1,3394,1,2.78,0
123.56,19,purchase,0,2251,3,52.81,0
50.45,14,purchase,0,3238,2,6.14,0
138.16,12,withdrawal,0,3190,3,11.57,0
95.22,21,purchase,0,1626,1,4.76,0
143.48,12,purchase,0,1659,3,12.84,0
29.89,19,purchase,0,258,3,2.21,0
109.36,21,purchase,0,816,4,8.6,0
44.22,6,purchase,0,2106,1,13.57,0
3.76,12,withdrawal,0,3191,1,11.29,0
54.44,16,withdrawal,0,403,2,4.96,0
66.01,7,purchase,1,3341,4,11.42,0
81.39,14,online,0,1875,0,2.81,0
99.65,17,transfer,0,1841,1,20.88,0
21.97,15,purchase,0,414,1,9.18,0
70.84,12,transfer,0,2934,2,8.98,0
55.68,13,withdrawal,0,3379,4,1.0,0
97.19,11,purchase,0,1468,2,3.47,0
558.52,18,transfer,0,268,9,907.15,1
24.44,16,purchase,0,966,2,4.13,0
104.34,9,withdrawal,0,1072,1,27.11,0
67.24,19,purchase,0,1621,1,2.51,0
242.66,20,purchase,0,632,2,43.0,0
35.36,8,transfer,0,3293,2,13.43,0
79.9,16,purchase,0,89,1,31.89,0
73.22,14,purchase,0,3109,1,2.95,0
125.83,10,purchase,0,3202,3,27.57,0
71.06,10,purchase,0,858,3,1.04,0
56.58,7,transfer,0,1227,0,6.16,0
77.37,16,purchase,0,1436,1,9.87,0
81.74,18,purchase,0,620,1,3.85,0
60.44,21,purchase,0,792,3,12.85,0
32.63,9,online,0,3619,0,15.97,0
1055.98,10,transfer,1,257,6,514.08,1
18.82,13,purchase,0,944,1,53.71,0
285.23,14,purchase,0,1692,0,36.8,0
20.42,20,purchase,1,2316,4,1.61,0
107.67,6,purchase,0,1992,1,72.21,0
15.43,6,purchase,0,1782,1,4.58,0
87.49,17,purchase,0,3276,2,1.7,0
128.9,17,purchase,0,2872,0,5.96,0
165.72,8,withdrawal,0,3208,1,3.15,0
139.0,10,online,0,3350,3,41.74,0
16.9,21,purchase,0,3485,2,0.35,0
99.94,18,transfer,0,1469,5,7.84,0
69.15,19,withdrawal,0,314,2,10.99,0
5.6,12,withdrawal,0,2628,1,23.0,0
15.58,6,purchase,1,1011,4,35.35,0
71.73,18,purchase,0,2959,2,2.92,0
90.82,17,purchase,0,2049,0,7.45,0
29.54,8,withdrawal,0,3108,3,7.96,0
199.03,6,purchase,0,673,1,29.54,0
211.15,13,online,0,3522,3,16.78,0
154.33,14,withdrawal,0,1735,3,12.89,0
103.28,21,purchase,0,1898,3,34.91,0
67.91,10,purchase,1,1885,4,8.44,0
38.25,20,withdrawal,0,654,1,0.6,0
63.48,12,purchase,0,2191,1,7.7,0
80.66,19,purchase,0,2693,2,4.65,0
13.8,8,purchase,0,1363,0,0.3,0
262.93,17,withdrawal,0,3121,2,3.4,0
176.53,21,purchase,0,3540,2,3.37,0
33.49,20,online,0,1984,2,2.61,0
78.79,7,purchase,0,3558,2,8.06,0
76.88,20,transfer,0,181,3,1.5,0
193.69,19,purchase,0,2889,2,20.21,0
12.79,17,withdrawal,0,3052,2,0.73,0
110.26,20,withdrawal,0,232,2,1.7,0
87.7,16,purchase,0,2689,2,0.22,0
26.84,17,transfer,0,1212,2,6.16,0
33.15,9,purchase,1,1829,3,24.67,0
79.92,19,withdrawal,0,3276,1,3.37,0
126.69,14,withdrawal,0,1022,2,5.51,0
97.98,17,purchase,0,2185,1,10.57,0
447.96,4,online,0,82,5,64.96,1
42.94,14,purchase,0,1835,3,6.51,0
30.05,9,purchase,0,3535,1,3.72,0
29.76,10,withdrawal,0,415,3,2.16,0
157.57,19,purchase,0,1848,0,8.78,0
88.51,13,purchase,0,1994,3,20.78,0
71.91,21,transfer,0,1742,2,16.09,0
27.08,20,transfer,0,1668,2,14.63,0
12.07,12,withdrawal,0,55,2,11.34,0
63.54,22,purchase,0,1349,2,37.89,0
9.04,6,withdrawal,0,2600,2,7.68,0
692.94,13,online,0,359,5,57.7,1
60.22,15,transfer,0,119,2,0.53,0
7.6,11,purchase,0,3334,1,20.6,0
8.97,18,purchase,0,2305,1,1.57,0
183.5,20,online,0,1973,2,21.17,0
310.3,6,purchase,0,221,2,20.56,0
92.09,18,online,0,688,2,43.27,0
55.54,13,online,0,520,5,4.26,0
97.05,15,withdrawal,0,2528,2,32.68,0
15.26,10,purchase,0,2191,2,9.91,0
157.37,16,withdrawal,0,3349,1,0.13,0
390.56,8,purchase,0,66,6,38.69,1
121.22,6,purchase,0,2216,0,5.82,0
206.03,6,purchase,0,2927,1,0.67,0
123.26,8,purchase,0,3251,2,6.36,0
144.77,6,purchase,0,1921,2,15.34,0
133.04,7,online,1,349,3,18.24,0
155.83,18,transfer,0,423,1,26.92,0
56.02,17,transfer,0,1106,1,5.48,0
22.66,20,purchase,0,2397,1,8.42,0
94.29,19,purchase,0,2866,1,26.43,0
40.18,16,withdrawal,0,2717,2,2.43,0
95.15,21,purchase,1,3073,2,5.07,0
63.7,7,withdrawal,0,1169,1,23.62,0
120.73,11,withdrawal,0,3577,2,10.45,0
57.74,13,withdrawal,0,2443,0,49.91,0
56.34,19,transfer,0,2646,1,9.12,0
55.82,21,transfer,0,462,1,31.32,0
636.62,4,purchase,1,81,8,195.27,1
190.66,18,purchase,0,486,2,4.39,0
181.26,17,online,0,2253,6,8.44,0
120.74,18,transfer,0,2863,3,15.4,0
50.92,6,purchase,0,1377,0,60.42,0
222.25,16,withdrawal,0,3263,4,77.56,0
69.53,8,online,0,462,0,29.48,0
25.95,8,purchase,0,1663,0,8.45,0
71.73,16,withdrawal,0,265,2,16.96,0
8.47,18,purchase,0,3497,4,3.14,0
10.1,15,withdrawal,0,500,1,3.66,0
68.6,22,purchase,0,1383,0,27.34,0
163.88,13,withdrawal,0,2799,2,19.13,0
41.34,19,purchase,0,1690,3,2.47,0
33.35,17,withdrawal,0,3563,2,3.31,0
34.37,14,withdrawal,0,127,2,1.83,0
91.52,10,transfer,0,3179,2,4.63,0
23.13,6,purchase,0,1494,0,4.29,0
54.31,19,withdrawal,0,1864,3,24.21,0
69.74,21,withdrawal,0,472,2,8.84,0
39.46,19,online,0,260,3,17.91,0
213.02,11,purchase,0,1840,4,29.96,0
51.41,21,online,0,1758,2,20.05,0
26.83,6,purchase,0,1490,1,5.37,0
21.36,12,purchase,0,2042,4,6.34,0
115.9,6,online,0,986,2,14.83,0
210.5,18,purchase,0,1585,3,14.46,0
44.39,21,purchase,0,2001,0,33.39,0
129.44,20,purchase,0,76,0,25.22,0
71.55,9,purchase,0,2990,3,11.55,0
102.73,6,transfer,1,1875,1,1.45,0
53.54,16,purchase,0,365,2,12.37,0
16.11,10,online,0,1035,2,1.26,0
147.77,9,purchase,0,2820,0,0.07,0
47.11,11,purchase,0,2111,2,20.55,0
69.41,8,online,0,1324,3,13.75,0
110.7,18,transfer,0,1389,3,1.45,0
25.27,13,transfer,0,1855,4,14.59,0
26.75,20,purchase,0,553,3,9.49,0
13.18,10,online,0,1551,1,3.51,0
43.98,21,purchase,0,2081,2,35.19,0
97.58,18,purchase,0,1472,3,15.8,0
76.71,15,online,0,2221,1,49.21,0
81.07,7,withdrawal,0,1924,2,31.1,0
25.96,17,purchase,0,2600,2,0.75,0
123.61,20,online,0,421,1,31.59,0
1238.09,0,online,1,13,3,342.58,1
286.52,12,online,0,90,3,32.49,0
155.01,20,purchase,0,2603,1,35.95,0
13.8,20,purchase,0,2770,4,7.18,0
61.43,7,purchase,0,1628,0,4.79,0
71.64,10,purchase,0,107,5,8.28,0
29.7,9,purchase,0,1483,4,1.19,0
94.6,7,transfer,0,2057,0,5.58,0
23.02,20,purchase,0,53,1,1.12,0
60.57,9,online,0,2635,2,3.61,0
134.65,21,purchase,0,3390,1,8.5,0
43.2,6,purchase,0,830,2,9.96,0
289.59,6,purchase,0,3261,2,4.95,0
83.28,13,transfer,0,2212,1,12.06,0
79.33,14,purchase,0,3541,2,2.72,0
107.7,14,withdrawal,1,169,3,10.42,0
28.88,21,withdrawal,0,1689,2,7.8,0
38.6,17,purchase,0,286,1,19.0,0
133.01,15,purchase,0,2011,4,6.68,0
83.62,12,purchase,1,2623,3,2.51,0
56.85,21,withdrawal,0,546,2,7.41,0
1535.91,8,online,0,296,6,50.46,1
87.75,19,online,0,2853,2,12.03,0
83.18,20,transfer,1,779,0,37.91,0
59.27,19,withdrawal,0,1051,2,29.07,0
108.75,15,purchase,0,1821,2,0.14,0
8.37,12,purchase,0,3128,3,54.1,0
48.81,10,purchase,0,729,2,20.48,0
37.55,15,purchase,0,2646,2,15.81,0
190.95,10,purchase,0,2373,1,14.26,0
31.97,20,purchase,0,2496,1,5.75,0
411.85,18,withdrawal,0,3283,1,2.37,0
75.39,14,online,0,2747,2,7.66,0
44.72,10,purchase,0,2520,4,9.89,0
23.2,22,purchase,0,1776,4,8.36,0
101.77,18,purchase,0,178,4,4.39,0
60.41,13,online,0,1991,0,14.5,0
56.92,13,withdrawal,0,898,0,12.43,0
57.7,18,online,0,3579,0,10.29,0
97.36,16,purchase,0,2231,2,54.17,0
47.25,12,transfer,0,1117,1,17.35,0
39.01,14,purchase,0,3503,0,3.87,0
55.95,10,purchase,0,3569,2,58.0,0
32.33,18,purchase,0,2473,2,4.44,0
45.97,11,purchase,0,703,1,13.85,0
141.69,11,purchase,0,689,3,24.46,0
144.89,15,withdrawal,0,1869,2,33.06,0
99.79,15,purchase,0,1252,1,7.75,0
129.72,20,purchase,0,3259,3,2.86,0
38.39,13,purchase,0,1104,2,13.72,0
52.8,12,purchase,0,543,1,14.32,0
34.97,10,purchase,0,1634,4,15.37,0
5.25,14,withdrawal,0,1000,3,38.1,0
33.09,21,withdrawal,0,3037,4,4.18,0
89.88,15,purchase,0,1493,4,17.2,0
40.51,15,withdrawal,0,515,1,15.64,0
25.24,11,online,0,1277,5,4.19,0
55.37,7,purchase,0,1693,6,3.38,0
17.17,10,purchase,0,3325,3,50.14,0
129.32,21,withdrawal,0,1506,0,19.01,0
578.3,13,transfer,1,175,7,121.78,1
42.8,17,purchase,0,2668,1,23.94,0
159.28,10,purchase,0,1445,5,12.73,0
11.35,17,transfer,0,3107,4,21.68,0
12.22,16,transfer,0,2627,1,24.12,0
22.41,10,purchase,0,3158,0,11.27,0
69.34,9,purchase,0,2281,2,5.46,0
8.75,18,withdrawal,0,55,2,0.26,0
64.27,19,purchase,0,2176,1,41.44,0
6.83,11,purchase,0,1174,0,14.97,0
221.84,18,purchase,0,685,2,8.65,0
45.69,11,online,0,3575,1,0.91,0
115.22,8,purchase,0,1120,2,5.83,0
235.34,3,purchase,1,104,4,66.74,1
36.59,16,transfer,0,1914,0,4.69,0
1642.84,8,online,0,318,5,172.88,1
28.81,8,transfer,0,3020,0,23.61,0
81.95,16,purchase,0,2132,1,15.24,0
59.5,11,online,0,326,3,5.73,0
186.52,22,purchase,0,2387,3,2.97,0
127.31,13,transfer,0,3627,1,14.0,0
25.91,6,withdrawal,0,3111,4,2.31,0
37.73,9,purchase,0,1050,2,15.73,0
42.18,21,purchase,0,2289,3,48.75,0
91.97,9,online,0,2538,1,41.84,0
204.41,8,transfer,0,130,7,38.21,0
79.44,18,purchase,0,988,3,8.11,0
43.56,10,transfer,0,1727,0,7.06,0
5.35,16,withdrawal,0,2753,3,47.59,0
94.11,7,purchase,0,1812,4,1.0,0
104.98,12,online,0,3503,1,11.06,0
76.24,9,purchase,0,520,1,9.73,0
18.09,9,purchase,1,494,3,0.6,0
229.36,8,purchase,0,2504,3,7.2,0
162.42,17,purchase,0,1008,1,15.66,0
15.07,9,transfer,0,1633,3,56.6,0
16.97,22,purchase,0,1913,2,16.13,0
47.74,17,purchase,0,3361,2,29.28,0
30.17,20,purchase,0,3211,2,1.32,0
114.62,13,purchase,0,829,1,24.82,0
54.18,21,purchase,0,1373,1,0.87,0
237.82,14,purchase,0,2365,4,9.84,0
50.77,15,purchase,0,2362,5,1.15,0
95.55,17,online,1,2515,3,6.65,0
13.7,19,online,0,825,0,16.57,0
39.34,12,online,0,2222,3,53.19,0
70.13,20,purchase,0,2871,0,9.86,0
108.06,12,purchase,0,3200,2,20.68,0
70.82,17,online,0,1467,1,2.25,0
74.07,11,online,0,874,0,17.53,0
180.1,18,purchase,0,813,3,0.99,0
89.03,8,purchase,0,1037,6,0.47,0
55.73,12,transfer,0,1219,3,9.57,0
116.26,22,withdrawal,0,1834,0,7.25,0
17.11,17,online,0,1080,1,35.28,0
387.25,3,online,1,31,5,113.41,1
24.92,17,purchase,0,1263,3,65.99,0
100.86,12,purchase,0,1768,5,26.35,0
148.54,11,transfer,0,1138,3,3.52,0
68.7,10,purchase,0,1205,5,5.38,0
63.42,17,withdrawal,0,1894,2,2.83,0
71.13,21,purchase,0,1594,2,0.62,0
286.32,11,purchase,0,251,1,10.84,0
99.65,10,purchase,1,333,1,3.05,0
27.97,8,purchase,0,112,1,9.95,0
17.38,12,purchase,0,199,1,12.87,0
15.31,21,purchase,0,2923,2,1.03,0
31.09,21,purchase,0,839,4,25.0,0
71.08,7,withdrawal,0,1451,1,9.78,0
103.04,9,purchase,0,151,1,23.79,0
68.54,6,transfer,0,1113,1,14.8,0
98.35,19,purchase,0,1200,2,10.11,0
13.59,16,transfer,0,1106,1,13.06,0
76.88,18,transfer,0,1641,1,15.3,0
53.35,17,purchase,1,1004,4,3.13,0
11.03,14,purchase,0,1510,2,15.48,0
58.58,6,purchase,0,1012,4,2.18,0
13.7,6,online,0,3636,2,33.86,0
239.11,19,online,0,1028,2,7.18,0
29.52,22,transfer,0,1004,3,11.82,0
78.83,11,purchase,0,105,2,1.75,0
58.89,20,withdrawal,0,78,0,7.25,0
70.86,6,purchase,0,2959,2,63.75,0
83.39,10,purchase,0,1350,1,22.52,0
26.27,19,purchase,0,1740,2,5.96,0
30.01,19,purchase,0,2486,1,29.07,0
107.7,18,purchase,0,3246,2,8.56,0
49.17,12,purchase,1,3018,0,22.95,0
144.06,19,withdrawal,0,1064,2,78.63,0
70.44,11,purchase,0,2904,0,6.65,0
24.55,7,transfer,0,2590,1,1.21,0
157.79,16,purchase,0,834,3,69.93,0
74.31,6,purchase,0,3617,4,20.15,0
114.97,12,purchase,0,227,3,5.82,0
32.67,11,withdrawal,0,429,2,5.72,0
57.72,12,purchase,0,1572,2,20.12,0
54.74,10,online,0,1918,0,50.3,0
142.61,12,withdrawal,0,764,2,19.03,0
11.12,19,transfer,1,1655,1,26.16,0
23.75,22,purchase,0,1299,2,6.56,0
72.48,13,transfer,0,2303,0,2.18,0
12.22,12,purchase,0,3094,3,19.92,0
46.25,10,transfer,0,2292,1,7.26,0
19.93,21,purchase,0,2652,1,19.42,0
202.0,10,online,1,2008,3,45.52,0
661.07,8,online,0,135,5,448.5,1
250.3,13,withdrawal,0,3431,3,10.94,0
208.05,11,online,0,1197,2,11.49,0
222.37,8,purchase,0,94,0,41.34,0
101.59,11,purchase,0,1264,3,1.55,0
97.13,12,purchase,0,1306,1,0.96,0
49.81,15,purchase,0,2684,1,94.88,0
28.34,19,purchase,0,910,5,19.9,0
72.13,9,online,0,3427,3,17.23,0
23.42,19,withdrawal,0,831,3,21.57,0
62.48,8,withdrawal,0,1722,1,8.02,0
151.24,16,purchase,0,1217,2,37.11,0
66.66,14,transfer,0,3391,1,8.79,0
40.5,14,purchase,0,2019,3,8.34,0
144.41,18,transfer,0,1709,2,29.8,0
578.76,3,withdrawal,1,177,6,5.14,1
73.06,8,purchase,0,1814,2,6.49,0
86.92,10,purchase,0,2218,2,9.15,0
55.46,15,online,0,2926,3,2.74,0
102.99,21,purchase,1,1697,2,20.22,0
232.39,12,withdrawal,0,3004,2,27.41,0
89.7,7,online,0,3066,1,3.06,0
41.9,9,online,0,2565,3,27.32,0
20.0,20,purchase,0,2768,4,4.27,0
178.87,8,purchase,0,2500,1,18.65,0
179.7,9,withdrawal,0,641,3,30.46,0
77.57,6,purchase,0,775,2,41.51,0
76.24,13,purchase,0,195,5,43.68,0
22.4,7,purchase,0,770,3,24.6,0
91.76,9,online,0,895,2,19.58,0
95.18,20,purchase,0,3316,2,38.25,0
50.72,12,transfer,0,3404,4,30.91,0
17.0,21,online,0,2099,3,0.21,0
17.13,20,purchase,1,281,2,46.1,0
143.75,16,purchase,0,1796,2,17.61,0
64.5,16,purchase,0,1976,1,1.5,0
49.41,17,purchase,0,2359,1,29.87,0
74.23,9,transfer,0,1681,1,10.0,0
32.51,13,purchase,0,2838,4,51.4,0
19.63,18,transfer,0,964,0,19.78,0
48.06,19,purchase,0,2771,3,3.66,0
33.59,12,purchase,1,2640,1,34.47,0
103.43,18,transfer,0,3238,3,41.09,0
21.9,22,purchase,0,1826,0,8.01,0
57.42,20,purchase,0,897,1,6.75,0
38.73,22,transfer,0,2028,0,11.58,0
31.65,15,transfer,0,659,2,22.93,0
85.78,6,withdrawal,0,1538,5,1.56,0
70.37,11,purchase,0,2901,1,12.83,0
36.28,11,withdrawal,0,477,1,32.76,0
86.09,16,purchase,0,1557,0,33.67,0
127.01,11,purchase,0,718,3,32.52,0
62.97,19,online,0,260,0,9.71,0
84.86,20,online,0,1577,3,0.1,0
15.89,8,withdrawal,0,1953,3,1.4,0
52.52,17,purchase,0,3238,4,0.7,0
25.53,8,online,0,1712,2,5.07,0
174.91,19,purchase,0,1962,2,14.36,0
16.38,9,purchase,0,2119,2,14.34,0
75.41,17,purchase,0,1817,3,29.89,0
43.05,17,withdrawal,1,2752,3,26.95,0
8.36,15,purchase,0,3355,3,2.39,0
80.91,11,purchase,0,1114,1,6.0,0
57.02,11,online,0,459,3,8.9,0
80.56,8,purchase,0,1504,2,1.13,0
33.81,18,transfer,0,2132,1,33.72,0
112.79,6,purchase,0,1806,1,7.2,0
156.15,13,purchase,0,1754,3,4.07,0
21.27,20,withdrawal,0,602,1,18.43,0
45.69,20,withdrawal,0,2228,3,18.95,0
164.75,9,withdrawal,0,343,3,2.18,0
24.72,18,withdrawal,0,2608,1,42.21,0
73.67,8,purchase,0,2844,0,10.37,0
14.68,22,purchase,0,2775,0,16.93,0
61.23,16,withdrawal,0,804,2,8.96,0
65.16,12,purchase,0,3123,3,1.18,0
112.57,11,withdrawal,0,1662,1,50.77,0
87.46,7,purchase,0,302,2,0.89,0
46.94,21,purchase,0,2695,1,6.68,0
13.5,11,transfer,0,805,1,11.78,0
122.14,20,withdrawal,0,822,1,10.63,0
36.44,22,purchase,0,1107,2,16.17,0
130.62,20,purchase,0,1274,2,15.54,0
78.43,12,purchase,0,2392,2,0.34,0
76.3,20,purchase,0,1623,2,18.75,0
64.13,21,purchase,0,3099,2,15.32,0
67.16,20,transfer,0,3144,1,10.71,0
64.69,10,purchase,0,1295,1,20.1,0
43.57,15,purchase,0,214,0,1.13,0
104.25,22,purchase,0,722,2,6.58,0
17.65,14,purchase,0,2565,1,15.02,0
70.19,22,purchase,0,3245,2,1.06,0
161.83,13,online,0,3200,5,1.62,0
47.65,13,transfer,0,2509,2,1.08,0
25.32,17,purchase,0,1175,2,25.44,0
191.37,22,withdrawal,0,65,1,8.81,0
115.45,17,online,0,2427,1,0.23,0
71.01,11,withdrawal,0,1949,0,11.89,0
57.19,11,withdrawal,0,158,3,42.34,0
143.95,13,transfer,0,3318,3,12.15,0
117.41,6,withdrawal,0,2909,3,7.84,0
29.15,17,online,0,2779,0,17.37,0
32.54,9,purchase,0,1195,2,38.94,0
46.99,9,purchase,0,1386,1,36.8,0
56.45,8,withdrawal,0,2265,3,1.95,0
71.5,9,online,0,2210,3,7.39,0
60.12,11,purchase,0,1192,2,53.64,0
139.34,22,online,0,3492,4,22.98,0
17.22,8,purchase,0,780,1,10.74,0
78.04,20,withdrawal,0,930,6,6.5,0
65.72,16,online,0,3303,2,29.74,0
14.06,6,online,0,3536,1,11.65,0
49.27,6,withdrawal,0,1720,2,31.62,0
48.18,12,withdrawal,0,718,3,0.33,0
24.84,10,withdrawal,0,2045,3,23.94,0
42.27,16,withdrawal,0,3243,0,17.71,0
87.05,11,purchase,0,2578,0,5.75,0
50.31,15,transfer,0,2801,1,13.25,0
62.65,22,purchase,0,753,4,1.03,0
732.62,1,online,0,216,9,86.69,1
93.67,16,purchase,1,1275,2,0.32,0
70.53,22,online,0,1563,2,71.56,0
59.31,15,withdrawal,0,2432,1,1.18,0
36.66,9,purchase,0,3321,0,2.01,0
253.53,6,withdrawal,0,3179,0,11.06,0
935.03,3,transfer,0,259,5,364.37,1
114.28,16,online,0,2138,1,14.39,0
46.39,7,purchase,0,2033,2,22.31,0
50.71,10,purchase,0,1911,3,13.97,0
52.81,20,purchase,0,1947,2,51.73,0
107.79,16,transfer,0,3036,0,18.08,0
93.37,11,online,0,196,2,57.44,0
46.12,11,purchase,0,2871,2,7.3,0
37.94,18,purchase,0,675,4,24.99,0
125.32,19,withdrawal,0,2950,1,38.48,0
40.47,6,purchase,0,2831,0,24.89,0
74.51,11,purchase,0,2227,3,1.04,0
110.6,9,online,0,2359,0,3.14,0
101.06,7,purchase,0,1660,0,15.47,0
223.27,20,online,0,2503,1,3.17,0
957.53,10,purchase,1,113,6,378.21,1
88.03,13,online,0,1957,1,4.4,0
123.75,21,purchase,0,3088,2,16.39,0
51.22,6,purchase,1,3580,2,8.68,0
74.01,12,purchase,0,235,1,0.32,0
9.58,14,withdrawal,1,2536,5,15.04,0
79.23,18,withdrawal,0,231,3,1.28,0
50.72,16,purchase,0,1865,4,7.97,0
60.18,17,purchase,0,508,4,25.08,0
76.57,11,withdrawal,0,892,3,6.37,0
5.83,7,transfer,0,2488,1,14.2,0
90.22,18,transfer,0,714,1,0.01,0
54.29,13,withdrawal,0,3369,2,2.78,0
16.93,18,purchase,0,3251,3,8.78,0
110.26,22,purchase,0,3379,2,7.0,0
136.61,9,purchase,0,1897,2,30.7,0
25.4,22,withdrawal,1,471,4,12.47,0
70.75,10,purchase,0,3064,3,3.54,0
1373.65,0,transfer,1,131,4,123.22,1
85.29,7,purchase,0,2110,1,26.29,0
1115.23,4,withdrawal,1,286,10,126.51,1
31.95,14,online,0,1474,0,12.05,0
56.3,19,purchase,1,1653,2,21.9,0
97.87,13,withdrawal,0,2953,0,10.83,0
125.35,9,transfer,0,2658,3,44.43,0
93.43,6,withdrawal,0,1730,1,31.68,0
10.33,22,purchase,0,2833,3,8.84,0
13.32,20,transfer,0,1751,2,0.32,0
87.39,17,purchase,0,1496,1,28.87,0
207.06,9,withdrawal,0,3199,4,6.52,0
23.31,14,withdrawal,0,1602,2,12.04,0
103.7,12,transfer,0,725,3,10.76,0
151.66,11,transfer,0,147,0,2.65,0
33.07,10,withdrawal,0,1584,3,2.54,0
148.37,19,purchase,0,1908,2,17.87,0
79.1,20,purchase,0,1525,2,26.43,0
49.72,18,withdrawal,1,2772,2,5.7,0
227.15,10,transfer,0,422,0,31.87,0
71.42,12,transfer,0,621,4,9.73,0
20.55,13,transfer,0,1851,0,3.76,0
165.98,22,transfer,0,2099,1,42.38,0
32.33,20,purchase,0,3473,1,3.32,0
70.52,21,transfer,0,2082,2,6.36,0
43.39,6,transfer,0,2576,6,2.3,0
53.24,14,online,0,2564,6,39.09,0
47.32,9,withdrawal,0,638,2,3.78,0
42.67,17,online,0,2129,1,1.88,0
115.81,10,withdrawal,0,1538,2,14.51,0
68.16,13,online,0,1915,3,11.76,0
66.24,15,purchase,0,2351,0,8.87,0
186.24,13,transfer,0,2063,0,27.97,0
20.67,18,withdrawal,0,461,0,7.38,0
52.58,22,purchase,0,194,3,17.65,0
96.04,7,transfer,0,873,2,7.77,0
96.42,14,online,0,768,1,2.96,0
148.29,12,withdrawal,0,2928,1,6.89,0
96.86,15,purchase,0,1376,6,10.65,0
133.95,21,purchase,0,948,1,2.91,0
105.51,22,purchase,0,2684,5,62.06,0
86.42,17,purchase,0,2803,0,56.54,0
79.89,16,purchase,0,1111,3,7.19,0
2.74,19,withdrawal,0,380,0,1.48,0
42.7,16,purchase,0,2288,5,2.24,0
42.43,8,purchase,0,777,4,12.16,0
187.42,22,purchase,0,1387,4,9.69,0
43.39,14,transfer,0,47,2,1.56,0
106.53,22,purchase,0,1867,5,54.8,0
99.74,12,purchase,0,1920,1,7.8,0
72.55,20,purchase,0,671,0,1.31,0
115.41,15,transfer,0,2113,3,31.63,0
11.9,19,purchase,0,481,3,0.21,0
190.5,14,purchase,0,2578,2,0.39,0
46.09,7,purchase,0,1848,0,3.97,0
22.87,21,online,0,763,2,44.09,0
47.14,8,purchase,0,1916,3,5.39,0
63.09,22,online,0,2724,2,3.76,0
49.27,7,online,0,690,6,11.21,0
79.4,9,purchase,0,789,1,0.18,0
7.87,17,purchase,0,827,3,3.47,0
91.27,18,purchase,1,1442,2,11.86,0
37.2,20,purchase,0,1329,3,4.2,0
81.47,17,online,0,2479,2,29.88,0
43.44,20,purchase,0,3211,1,54.71,0
8.95,6,withdrawal,0,167,2,4.08,0
157.76,17,withdrawal,0,3363,3,13.66,0
5.35,16,purchase,0,2709,2,10.0,0
11.15,20,transfer,0,3085,4,11.49,0
281.94,10,withdrawal,0,301,1,10.33,0
102.42,19,purchase,0,1253,2,2.75,0
15.31,6,purchase,0,194,2,65.07,0
62.2,15,purchase,0,3461,5,24.18,0
145.15,22,purchase,0,3027,1,15.78,0
14.61,14,transfer,0,2158,2,9.0,0
171.29,21,transfer,0,2851,2,29.94,0
53.4,22,online,0,3146,4,5.8,0
36.22,12,purchase,0,1938,5,16.44,0
113.89,11,purchase,0,152,2,10.48,0
55.76,7,purchase,0,3002,1,32.87,0
65.08,16,online,0,1233,4,28.52,0
63.81,15,purchase,0,776,1,3.87,0
36.2,9,purchase,0,3514,0,11.61,0
53.97,10,transfer,0,386,3,24.44,0
87.5,21,online,0,2714,2,8.44,0
139.66,14,withdrawal,1,1705,7,20.89,0
87.1,17,transfer,0,2395,4,5.77,0
59.97,17,online,0,2431,2,51.57,0
786.28,17,online,1,107,3,65.0,1
45.06,21,online,0,1547,5,3.01,0
80.1,15,online,0,2876,2,14.81,0
17.49,21,transfer,0,3430,2,12.37,0
146.76,19,purchase,0,2957,2,3.47,0
53.44,9,purchase,0,3334,3,7.49,0
33.68,8,online,0,973,1,12.15,0
93.75,10,online,0,3506,3,23.11,0
128.35,16,purchase,0,1103,1,0.47,0
44.7,20,online,0,1863,0,0.23,0
69.1,16,purchase,0,1113,2,22.7,0
38.76,7,purchase,0,2122,3,16.88,0
68.39,9,purchase,0,1988,3,2.3,0
57.86,15,purchase,0,1206,1,9.46,0
36.32,18,online,0,683,4,1.85,0
119.71,12,online,0,2304,2,0.33,0
185.92,11,purchase,1,3610,1,9.43,0
165.27,17,purchase,0,3567,1,6.78,0
61.71,15,transfer,0,1116,0,31.55,0
56.52,20,transfer,0,2052,0,3.7,0
65.78,10,purchase,0,847,2,11.24,0
2.84,13,online,0,3401,0,6.0,0
19.99,6,purchase,0,683,1,23.91,0
90.54,22,purchase,0,2481,2,1.1,0
46.37,22,purchase,0,2418,6,25.97,0
41.41,22,purchase,0,1808,5,22.37,0
10.51,19,purchase,0,1508,1,34.8,0
69.02,9,withdrawal,0,2932,2,28.1,0
137.5,8,online,0,3125,3,22.63,0
88.0,17,transfer,0,3627,1,4.37,0
61.56,21,purchase,0,3636,3,7.07,0
63.62,14,withdrawal,0,3518,4,25.27,0
112.6,7,purchase,0,2264,0,0.96,0
94.36,8,purchase,0,3111,2,7.64,0
58.9,7,withdrawal,0,2905,1,7.81,0
37.85,6,transfer,0,2795,0,5.51,0
134.77,16,transfer,0,2567,1,13.87,0
90.28,16,purchase,0,2531,1,0.95,0
142.15,19,purchase,0,1730,1,10.23,0
29.76,15,purchase,0,3123,2,70.11,0
94.18,15,purchase,0,3041,1,11.5,0
164.07,8,purchase,0,2318,3,4.9,0
87.81,12,transfer,0,2367,1,10.66,0
6.07,19,withdrawal,0,1948,1,16.74,0
123.66,15,withdrawal,0,2980,2,8.71,0
96.57,15,purchase,0,3321,1,1.59,0
168.5,7,purchase,0,659,3,20.01,0
16.41,21,purchase,0,805,1,46.16,0
136.34,19,purchase,0,3279,1,1.95,0
96.71,6,purchase,0,808,1,19.96,0
95.17,21,online,0,3516,1,34.94,0
55.72,20,withdrawal,0,1897,5,13.65,0
14.4,7,purchase,0,2464,2,22.12,0
114.93,12,purchase,0,1800,5,41.57,0
69.51,15,purchase,0,2883,1,13.48,0
210.99,21,purchase,0,2244,2,6.43,0
76.69,15,withdrawal,0,3575,2,0.59,0
59.03,19,purchase,0,2959,2,2.98,0
288.22,21,withdrawal,0,490,1,24.57,0
61.3,12,purchase,0,2507,2,6.0,0
46.63,15,withdrawal,0,991,1,27.9,0
146.1,13,purchase,0,3371,5,4.57,0
31.7,9,withdrawal,0,549,5,37.77,0
33.72,10,transfer,0,2784,2,17.81,0
42.1,22,online,0,3280,1,1.15,0
172.88,15,purchase,0,2597,2,10.07,0
56.97,13,purchase,1,3054,0,26.9,0
39.24,12,purchase,0,3218,2,17.79,0
81.7,15,purchase,0,1198,1,24.09,0
9.27,8,online,0,310,0,0.24,0
187.62,8,purchase,0,2247,4,7.41,0
59.43,18,online,0,180,4,1.37,0
53.59,8,transfer,0,2572,3,42.09,0
41.02,22,purchase,0,104,1,4.06,0
127.63,19,withdrawal,0,726,3,7.15,0
188.42,16,purchase,0,607,3,10.0,0
95.77,11,purchase,0,2977,3,1.89,0
36.44,22,online,0,1787,2,10.33,0
147.8,11,purchase,0,277,2,1.44,0
81.34,19,transfer,0,59,1,6.47,0
62.56,10,withdrawal,0,124,2,0.25,0
60.42,10,transfer,0,2553,0,1.76,0
139.25,17,purchase,0,2571,0,37.12,0
38.89,12,purchase,0,1677,2,0.65,0
22.45,17,transfer,0,2540,4,21.33,0
184.22,13,purchase,0,2827,2,0.53,0
244.22,6,withdrawal,0,1952,3,0.97,0
124.16,20,purchase,0,2055,1,3.84,0
12.01,13,purchase,0,3192,2,5.13,0
66.48,11,purchase,1,195,1,3.23,0
148.88,17,purchase,0,726,1,23.43,0
120.43,11,withdrawal,0,418,1,19.03,0
9.43,22,transfer,0,2207,2,1.94,0
219.89,13,purchase,0,2401,4,9.4,0
96.32,8,online,0,1986,0,6.37,0
64.22,13,purchase,0,875,3,34.61,0
69.81,15,purchase,0,769,1,9.71,0
88.36,21,online,0,1917,0,14.66,0
53.23,17,purchase,0,3459,4,12.56,0
14.92,8,purchase,0,1750,2,11.94,0
46.37,18,online,0,3532,1,2.34,0
70.37,15,online,0,671,2,46.41,0
112.35,10,transfer,0,1694,0,1.82,0
52.58,21,transfer,0,3412,2,17.6,0
37.81,14,online,0,1037,0,2.0,0
70.01,12,withdrawal,0,2857,3,31.79,0
82.77,13,online,0,1796,2,25.07,0
199.92,21,purchase,0,1801,2,6.37,0
179.98,7,withdrawal,0,2414,3,7.32,0
192.58,22,withdrawal,0,557,1,13.51,0
199.48,22,purchase,0,907,2,31.33,0
250.13,11,withdrawal,1,2781,2,1.96,0
34.57,6,withdrawal,1,3536,0,27.93,0
19.01,6,online,0,2238,3,27.63,0
105.13,7,online,0,1359,2,8.79,0
125.66,10,purchase,0,2835,2,1.9,0
45.27,11,online,0,1968,2,1.59,0
107.43,16,online,0,3360,0,12.95,0
54.0,6,purchase,0,2112,0,11.9,0
109.92,15,purchase,0,1898,4,24.55,0
65.37,20,withdrawal,0,3038,0,21.48,0
151.12,6,purchase,0,3007,0,2.84,0
475.27,19,transfer,0,272,11,476.07,1
25.34,9,transfer,0,1463,2,18.23,0
200.64,13,withdrawal,0,3419,3,10.18,0
93.29,14,purchase,0,112,3,23.84,0
105.73,14,withdrawal,0,1007,1,3.41,0
107.07,13,transfer,0,2641,2,11.7,0
48.8,7,online,0,2252,2,20.44,0
45.8,19,purchase,0,2661,1,0.05,0
44.63,9,transfer,0,429,1,8.02,0
47.87,21,purchase,0,2199,2,8.95,0
42.53,14,purchase,0,851,1,18.26,0
87.47,8,purchase,0,3166,1,30.27,0
144.45,9,purchase,0,2908,2,14.52,0
68.92,19,withdrawal,0,1951,0,24.9,0
54.02,7,withdrawal,0,3355,2,0.79,0
54.62,21,purchase,0,3071,2,6.62,0
53.24,16,withdrawal,0,1073,0,65.21,0
81.92,14,purchase,0,2807,1,3.59,0
28.22,12,purchase,0,1966,2,1.01,0
72.68,13,purchase,0,2344,3,4.06,0
65.8,11,purchase,0,2248,3,19.75,0
7.9,19,withdrawal,0,2843,1,18.58,0
255.5,10,transfer,0,2231,1,14.05,0
30.01,17,transfer,0,2817,2,2.41,0
44.95,16,online,0,1834,4,22.32,0
244.39,22,online,0,2663,4,32.66,0
98.28,11,purchase,0,2644,4,0.37,0
49.47,6,withdrawal,0,652,1,7.87,0
57.34,7,withdrawal,0,3366,0,12.62,0
18.7,21,purchase,0,2417,2,9.24,0
186.8,9,purchase,0,3147,0,6.77,0
37.75,7,withdrawal,0,773,2,3.61,0
18.0,18,transfer,0,1846,3,30.33,0
43.15,16,purchase,0,1163,0,3.59,0
197.38,21,purchase,0,1143,3,53.6,0
50.61,22,withdrawal,0,3337,2,35.46,0
75.44,22,transfer,0,1274,3,79.44,0
19.02,10,purchase,0,1670,2,6.27,0
100.8,16,transfer,0,2755,1,13.81,0
82.24,20,purchase,0,3168,3,33.56,0
18.48,11,online,0,1578,2,6.17,0
50.79,7,withdrawal,0,2045,3,1.88,0
69.0,11,online,0,3104,0,7.62,0
55.75,8,transfer,0,3268,5,17.31,0
146.21,11,transfer,0,995,1,24.1,0
79.22,20,transfer,1,1986,1,41.45,0
3.47,8,withdrawal,0,1535,2,6.43,0
27.11,11,withdrawal,0,1049,2,19.77,0
33.48,14,purchase,0,3574,3,5.12,0
81.12,11,online,0,1330,1,24.32,0
154.45,17,purchase,1,853,1,32.23,0
3.14,9,online,0,507,1,33.05,0
82.44,14,purchase,0,326,3,18.93,0
16.31,10,purchase,0,527,4,3.07,0
74.54,14,purchase,0,1853,3,4.09,0
139.91,17,online,0,3198,3,12.3,0
35.56,17,withdrawal,0,2831,2,21.58,0
125.31,9,transfer,0,749,5,0.6,0
62.16,7,online,1,2638,0,2.11,0
16.99,17,purchase,0,300,0,42.74,0
68.18,18,transfer,0,954,2,16.62,0
9.14,13,withdrawal,0,2740,1,5.95,0
9.21,13,purchase,0,2549,3,9.75,0
66.31,8,withdrawal,0,1546,2,51.79,0
45.48,7,withdrawal,1,2629,2,22.02,0
59.25,19,purchase,0,1400,5,1.16,0
127.01,18,withdrawal,0,304,3,4.99,0
73.89,16,withdrawal,0,1446,1,0.16,0
94.85,22,purchase,0,2581,0,8.37,0
76.74,7,purchase,0,599,1,45.83,0
50.04,13,purchase,0,802,1,1.03,0
97.84,20,online,0,1031,1,12.83,0
110.43,6,purchase,0,2646,0,63.45,0
177.57,17,online,0,1523,0,4.78,0
50.0,10,purchase,0,1573,4,43.52,0
36.53,6,transfer,0,217,1,9.12,0
128.71,8,withdrawal,0,3625,2,3.7,0
26.23,11,online,0,722,2,4.69,0
10.86,19,online,0,2969,5,2.99,0
80.23,6,withdrawal,0,2064,0,6.75,0
47.52,15,purchase,0,2664,5,1.14,0
81.13,6,purchase,0,1799,2,65.33,0
196.3,17,transfer,0,2693,1,16.57,0
77.54,18,purchase,0,1724,2,1.63,0
287.94,6,purchase,1,266,8,184.71,1
48.88,9,purchase,0,2963,0,5.6,0
72.41,11,purchase,0,1661,4,5.13,0
88.32,15,withdrawal,0,3015,2,5.01,0
32.83,17,purchase,0,1882,3,30.52,0
26.88,20,transfer,0,3430,5,6.98,0
77.04,15,withdrawal,0,3504,1,9.72,0
90.66,7,transfer,0,2946,3,40.12,0
93.89,9,purchase,0,3207,1,15.79,0
142.56,15,transfer,0,2035,4,6.17,0
260.39,13,transfer,0,2317,4,60.9,0
39.42,22,purchase,0,3350,5,3.87,0
144.38,7,purchase,0,628,2,8.51,0
26.64,6,purchase,0,2450,3,18.21,0
15.68,13,purchase,0,1808,3,8.8,0
16.97,20,purchase,0,1337,2,5.72,0
252.92,17,purchase,0,2014,1,1.75,0
149.01,10,transfer,0,606,0,4.05,0
57.36,19,purchase,0,884,2,4.31,0
21.62,20,purchase,0,2245,3,29.11,0
47.36,11,withdrawal,0,3086,2,54.78,0
180.19,15,purchase,0,1099,2,55.14,0
110.5,18,purchase,0,1605,1,30.13,0
94.55,7,online,0,846,0,7.25,0
73.97,20,purchase,0,2221,3,5.25,0
171.09,10,purchase,0,2730,0,3.49,0
13.35,20,online,0,3231,2,22.79,0
94.42,22,online,0,634,1,1.76,0
96.26,7,purchase,0,128,6,5.13,0
79.61,13,purchase,0,1560,0,1.7,0
161.28,10,withdrawal,0,1497,1,27.37,0
36.38,14,purchase,0,3198,2,8.91,0
71.07,10,online,0,584,1,5.38,0
26.18,19,transfer,0,2543,0,16.7,0
52.64,17,withdrawal,1,3392,2,10.09,0
125.93,16,online,0,931,0,13.42,0
16.32,17,withdrawal,0,193,1,14.48,0
6.54,19,purchase,0,1220,2,11.77,0
482.24,10,online,1,234,12,257.03,1
61.27,22,purchase,0,3538,1,3.98,0
44.34,13,online,0,1051,1,1.64,0
40.39,18,purchase,0,2232,2,10.44,0
38.88,12,online,0,1849,1,27.61,0
36.18,8,purchase,0,1400,3,2.6,0
62.38,10,transfer,0,1792,1,24.5,0
130.66,7,withdrawal,0,3188,1,31.21,0
167.34,13,purchase,1,677,2,8.56,0
66.2,13,purchase,0,1102,3,9.72,0
43.5,9,withdrawal,0,2275,1,10.04,0
32.13,12,purchase,0,2318,2,1.37,0
108.6,14,transfer,0,232,3,14.52,0
96.2,20,purchase,0,3307,2,0.02,0
216.81,17,online,0,47,1,7.99,0
77.21,16,purchase,0,3448,3,4.73,0
55.98,19,purchase,0,105,1,2.72,0
31.9,15,purchase,0,1114,4,6.37,0
110.19,10,purchase,0,1679,1,34.38,0
37.73,15,purchase,0,2404,1,1.67,0
33.54,10,purchase,0,1458,0,8.93,0
221.8,16,online,0,1239,1,6.57,0
53.69,22,online,0,2668,1,85.07,0
35.55,20,transfer,0,3566,3,4.54,0
13.81,10,online,0,2478,2,12.66,0
32.47,9,purchase,0,3185,3,17.5,0
379.94,15,purchase,0,69,5,669.42,1
30.47,20,purchase,0,1109,3,26.72,0
96.3,10,purchase,0,2153,3,8.32,0
70.2,12,purchase,0,1484,2,27.29,0
11.97,18,withdrawal,0,1233,2,3.92,0
81.75,13,online,0,1634,1,6.0,0
33.46,9,purchase,0,509,2,32.58,0
189.1,14,purchase,0,130,5,2.62,0
61.52,18,purchase,0,999,3,13.57,0
35.21,21,transfer,0,978,1,3.35,0
47.28,7,withdrawal,0,510,3,11.24,0
21.71,20,withdrawal,0,3141,2,5.21,0
104.64,14,online,0,3012,0,76.14,0
147.33,21,purchase,0,2755,2,24.94,0
159.14,6,transfer,0,3176,3,5.51,0
199.12,12,transfer,0,436,2,2.04,0
85.22,14,withdrawal,0,1181,1,8.3,0
58.03,12,transfer,0,157,3,2.37,0
158.77,21,transfer,0,1733,2,21.89,0
62.08,15,purchase,0,1919,1,8.9,0
131.11,16,purchase,0,2725,2,7.18,0
201.06,21,transfer,0,756,3,11.21,0
89.14,16,purchase,0,933,1,21.3,0
211.14,21,withdrawal,0,2869,3,1.01,0
106.16,11,purchase,0,387,3,6.29,0
106.23,13,transfer,0,1731,2,5.8,0
74.13,19,online,0,2050,2,13.94,0
85.49,7,purchase,1,1533,2,4.15,0
51.65,7,transfer,0,2186,5,0.81,0
56.06,10,purchase,0,3088,4,33.61,0
35.99,15,purchase,0,1069,1,23.49,0
35.64,10,withdrawal,0,497,2,71.08,0
32.11,8,transfer,0,1000,3,6.52,0
89.34,11,purchase,0,626,4,2.76,0
68.94,16,purchase,0,731,3,5.37,0
13.2,10,purchase,0,3577,2,18.47,0
90.71,8,withdrawal,0,2468,1,11.84,0
162.62,16,online,0,997,4,13.87,0
33.08,7,withdrawal,0,995,2,4.91,0
155.51,17,purchase,0,3020,4,25.19,0
64.16,10,purchase,0,2165,2,28.94,0
97.23,12,online,0,2044,0,8.23,0
562.1,4,purchase,1,72,3,119.65,1
60.91,17,online,0,2406,2,3.27,0
125.65,11,purchase,0,2211,2,20.84,0
18.38,13,purchase,0,2815,1,27.11,0
65.42,21,online,0,2368,0,28.72,0
49.52,15,purchase,0,769,2,3.34,0
23.52,20,purchase,0,2716,1,8.79,0
70.66,14,purchase,0,1327,2,12.97,0
153.45,11,transfer,0,1087,5,33.25,0
79.61,10,purchase,0,2199,2,1.73,0
77.31,21,online,0,2870,0,2.43,0
10.15,16,purchase,0,1244,1,13.14,0
52.19,9,purchase,0,3303,0,8.97,0
121.51,9,online,1,551,2,0.08,0
52.36,21,purchase,1,1415,1,1.38,0
110.74,18,purchase,0,3570,5,4.66,0
13.98,11,purchase,0,1526,2,4.94,0
159.79,7,online,0,785,1,5.96,0
125.99,12,purchase,0,2902,1,8.53,0
12.13,20,withdrawal,0,760,0,31.18,0
19.25,6,transfer,0,1200,2,2.49,0
31.35,10,purchase,0,3472,3,26.33,0
119.77,14,purchase,0,2435,1,4.57,0
15.44,17,withdrawal,0,987,3,14.77,0
67.47,9,transfer,0,774,0,16.51,0
117.89,10,purchase,0,1752,1,10.48,0
104.02,17,purchase,0,364,6,27.48,0
125.62,14,purchase,0,2497,1,41.66,0
132.78,14,purchase,0,1308,1,27.86,0
78.2,16,purchase,0,757,3,17.74,0
47.96,14,purchase,0,759,1,1.51,0
104.34,15,purchase,0,3490,1,15.99,0
116.81,16,withdrawal,0,169,4,11.03,0
116.41,13,purchase,0,708,2,30.37,0
20.82,13,purchase,0,1805,1,15.84,0
67.32,9,transfer,0,2843,4,8.48,0
131.91,6,withdrawal,0,2948,1,11.18,0
28.29,13,withdrawal,0,154,0,29.05,0
46.04,12,purchase,0,3524,2,19.37,0
67.52,16,transfer,0,2849,7,4.67,0
76.29,21,withdrawal,0,1297,3,1.71,0
113.7,22,purchase,0,2868,1,3.63,0
81.21,17,purchase,0,3629,1,16.32,0
51.95,19,purchase,0,1649,1,3.3,0
34.78,17,purchase,0,573,1,15.44,0
19.19,10,purchase,0,432,2,4.24,0
6.52,7,online,0,3632,2,5.41,0
24.22,8,purchase,0,3389,3,5.67,0
12.79,10,online,0,3285,4,58.58,0
185.74,15,purchase,0,409,0,9.92,0
70.91,14,transfer,0,1600,1,7.38,0
20.02,19,purchase,0,2720,1,6.36,0
104.23,9,purchase,1,1790,0,11.11,0
82.09,16,transfer,0,3268,5,11.21,0
176.98,20,purchase,0,2662,1,32.08,0
42.31,13,purchase,0,714,1,31.54,0
6.76,19,withdrawal,0,1917,1,5.65,0
147.19,16,withdrawal,0,156,5,0.17,0
30.59,15,purchase,0,3473,2,6.23,0
48.93,13,transfer,0,2692,1,14.46,0
112.9,20,purchase,0,2653,2,3.21,0
70.06,14,online,0,3510,2,19.21,0
37.5,13,withdrawal,0,2514,2,12.62,0
19.55,19,purchase,0,1471,2,47.23,0
80.37,14,online,0,48,2,30.94,0
67.68,10,online,0,2816,3,3.7,0
143.92,21,purchase,0,2321,2,6.6,0
143.35,11,withdrawal,0,2905,3,48.47,0
65.95,10,purchase,0,1667,0,7.41,0
196.26,7,withdrawal,0,2891,3,8.9,0
21.62,8,purchase,0,128,1,6.22,0
133.57,6,transfer,1,3430,1,5.95,0
45.77,12,purchase,0,3298,2,82.29,0
64.75,10,withdrawal,0,2450,3,4.88,0
31.11,17,purchase,0,156,1,29.23,0
48.56,11,withdrawal,0,3095,2,7.29,0
129.42,17,transfer,0,2218,2,10.84,0
197.15,13,purchase,0,3063,1,32.9,0
272.92,4,online,1,22,1,123.79,1
26.1,15,online,1,461,3,13.04,0
17.42,8,purchase,0,2938,2,2.03,0
71.25,9,purchase,0,3273,1,33.61,0
20.58,6,transfer,0,1622,5,7.61,0
129.91,11,withdrawal,0,2412,3,1.53,0
87.67,15,purchase,0,795,3,3.73,0
56.02,16,purchase,0,2680,0,4.88,0
88.51,11,purchase,0,355,3,2.56,0
48.98,12,withdrawal,0,2480,2,1.54,0
30.8,15,transfer,0,2608,1,1.62,0
46.82,22,transfer,0,3164,1,0.12,0
71.86,20,purchase,0,245,3,18.87,0
55.21,21,purchase,0,456,1,4.09,0
18.21,17,purchase,0,3435,5,18.2,0
68.38,19,purchase,1,3638,2,16.41,0
61.68,13,online,0,819,2,10.53,0
32.58,18,purchase,0,2437,1,17.33,0
16.16,16,purchase,0,840,1,5.04,0
28.22,22,online,0,2607,1,25.62,0
133.4,7,purchase,0,2394,0,67.92,0
39.38,16,transfer,0,1410,4,2.93,0
12.3,18,withdrawal,0,265,1,19.86,0
784.44,3,withdrawal,0,6,5,146.96,1
150.93,15,purchase,0,1793,1,12.98,0
102.49,18,purchase,0,2064,3,7.31,0
9.92,16,purchase,0,3341,4,33.46,0
65.02,7,purchase,0,1995,3,13.16,0
105.86,12,purchase,0,1200,2,22.21,0
172.48,10,purchase,0,1080,2,45.09,0
165.56,14,purchase,0,372,2,6.28,0
48.09,9,online,0,3496,3,8.53,0
42.75,8,withdrawal,0,1400,1,23.56,0
32.92,16,online,0,100,1,4.1,0
175.21,20,purchase,0,3041,3,38.99,0
110.0,8,purchase,0,703,1,17.58,0
85.31,14,withdrawal,0,2530,2,9.7,0
869.25,3,transfer,1,166,2,113.93,1
63.32,20,purchase,1,839,3,5.85,0
49.78,12,purchase,0,2946,6,40.87,0
35.0,7,purchase,0,3373,3,29.37,0
39.79,6,purchase,0,939,3,3.76,0
20.67,20,transfer,0,3061,2,5.53,0
16.35,19,online,0,2172,2,8.43,0
73.16,16,purchase,0,490,1,15.93,0
120.04,10,purchase,0,1913,3,35.66,0
30.52,13,purchase,0,2137,3,10.86,0
146.26,7,purchase,0,3304,2,14.54,0
55.67,6,purchase,1,1497,3,19.91,0
40.33,16,purchase,0,838,0,10.58,0
7.15,22,purchase,0,3088,4,0.19,0
209.74,9,withdrawal,0,1778,1,38.34,0
978.4,6,purchase,0,194,10,307.58,1
54.64,13,online,0,2860,5,13.93,0
16.46,20,purchase,0,891,1,2.78,0
99.93,16,purchase,0,2130,6,9.52,0
50.45,20,purchase,0,187,3,1.57,0
95.21,17,online,0,2430,2,28.62,0
12.65,8,transfer,0,3211,4,29.19,0
183.57,22,withdrawal,0,743,1,7.07,0
166.64,13,transfer,0,3469,2,17.81,0
56.33,15,online,0,2510,3,25.05,0
73.8,17,purchase,0,2368,2,51.71,0
49.78,7,purchase,1,3413,1,11.91,0
43.13,10,online,0,2062,3,15.84,0
117.15,14,purchase,0,3000,0,25.64,0
66.59,19,withdrawal,0,532,2,20.55,0
85.09,14,withdrawal,0,366,2,12.1,0
100.27,17,online,0,1755,2,4.73,0
16.75,11,purchase,0,803,4,13.21,0
112.67,21,purchase,0,560,1,9.57,0
405.09,11,online,0,257,3,26.38,1
43.16,8,purchase,0,2678,1,23.48,0
31.4,12,purchase,0,3155,4,9.04,0
8.12,6,online,1,492,3,32.91,0
29.88,14,purchase,0,699,2,5.12,0
119.71,13,purchase,0,1603,2,1.73,0
90.81,18,purchase,0,1911,2,1.19,0
55.69,17,purchase,0,1807,3,4.67,0
53.73,17,purchase,0,3104,4,4.81,0
46.94,8,transfer,0,1251,0,14.59,0
112.52,17,purchase,0,1310,0,15.06,0
141.16,8,purchase,0,2094,6,28.76,0
18.84,11,purchase,0,2376,4,2.17,0
77.9,17,purchase,0,1676,1,1.27,0
48.04,22,transfer,0,1484,1,4.17,0
23.75,20,purchase,0,1794,0,6.26,0
550.37,12,online,1,247,7,277.32,1
85.37,11,purchase,0,2646,3,11.1,0
62.23,8,purchase,0,2077,1,5.56,0
111.77,12,purchase,0,1780,1,15.68,0
86.03,14,purchase,0,2727,1,17.95,0
48.12,13,purchase,0,2177,1,0.57,0
61.98,19,transfer,0,2495,1,8.99,0
57.11,9,purchase,0,1846,2,2.18,0
11.59,21,withdrawal,1,1675,1,1.79,0
544.86,0,transfer,1,73,7,88.76,1
114.26,19,withdrawal,0,1666,0,0.45,0
65.87,12,transfer,0,714,0,7.61,0
17.2,12,purchase,0,3174,1,15.59,0
45.91,21,online,1,2757,2,22.8,0
94.33,14,purchase,0,1508,1,6.93,0
58.62,14,online,0,2390,3,7.92,0
89.23,8,online,0,3430,2,30.11,0
83.65,8,purchase,0,1369,3,13.2,0
105.39,19,purchase,0,1054,3,4.11,0
30.08,9,purchase,0,269,3,6.56,0
81.87,17,withdrawal,0,1196,7,0.71,0
58.49,14,transfer,0,1342,2,17.4,0
130.79,19,purchase,0,1220,1,28.09,0
26.85,9,online,0,1428,3,10.66,0
136.75,16,online,0,743,1,24.71,0
35.08,11,withdrawal,0,889,0,18.69,0
54.38,10,withdrawal,0,2595,3,14.55,0
136.2,14,transfer,0,885,3,9.86,0
85.22,12,withdrawal,0,1802,3,14.77,0
157.99,15,purchase,0,244,4,81.75,0
107.35,21,purchase,0,2272,4,71.97,0
38.55,9,purchase,0,2257,2,40.12,0
46.57,20,purchase,0,85,1,21.95,0
66.0,9,online,0,3273,2,0.63,0
15.72,16,purchase,0,2991,1,7.88,0
21.06,15,transfer,0,447,2,53.21,0
24.11,14,purchase,1,3236,3,27.08,0
41.56,11,online,0,474,2,14.25,0
60.7,12,purchase,0,711,4,56.91,0
120.78,12,transfer,0,1176,1,3.25,0
255.53,6,withdrawal,0,1653,0,18.63,0
67.41,12,purchase,0,2814,3,16.31,0
660.93,4,purchase,0,209,12,35.65,1
111.31,15,withdrawal,0,1589,5,25.85,0
55.97,14,transfer,0,192,5,26.66,0
99.42,13,purchase,0,3228,2,1.97,0
156.76,22,withdrawal,0,1101,2,24.12,0
33.97,11,online,0,2025,0,5.44,0
43.85,14,purchase,0,3111,3,20.86,0
52.66,14,withdrawal,0,2507,5,8.72,0
1042.23,4,withdrawal,0,256,7,389.2,1
119.2,13,purchase,0,3208,0,31.3,0
100.94,10,purchase,0,2420,5,19.97,0
42.52,22,withdrawal,0,3085,4,35.06,0
74.7,18,purchase,0,2474,4,4.57,0
120.36,17,purchase,0,1284,2,25.54,0
10.76,20,transfer,0,498,1,5.09,0
166.1,9,withdrawal,0,1711,3,5.39,0
21.58,7,withdrawal,0,2155,1,15.91,0
181.47,20,withdrawal,0,1504,1,6.39,0
50.25,20,online,0,3352,1,30.63,0
34.56,14,purchase,0,1447,2,40.62,0
13.76,10,purchase,0,2315,1,23.23,0
95.64,20,transfer,0,1439,0,19.41,0
62.41,10,purchase,0,3539,6,13.68,0
29.88,10,purchase,0,3501,2,24.39,0
75.23,22,purchase,0,222,2,2.81,0
22.9,15,transfer,0,2288,1,84.39,0
96.9,14,transfer,0,1782,2,26.58,0
14.05,22,purchase,0,1232,2,7.44,0
85.08,8,withdrawal,0,905,2,61.19,0
97.82,17,online,0,906,1,5.91,0
50.75,18,withdrawal,0,2964,2,37.54,0
55.59,6,online,0,1713,3,16.06,0
117.13,20,online,0,912,3,3.66,0
13.74,8,purchase,0,843,0,1.58,0
38.71,17,online,0,2186,0,44.47,0
9.27,6,purchase,0,530,2,3.36,0
111.02,8,purchase,0,248,2,5.4,0
86.84,8,transfer,0,783,2,15.48,0
550.02,23,online,1,245,5,2.59,1
57.81,8,purchase,0,3245,0,64.89,0
10.35,7,withdrawal,0,1381,0,12.12,0
29.9,11,online,1,1886,0,25.57,0
42.54,18,purchase,0,3156,1,9.76,0
78.4,19,online,1,1407,0,1.01,0
20.93,9,purchase,0,1665,2,54.87,0
239.05,11,withdrawal,0,1169,2,3.14,0
73.91,15,withdrawal,0,2701,3,18.26,0
174.38,10,withdrawal,0,3648,3,14.64,0
24.12,6,purchase,0,1063,1,31.42,0
145.54,9,withdrawal,0,2090,1,46.35,0
74.85,9,purchase,0,1361,3,4.11,0
104.19,10,purchase,0,2356,1,32.03,0
292.74,15,purchase,0,1800,3,0.09,0
64.48,15,withdrawal,1,3064,4,16.51,0
32.29,21,purchase,0,2435,3,3.11,0
18.98,20,withdrawal,0,821,1,8.63,0
23.76,7,purchase,0,2232,3,56.04,0
94.65,11,purchase,0,1178,3,23.39,0
122.33,9,purchase,0,1999,3,16.27,0
72.63,22,transfer,0,2096,4,38.89,0
25.93,17,transfer,0,2500,2,0.21,0
90.7,6,purchase,0,80,1,15.71,0
181.61,7,purchase,0,1222,1,5.7,0
68.94,13,purchase,0,1789,4,2.41,0
109.2,9,purchase,0,1004,3,5.1,0
23.95,20,purchase,0,1111,1,14.36,0
643.78,5,online,1,295,5,86.87,1
140.16,17,purchase,0,3477,2,36.92,0
45.46,9,transfer,0,1961,1,13.98,0
72.87,21,withdrawal,0,266,0,28.44,0
43.9,12,withdrawal,0,1866,1,2.21,0
83.52,19,online,0,337,3,19.45,0
61.28,6,transfer,0,1001,4,16.51,0
91.12,20,withdrawal,0,293,3,6.52,0
96.46,16,transfer,0,432,1,67.74,0
132.88,21,online,0,1282,1,5.0,0
50.27,13,purchase,0,1479,4,4.89,0
53.94,14,purchase,0,1447,2,10.16,0
33.9,19,online,0,1911,2,5.35,0
136.84,12,purchase,0,2995,0,11.74,0
12.24,11,withdrawal,0,311,1,45.14,0
43.84,9,purchase,0,492,3,19.85,0
158.85,11,purchase,0,1218,4,34.02,0
75.72,19,transfer,0,244,1,9.42,0
132.17,22,purchase,0,1796,2,27.47,0
107.76,18,withdrawal,0,2670,2,27.96,0
115.01,19,purchase,0,3360,2,90.42,0
67.55,10,transfer,0,225,4,22.7,0
30.79,20,purchase,1,3308,3,1.75,0
31.85,20,purchase,0,661,3,41.69,0
143.18,15,online,0,2615,1,8.47,0
171.27,16,purchase,0,3492,1,13.56,0
62.48,11,transfer,0,1194,1,7.74,0
136.94,20,transfer,0,1922,0,33.9,0
67.22,14,purchase,0,952,2,9.71,0
113.55,19,withdrawal,0,253,2,36.6,0
90.5,7,purchase,1,673,4,15.71,0
491.98,0,transfer,1,30,4,484.25,1
15.74,6,transfer,0,1404,5,3.61,0
58.93,9,purchase,0,732,3,31.89,0
132.9,15,purchase,0,2317,3,2.8,0
67.36,7,online,0,524,1,12.72,0
38.07,14,withdrawal,0,2638,2,9.63,0
153.52,20,purchase,0,1083,2,39.48,0
104.44,17,purchase,0,731,0,32.88,0
81.99,16,withdrawal,0,602,2,22.98,0
25.09,19,transfer,0,1860,0,0.89,0
113.66,16,purchase,0,2033,3,9.66,0
15.93,20,purchase,0,601,1,33.35,0
9.63,19,purchase,0,2183,5,19.74,0
17.72,21,online,0,1127,1,3.91,0
16.38,10,transfer,0,931,2,9.56,0
26.28,20,transfer,1,2610,5,8.61,0
68.55,7,purchase,0,2589,1,35.82,0
52.65,21,online,0,2018,1,13.15,0
90.63,7,purchase,0,3104,3,11.45,0
109.93,16,purchase,0,2939,1,28.42,0
65.68,19,withdrawal,0,1230,4,3.99,0
118.21,22,purchase,0,3160,2,16.91,0
149.35,14,withdrawal,0,1184,1,5.63,0
755.29,2,online,0,178,9,406.13,1
79.36,22,online,0,1364,1,1.34,0
44.58,7,transfer,0,47,2,3.97,0
126.92,6,purchase,0,2289,2,26.01,0
98.44,17,purchase,0,2428,2,33.52,0
21.05,7,purchase,0,2711,2,1.75,0
31.75,17,purchase,0,2891,2,15.93,0
52.25,9,purchase,0,2338,0,10.78,0
63.43,12,purchase,0,3368,1,4.6,0
46.04,15,purchase,0,605,0,1.74,0
65.86,15,online,0,3182,0,4.69,0
96.89,14,transfer,0,1454,1,11.12,0
263.79,6,withdrawal,0,3449,1,22.37,0
16.69,15,online,0,1917,2,3.51,0
147.69,19,purchase,0,3492,0,6.12,0
28.0,15,transfer,0,2514,0,17.19,0
135.49,8,purchase,0,3215,0,39.53,0
1.82,16,purchase,0,3632,1,64.96,0
99.38,16,online,0,666,1,28.16,0
65.27,6,purchase,0,676,3,10.47,0
98.25,19,withdrawal,0,1202,3,0.23,0
165.19,18,purchase,0,1979,0,1.98,0
2.83,12,purchase,0,268,0,2.42,0
147.35,10,transfer,0,1937,1,1.79,0
31.01,9,purchase,0,1747,2,18.48,0
104.16,12,purchase,0,2923,3,22.56,0
93.24,16,purchase,0,292,2,5.36,0
36.37,8,transfer,0,1042,4,5.66,0
57.42,20,withdrawal,0,496,1,3.9,0
14.82,9,online,0,652,4,40.1,0
156.59,7,purchase,0,1091,0,12.77,0
577.59,4,purchase,0,324,8,155.92,1
49.44,19,withdrawal,0,321,1,6.08,0
85.93,14,purchase,0,3199,0,25.17,0
75.88,17,online,0,32,2,38.56,0
227.44,13,purchase,0,2015,1,2.22,0
237.3,13,transfer,0,500,2,1.66,0
99.34,22,purchase,0,1171,4,36.78,0
114.42,19,purchase,0,1153,2,4.29,0
63.2,19,purchase,0,1234,1,15.38,0
9.58,7,transfer,0,354,0,6.86,0
41.61,14,transfer,0,68,2,4.61,0
2.98,6,transfer,0,1537,1,1.7,0
19.76,9,purchase,0,3473,2,3.66,0
45.93,9,purchase,0,60,4,2.34,0
48.57,9,purchase,0,2493,0,3.55,0
175.0,14,online,0,2939,0,32.04,0
60.75,6,withdrawal,0,1575,3,11.02,0
47.22,8,purchase,0,2188,1,11.93,0
102.12,9,withdrawal,0,2152,1,0.0,0
24.61,8,purchase,0,2308,1,0.59,0
20.39,16,purchase,0,724,1,76.46,0
53.14,18,withdrawal,0,1028,5,0.19,0
26.47,10,purchase,0,2711,1,55.71,0
39.2,17,purchase,0,509,1,35.38,0
131.75,9,online,0,353,3,26.15,0
230.1,11,purchase,1,384,4,10.52,0
142.48,15,transfer,0,2050,1,2.01,0
38.45,9,transfer,0,2574,1,23.56,0
20.04,21,purchase,0,473,0,4.93,0
21.71,17,purchase,0,345,3,20.62,0
37.79,21,purchase,0,62,3,4.7,0
64.06,22,purchase,0,2324,3,12.74,0
29.37,12,transfer,0,548,3,17.14,0
48.98,22,transfer,0,3232,3,4.74,0
143.88,6,purchase,0,3547,2,26.39,0
112.66,20,online,0,681,1,1.24,0
61.18,8,withdrawal,0,2537,4,40.86,0
50.61,7,purchase,0,1901,3,16.92,0
64.86,19,purchase,0,2836,3,9.24,0
15.79,17,purchase,0,2508,2,5.23,0
87.14,17,online,0,1216,0,5.74,0
118.14,16,purchase,0,3100,2,1.64,0
66.73,22,transfer,0,3062,2,2.65,0
15.72,13,online,0,1368,1,31.37,0
6.6,15,withdrawal,0,953,4,1.14,0
102.93,20,withdrawal,0,3507,4,43.14,0
97.38,16,withdrawal,0,499,5,1.29,0
61.74,22,purchase,0,1583,2,20.88,0
32.25,7,online,0,2291,2,12.43,0
34.44,19,transfer,0,2351,0,6.94,0
35.85,21,withdrawal,0,260,0,8.09,0
1205.78,9,purchase,1,47,3,712.97,1
231.8,22,withdrawal,0,1797,2,2.11,0
82.83,6,purchase,0,2268,0,1.62,0
210.8,22,purchase,0,400,2,26.28,0
17.22,7,purchase,0,2285,0,2.62,0
183.12,12,online,0,1356,2,2.05,0
45.4,13,withdrawal,0,1212,3,12.92,0
702.49,0,transfer,1,221,6,1053.32,1
25.62,15,withdrawal,0,909,2,12.47,0
269.42,20,online,1,175,5,477.01,1
88.6,15,purchase,0,2485,2,13.1,0
29.36,15,purchase,0,1625,1,8.48,0
59.02,12,purchase,0,3092,3,0.32,0
39.54,18,purchase,0,3152,1,27.16,0
89.12,22,withdrawal,0,1746,4,7.0,0
150.7,18,online,0,242,0,8.65,0
70.36,22,purchase,0,2775,3,14.81,0
34.93,12,purchase,1,545,3,6.92,0
21.81,19,purchase,0,2883,4,0.31,0
28.85,17,purchase,0,2753,2,6.06,0
59.53,14,purchase,0,843,4,12.11,0
165.84,18,purchase,0,777,1,9.05,0
7.76,18,purchase,0,1594,1,9.23,0
20.62,13,purchase,0,1855,1,6.22,0
63.18,10,purchase,0,3533,3,12.9,0
699.01,10,online,1,133,7,622.91,1
86.77,20,purchase,0,336,1,4.18,0
41.47,6,purchase,0,826,0,19.27,0
85.22,21,purchase,0,3313,0,1.58,0
51.64,22,withdrawal,0,1366,4,0.91,0
83.86,12,transfer,1,3579,2,18.65,0
149.43,12,purchase,0,863,1,8.17,0
88.84,18,purchase,1,3609,4,15.84,0
38.26,15,purchase,0,391,1,34.47,0
70.98,13,purchase,0,1911,2,2.45,0
116.76,13,purchase,0,1037,0,9.66,0
65.05,19,purchase,0,3097,2,9.5,0
64.71,18,purchase,0,1784,2,8.91,0
97.21,7,withdrawal,0,229,2,1.36,0
134.06,13,transfer,0,2742,2,2.6,0
77.73,14,purchase,0,2389,2,0.56,0
161.8,21,transfer,0,3451,2,10.69,0
102.9,21,withdrawal,0,3251,0,6.36,0
12.26,22,purchase,1,2116,5,22.1,0
150.77,14,purchase,0,959,4,1.58,0
155.28,7,purchase,1,3073,2,0.82,0
141.75,16,purchase,0,626,1,3.45,0
61.24,22,purchase,0,3204,4,8.18,0
47.57,18,purchase,0,929,5,3.51,0
72.24,21,withdrawal,0,2486,1,1.58,0
1069.23,13,transfer,0,216,2,123.76,1
78.21,6,purchase,0,1971,1,25.88,0
28.93,20,purchase,0,1247,2,1.03,0
215.27,22,withdrawal,0,1524,2,33.35,0
26.34,22,purchase,0,1474,4,2.29,0
37.87,19,withdrawal,0,316,1,5.7,0
90.72,17,purchase,0,559,2,42.2,0
167.53,9,withdrawal,0,2011,3,18.16,0
23.44,18,purchase,0,3050,1,10.02,0
64.22,6,online,1,1211,2,0.31,0
249.83,16,online,0,1230,1,14.63,0
87.73,14,purchase,0,2177,2,0.55,0
33.29,12,transfer,0,1176,2,4.04,0
109.84,16,withdrawal,0,191,4,20.49,0
122.01,11,withdrawal,0,2158,2,19.29,0
50.93,20,withdrawal,0,3592,1,5.96,0
10.88,13,withdrawal,1,1565,2,4.75,0
115.37,7,withdrawal,1,2867,1,3.33,0
87.29,19,withdrawal,0,735,5,22.76,0
27.68,17,online,1,2979,5,1.43,0
47.91,21,withdrawal,0,1955,1,14.66,0
1416.87,23,transfer,1,246,4,444.64,1
36.29,18,purchase,0,2583,2,13.16,0
10.57,9,purchase,1,3269,1,49.64,0
52.35,18,purchase,0,386,5,27.69,0
38.46,20,purchase,0,3548,5,6.21,0
9.14,18,purchase,0,773,6,40.8,0
111.57,10,purchase,0,1888,0,0.55,0
730.23,2,online,1,259,5,12.72,1
30.51,20,purchase,0,1968,1,68.19,0
177.76,20,purchase,0,2546,1,9.83,0
5.96,9,purchase,1,2170,4,6.28,0
74.14,8,online,0,867,2,9.0,0
35.88,22,online,0,344,5,7.02,0
15.04,20,purchase,0,3328,4,4.56,0
62.06,10,purchase,0,420,2,3.84,0
86.76,16,purchase,0,332,2,21.67,0
23.67,8,withdrawal,0,235,4,13.44,0
33.47,9,withdrawal,0,2008,2,3.8,0
198.63,17,online,0,2080,1,13.25,0
108.38,11,purchase,0,2379,0,52.52,0
102.43,22,purchase,0,342,4,5.67,0
19.68,7,withdrawal,0,1575,0,29.81,0
64.08,22,transfer,0,2982,4,47.94,0
206.68,17,online,0,3049,0,4.88,0
107.79,7,withdrawal,0,2281,4,19.99,0
59.0,15,purchase,0,771,2,3.56,0
613.28,3,purchase,1,226,4,100.84,1
153.27,14,purchase,0,1030,1,6.03,0
20.73,11,online,0,2764,1,49.42,0
67.94,8,purchase,0,995,3,20.64,0
50.1,19,online,0,2579,2,13.0,0
67.68,19,purchase,0,746,2,2.24,0
9.91,13,withdrawal,0,744,1,12.29,0
65.93,16,purchase,0,613,1,11.27,0
105.46,18,purchase,0,1376,4,26.91,0
77.41,18,online,0,2922,4,21.34,0
55.96,21,purchase,0,2029,1,13.27,0
85.48,21,withdrawal,0,3231,2,46.19,0
32.91,17,withdrawal,0,3409,2,6.02,0
18.48,16,purchase,0,1968,5,23.78,0
99.02,21,purchase,0,3169,0,48.01,0
126.36,6,purchase,0,146,4,6.09,0
222.13,18,online,1,39,2,402.87,1
81.22,14,online,0,1852,3,65.61,0
38.65,21,withdrawal,0,1348,1,0.1,0
34.89,14,withdrawal,0,435,1,18.61,0
106.29,10,withdrawal,0,3224,2,12.07,0
51.04,7,transfer,0,2997,1,8.66,0
60.23,7,online,0,2899,1,29.59,0
14.5,19,withdrawal,0,3504,2,1.34,0
171.44,18,transfer,0,737,0,19.44,0
70.22,9,online,0,2035,2,60.0,0
38.79,18,withdrawal,0,2393,5,5.74,0
64.24,17,withdrawal,0,1483,1,1.28,0
9.14,7,withdrawal,0,1662,5,1.24,0
119.45,15,purchase,0,2195,2,2.84,0
17.78,21,online,0,728,4,2.62,0
30.54,10,online,0,3269,2,3.72,0
32.9,20,transfer,0,1553,3,42.46,0
82.01,19,purchase,0,94,0,9.19,0
92.38,14,transfer,0,1784,2,42.71,0
18.21,22,transfer,0,357,2,17.68,0
34.68,7,purchase,0,3112,1,2.49,0
97.13,6,withdrawal,0,3643,3,50.98,0
18.41,14,withdrawal,0,665,3,2.38,0
42.99,13,withdrawal,0,939,0,63.57,0
169.31,7,purchase,0,543,0,31.3,0
20.45,10,purchase,0,2751,1,13.99,0
137.45,9,purchase,0,718,1,0.5,0
98.61,6,withdrawal,0,1193,1,46.29,0
81.18,11,online,0,1107,4,5.64,0
17.32,15,purchase,0,1379,2,20.56,0
142.98,12,purchase,0,2049,2,7.44,0
99.9,8,purchase,0,568,3,3.53,0
140.14,20,withdrawal,0,3630,0,42.01,0
84.28,6,purchase,0,455,3,26.19,0
68.81,18,withdrawal,0,738,2,18.58,0
59.5,20,purchase,0,2141,0,12.1,0
119.76,8,purchase,0,1336,1,14.75,0
950.44,1,purchase,0,175,4,6.18,1
47.38,8,purchase,0,2674,1,10.26,0
98.02,8,transfer,0,2971,3,16.63,0
125.1,8,online,0,2212,0,91.67,0
85.53,18,transfer,0,3285,5,16.25,0
42.6,11,purchase,0,31,2,25.03,0
128.85,22,transfer,0,2023,1,3.35,0
68.97,14,purchase,1,2528,1,13.85,0
32.22,16,online,0,3625,4,10.41,0
53.67,8,online,0,609,0,30.93,0
1014.3,3,online,0,170,3,176.75,1
75.73,22,purchase,0,3049,1,18.1,0
50.6,20,purchase,0,2877,2,2.95,0
65.52,17,purchase,0,1570,2,7.14,0
60.88,19,purchase,0,1988,3,16.67,0
98.96,17,purchase,0,1276,2,7.93,0
84.57,14,purchase,0,141,2,1.79,0
181.03,20,withdrawal,0,1798,2,5.84,0
13.17,17,online,0,136,2,16.69,0
88.04,11,online,0,483,2,5.5,0
152.74,6,online,0,321,2,18.19,0
161.3,13,withdrawal,0,3122,2,17.16,0
62.74,12,online,0,3041,1,3.51,0
28.95,22,purchase,0,2964,2,36.91,0
20.7,21,withdrawal,0,3617,2,15.91,0
119.5,15,transfer,0,1667,1,7.75,0
182.96,21,purchase,0,2122,3,2.1,0
15.74,12,withdrawal,0,1186,3,28.18,0
29.55,12,purchase,0,3624,1,2.8,0
126.5,15,withdrawal,0,3036,1,24.32,0
65.93,19,withdrawal,0,1583,4,10.93,0
102.11,21,withdrawal,0,2763,1,2.9,0
73.95,13,online,0,1655,2,11.64,0
65.09,8,purchase,0,1443,0,3.65,0
130.98,16,purchase,0,2592,4,25.39,0
608.21,4,online,0,163,6,134.26,1
50.2,9,transfer,1,2478,4,16.4,0
35.52,12,purchase,0,1306,2,30.08,0
175.96,17,transfer,0,3526,2,6.42,0
98.69,15,purchase,0,3292,4,24.79,0
26.78,17,withdrawal,0,3399,0,20.42,0
73.65,13,online,0,1346,0,8.14,0
95.67,7,purchase,0,1861,4,4.16,0
116.11,20,transfer,0,1020,6,0.73,0
60.04,12,purchase,0,130,2,11.39,0
1199.47,8,online,0,225,5,1.69,1
161.43,11,purchase,0,961,3,24.36,0
297.58,18,purchase,0,1090,1,11.47,0
60.07,14,transfer,0,2695,2,30.18,0
66.99,13,withdrawal,0,2187,5,10.72,0
5.7,9,purchase,0,1763,2,13.03,0
121.74,14,purchase,0,2331,2,9.89,0
103.15,17,purchase,0,3187,1,5.23,0
51.2,18,withdrawal,1,1349,3,2.27,0
150.55,9,purchase,0,110,4,2.72,0
10.92,16,purchase,1,3376,4,19.27,0
135.52,15,transfer,0,3345,0,4.15,0
175.43,16,purchase,0,97,1,0.99,0
21.51,12,purchase,0,3136,3,7.09,0
79.53,19,purchase,0,283,2,0.04,0
22.32,22,transfer,0,249,2,24.98,0
124.83,12,purchase,0,1743,5,30.11,0
95.94,12,transfer,0,1689,1,8.88,0
225.06,14,withdrawal,0,270,3,2.01,0
64.21,13,purchase,0,357,1,21.01,0
225.36,11,purchase,0,2591,2,55.09,0
50.33,8,purchase,0,212,1,6.71,0
251.06,20,transfer,0,1263,3,9.75,0
29.6,9,purchase,0,2020,3,15.66,0
55.46,12,purchase,0,3215,2,0.59,0
891.54,2,transfer,0,176,4,143.82,1
81.57,12,transfer,0,1733,2,7.05,0
107.99,15,transfer,0,620,4,4.55,0
96.01,20,withdrawal,0,491,3,4.36,0
37.39,6,purchase,0,216,4,22.43,0
88.09,16,purchase,0,432,3,1.68,0
141.61,12,transfer,0,741,0,5.28,0
144.29,6,purchase,0,2589,0,55.81,0
125.55,22,transfer,0,1124,1,0.63,0
42.42,6,withdrawal,0,41,1,1.7,0
59.06,6,online,0,820,1,7.81,0
62.21,17,transfer,1,3431,2,4.88,0
25.41,10,withdrawal,0,3356,5,28.89,0
44.06,19,purchase,0,1757,0,22.35,0
43.76,9,purchase,0,1289,0,10.15,0
125.56,17,purchase,0,275,2,1.03,0
178.12,11,purchase,0,1072,1,7.06,0
65.44,18,transfer,0,495,3,58.21,0
54.46,12,transfer,0,1901,1,9.94,0
25.0,15,purchase,0,513,2,22.9,0
22.37,7,purchase,0,2256,1,3.93,0
65.67,12,online,0,2186,2,2.14,0
112.24,10,withdrawal,0,2075,6,5.5,0
107.97,8,purchase,0,2680,3,58.46,0
33.82,13,purchase,0,340,3,15.94,0
62.17,22,purchase,0,2827,4,2.12,0
5.79,21,purchase,0,560,3,6.06,0
112.36,14,purchase,0,1803,4,32.35,0
153.11,13,purchase,0,3278,2,41.04,0
90.63,10,purchase,0,1968,3,4.35,0
58.91,19,transfer,0,2423,1,63.13,0
31.67,14,withdrawal,0,3290,2,13.66,0
19.06,14,online,0,2014,3,15.37,0
34.27,21,online,0,410,2,7.29,0
137.78,17,purchase,0,1359,1,11.11,0
329.43,5,withdrawal,1,322,7,19.4,1
109.65,17,transfer,0,1827,1,21.08,0
102.93,9,purchase,0,3445,0,12.06,0
148.72,19,withdrawal,0,2796,2,18.33,0
105.16,13,transfer,0,1094,5,2.45,0
61.27,6,withdrawal,0,3598,1,52.63,0
130.6,21,online,0,3343,3,2.27,0
89.2,19,purchase,0,3639,1,14.82,0
71.68,21,withdrawal,0,516,3,8.4,0
29.36,18,purchase,0,424,2,6.36,0
68.06,8,purchase,0,2487,0,5.76,0
6.14,6,purchase,1,662,1,0.21,0
21.14,7,online,0,1475,1,13.98,0
75.25,14,online,0,2013,1,22.34,0
58.4,16,purchase,0,1519,1,9.12,0
61.18,13,purchase,0,2791,0,14.26,0
109.05,19,online,0,2488,1,5.92,0
123.48,16,transfer,0,3144,5,0.33,0
103.98,13,withdrawal,0,611,2,11.97,0
16.56,19,purchase,0,1645,3,6.64,0
74.07,15,purchase,0,2146,0,15.78,0
57.04,8,online,0,1202,0,42.68,0
118.2,19,purchase,0,1767,0,4.41,0
80.57,14,purchase,0,1987,1,10.59,0
76.72,10,transfer,0,1737,0,19.66,0
86.86,20,purchase,0,1682,1,27.42,0
46.18,10,withdrawal,1,321,1,33.7,0
267.37,10,purchase,0,1309,2,12.45,0
32.74,12,purchase,0,1954,3,0.19,0
199.28,20,purchase,0,103,0,13.71,0
10.91,7,online,0,1325,0,14.84,0
97.13,16,purchase,0,1068,1,7.66,0
80.75,6,online,0,342,2,6.83,0
27.81,10,transfer,0,561,3,49.87,0
194.33,14,purchase,0,1759,3,5.67,0
66.22,22,transfer,0,1055,6,9.98,0
770.26,5,purchase,1,288,5,423.01,1
51.14,6,purchase,0,2764,1,22.81,0
27.11,16,purchase,0,1104,1,0.95,0
60.87,7,purchase,1,547,1,13.47,0
62.48,16,purchase,0,180,0,14.14,0
27.85,21,purchase,0,873,1,7.16,0
942.85,10,transfer,1,160,5,208.44,1
101.32,11,withdrawal,0,2868,1,3.11,0
70.81,21,transfer,0,1969,2,47.25,0
143.19,16,purchase,0,1873,1,15.16,0
987.3,11,transfer,0,212,8,4.32,1
52.88,20,purchase,0,1306,1,2.1,0
113.51,20,withdrawal,0,2124,3,9.28,0
117.9,13,purchase,0,3161,3,12.06,0
565.1,6,purchase,1,75,9,283.18,1
66.41,16,withdrawal,0,2439,2,11.69,0
117.41,7,purchase,0,3121,1,8.35,0
57.72,13,purchase,0,3422,4,14.05,0
76.73,21,online,0,1581,1,0.02,0
28.08,6,purchase,0,1782,2,10.69,0
153.02,10,purchase,0,115,2,23.94,0
76.13,21,purchase,0,764,0,3.95,0
158.48,20,purchase,1,2377,0,4.48,0
65.02,21,purchase,0,648,4,0.86,0
80.37,15,purchase,0,1060,0,0.8,0
94.17,11,purchase,0,1823,4,2.69,0
88.18,16,purchase,0,1473,3,35.03,0
82.01,22,purchase,0,2319,5,24.81,0
155.62,22,purchase,0,3057,0,7.59,0
62.83,17,online,0,1051,1,40.92,0
83.82,8,purchase,0,1003,3,11.5,0
118.41,22,transfer,1,442,1,3.42,0
57.63,15,withdrawal,0,2799,1,12.35,0
87.63,14,purchase,0,1702,3,0.21,0
58.34,21,withdrawal,0,1695,3,27.56,0
119.07,7,purchase,0,859,0,4.48,0
89.58,16,purchase,0,2704,3,2.47,0
65.73,19,purchase,0,3243,0,0.33,0
78.19,15,purchase,0,2102,1,70.09,0
28.57,13,purchase,0,1392,3,5.13,0
92.48,21,online,0,2096,1,4.71,0
64.95,9,transfer,0,1213,4,27.61,0
10.42,13,withdrawal,0,38,2,9.79,0
8.38,8,transfer,0,427,4,4.31,0
65.79,8,purchase,0,940,3,38.81,0
34.13,6,purchase,0,3470,2,1.05,0
109.88,19,transfer,0,866,1,14.97,0
618.96,11,purchase,1,72,9,429.81,1
1380.8,2,transfer,0,26,6,295.52,1
393.49,1,purchase,1,284,6,329.71,1
144.58,6,purchase,0,2941,4,12.16,0
56.71,7,withdrawal,0,1356,5,0.28,0
67.75,21,online,0,2526,3,7.38,0
38.53,19,purchase,0,1607,2,12.58,0
86.6,22,purchase,0,1024,3,1.94,0
11.3,10,purchase,0,3116,3,11.71,0
51.25,14,transfer,0,3059,2,13.15,0
28.23,21,purchase,0,77,3,38.12,0
42.14,13,purchase,0,1686,1,2.81,0
15.01,14,withdrawal,0,1419,3,15.69,0
56.16,20,purchase,0,911,2,41.7,0
70.45,11,purchase,0,1547,1,16.21,0
884.78,23,purchase,0,350,12,637.61,1
123.84,12,online,1,456,2,3.15,0
25.42,17,purchase,0,2822,0,23.1,0
34.36,22,online,1,1760,2,31.91,0
87.93,12,withdrawal,0,3591,0,21.24,0
73.5,15,transfer,0,1208,1,19.1,0
113.37,18,withdrawal,0,1318,2,35.11,0
136.01,19,purchase,0,2741,2,6.28,0
129.33,18,withdrawal,0,1661,4,3.62,0
66.93,14,online,0,177,0,6.57,0
286.89,21,purchase,0,3144,4,29.99,0
29.29,16,purchase,0,2131,2,3.39,0
100.5,17,purchase,0,3129,6,0.45,0
62.62,10,purchase,0,1017,3,8.46,0
8.39,22,withdrawal,0,138,6,28.47,0
81.19,7,online,0,2965,2,1.01,0
166.84,21,purchase,0,109,0,19.07,0
40.93,18,purchase,0,3404,4,19.87,0
143.25,12,purchase,0,492,3,7.84,0
87.8,13,online,0,3121,1,11.85,0
92.38,6,transfer,0,3591,1,2.42,0
181.45,18,transfer,0,3504,3,10.51,0
87.7,10,online,0,1375,2,10.82,0
135.3,16,online,0,984,6,84.85,0
5.01,22,purchase,0,1487,1,27.69,0
50.93,19,online,0,331,3,15.74,0
1154.35,6,transfer,1,72,5,171.4,1
146.51,18,purchase,0,291,3,22.94,0
7.89,9,purchase,0,79,2,9.57,0
15.43,15,purchase,0,1871,3,12.52,0
22.43,18,transfer,0,1075,2,0.8,0
137.63,22,withdrawal,0,2751,3,6.67,0
25.28,10,withdrawal,0,1940,2,7.69,0
76.22,18,withdrawal,0,3642,3,18.04,0
117.53,10,transfer,0,1898,1,4.29,0
27.69,11,purchase,0,3223,1,37.82,0
129.22,9,purchase,0,85,1,6.36,0
72.14,9,withdrawal,0,3450,0,23.61,0
22.72,17,purchase,0,3453,0,22.51,0
21.24,16,online,0,2238,1,26.09,0
72.77,13,purchase,0,2086,2,5.87,0
112.5,9,purchase,0,1464,3,11.18,0
60.73,9,purchase,0,1784,1,36.49,0
68.16,19,online,0,1961,3,48.82,0
21.82,21,online,0,44,3,29.72,0
86.84,21,purchase,0,2831,4,14.06,0
108.91,9,purchase,0,828,1,4.61,0
177.31,18,purchase,0,386,2,15.25,0
51.97,6,online,1,579,2,28.5,0
32.52,12,online,0,3518,1,0.96,0
91.98,19,online,0,2053,0,15.37,0
165.51,13,withdrawal,0,1818,2,12.34,0
97.08,12,purchase,0,3482,2,6.99,0
117.32,15,withdrawal,0,507,2,1.16,0
98.7,11,online,0,129,5,9.45,0
381.7,0,online,1,282,2,195.07,1
183.77,17,purchase,0,3155,3,18.94,0
132.2,8,purchase,0,1322,1,36.9,0
64.69,18,purchase,0,277,3,6.56,0
275.98,13,withdrawal,0,684,3,4.5,0
51.65,13,withdrawal,0,2293,1,4.59,0
161.03,9,purchase,0,3298,5,4.95,0
12.06,18,purchase,0,1253,0,23.84,0
117.53,7,purchase,0,1613,2,3.02,0
124.88,19,online,0,1194,4,2.26,0
183.23,18,transfer,0,1370,1,20.28,0
155.88,19,purchase,0,963,4,3.8,0
89.94,12,withdrawal,0,2008,0,21.37,0
55.11,16,online,0,2569,1,0.13,0
809.08,1,transfer,1,176,9,240.5,1
90.49,18,purchase,0,2883,3,0.18,0
89.04,13,purchase,0,3649,0,0.69,0
40.03,21,purchase,0,3065,4,16.12,0
261.79,14,withdrawal,0,884,1,0.84,0
224.32,9,transfer,0,2642,1,18.58,0
96.17,11,purchase,0,1309,2,6.86,0
60.28,13,withdrawal,0,678,1,21.8,0
32.6,13,purchase,0,1492,0,0.59,0
189.55,20,withdrawal,0,82,1,11.42,0
91.95,16,purchase,0,848,1,3.45,0
19.13,6,purchase,0,2499,3,10.63,0
98.73,20,purchase,0,1917,3,13.08,0
54.63,19,transfer,0,1771,4,12.92,0
52.13,21,withdrawal,0,1401,3,81.69,0
16.04,22,transfer,0,1659,1,34.89,0
58.48,10,online,0,3360,1,7.11,0
85.15,6,purchase,0,1390,2,1.39,0
52.83,9,purchase,0,1648,3,7.48,0
64.66,21,purchase,0,2102,2,18.77,0
8.84,11,withdrawal,0,3507,2,27.14,0
9.77,6,purchase,0,1362,3,0.16,0
117.75,14,transfer,0,3115,4,40.1,0
117.94,18,withdrawal,0,2563,3,8.06,0
29.3,21,purchase,0,1109,1,43.98,0
98.58,15,purchase,0,2099,3,7.47,0
15.31,18,withdrawal,0,2045,3,9.11,0
68.31,12,purchase,0,3565,2,7.54,0
97.87,14,purchase,0,3647,2,15.09,0
26.39,12,transfer,0,1184,6,19.96,0
18.04,17,purchase,0,2051,4,0.46,0
175.09,6,online,0,601,4,17.93,0
34.59,16,withdrawal,0,877,4,7.51,0
89.91,13,online,0,1891,1,2.87,0
99.85,11,purchase,0,2974,2,2.81,0
94.03,22,online,0,3616,1,0.99,0
46.15,7,transfer,0,1262,1,11.71,0
708.97,14,online,0,257,8,293.74,1
29.18,15,withdrawal,0,3023,3,3.53,0
56.79,21,purchase,0,2138,1,2.98,0
28.12,10,purchase,0,814,1,2.3,0
152.33,14,purchase,0,240,0,13.35,0
50.98,8,purchase,1,629,0,1.68,0
25.56,7,purchase,0,153,1,33.3,0
58.34,10,online,0,2670,3,30.23,0
116.41,17,online,1,3622,3,6.0,0
69.71,16,purchase,0,2101,2,4.08,0
35.99,16,transfer,0,1214,2,15.24,0
107.06,6,online,0,1547,1,43.17,0
148.35,16,transfer,0,2961,5,0.27,0
56.86,14,purchase,0,3465,1,33.8,0
3.57,13,purchase,0,554,3,14.42,0
64.88,12,online,0,2544,3,1.94,0
63.41,17,online,0,2919,1,0.54,0
45.23,13,transfer,0,1798,3,14.24,0
31.96,20,purchase,1,657,1,3.52,0
80.21,21,withdrawal,0,612,0,3.49,0
20.01,8,purchase,0,1848,2,10.34,0
52.15,17,purchase,0,2634,3,21.65,0
69.44,21,withdrawal,0,3173,3,5.27,0
40.04,20,purchase,0,737,2,13.98,0
77.35,15,transfer,0,1411,3,11.73,0
75.49,15,transfer,0,1709,0,27.02,0
129.79,21,online,0,3385,0,0.58,0
94.08,21,purchase,0,1406,2,20.44,0
65.06,12,purchase,0,3072,3,0.97,0
117.55,9,online,0,557,3,14.45,0
81.79,6,withdrawal,0,2746,1,65.2,0
121.95,20,purchase,1,986,1,26.26,0
101.51,8,online,0,209,6,4.06,0
36.42,20,purchase,0,2819,1,16.55,0
78.69,8,purchase,0,1293,2,15.24,0
152.66,16,online,0,3358,3,10.67,0
50.24,7,purchase,0,2415,1,2.93,0
218.74,6,withdrawal,1,2169,2,31.65,0
73.62,17,purchase,0,3029,1,7.57,0
50.89,13,purchase,0,1109,1,5.32,0
83.24,9,purchase,0,249,3,5.22,0
103.8,21,withdrawal,1,1435,1,33.93,0
47.52,21,purchase,0,236,2,17.65,0
166.91,6,withdrawal,0,560,2,2.63,0
57.35,15,transfer,0,1571,3,8.28,0
83.12,14,online,0,2929,0,16.64,0
71.17,10,transfer,0,2798,2,42.02,0
170.14,10,purchase,0,2322,2,31.92,0
63.75,15,purchase,0,190,2,19.37,0
232.28,20,purchase,0,3455,2,25.28,0
12.32,19,online,0,655,3,5.18,0
51.79,19,online,0,3156,4,2.37,0
16.86,6,online,0,779,1,28.52,0
39.06,16,online,0,1542,5,4.03,0
190.96,12,transfer,0,1257,5,5.79,0
80.12,10,withdrawal,0,2311,0,20.32,0
79.96,22,online,0,612,1,42.57,0
131.05,6,withdrawal,0,705,1,16.68,0
63.77,8,purchase,0,1959,1,1.1,0
136.53,20,online,0,3283,4,0.01,0
3.79,7,transfer,0,2999,1,10.73,0
36.01,15,purchase,0,2391,1,5.97,0
53.55,8,online,0,2113,5,17.31,0
85.24,17,withdrawal,0,2235,0,9.78,0
118.05,11,purchase,0,1985,6,5.24,0
10.58,12,purchase,0,1333,2,8.96,0
36.17,19,purchase,0,1310,3,7.86,0
109.36,14,online,0,3287,3,20.5,0
34.77,22,withdrawal,0,709,0,26.05,0
18.63,20,online,0,2453,3,2.06,0
46.68,18,withdrawal,0,1552,2,30.03,0
176.97,17,purchase,0,1789,2,41.78,0
109.63,20,purchase,0,2662,2,9.6,0
218.91,9,withdrawal,0,148,2,23.9,0
60.6,14,purchase,0,380,3,17.97,0
30.04,20,purchase,0,2503,3,0.28,0
95.46,12,purchase,0,3034,1,2.92,0
48.91,11,purchase,0,335,4,0.89,0
51.53,15,withdrawal,0,1297,2,36.58,0
76.38,7,purchase,0,2575,0,6.19,0
87.85,12,purchase,0,3163,2,29.53,0
139.88,10,purchase,0,2630,2,25.14,0
24.8,15,online,0,156,3,17.52,0
513.88,23,purchase,1,356,4,390.78,1
29.41,15,purchase,0,2604,4,21.71,0
75.99,19,purchase,0,1097,2,20.85,0
93.5,19,purchase,0,2476,4,5.25,0
29.81,6,purchase,0,557,2,21.26,0
83.46,18,withdrawal,0,3058,1,9.3,0
63.73,15,purchase,0,2071,1,14.27,0
70.34,6,transfer,0,1105,2,2.45,0
38.74,11,withdrawal,0,2281,1,9.21,0
72.9,18,purchase,0,1405,1,6.19,0
240.28,15,withdrawal,0,1833,3,5.13,0
63.71,11,transfer,0,1138,4,56.15,0
79.01,8,withdrawal,0,1305,1,9.29,0
21.14,19,withdrawal,0,1349,4,9.04,0
63.12,19,purchase,0,887,0,2.28,0
109.1,20,purchase,0,1707,2,17.44,0
6.06,9,transfer,0,1044,2,4.08,0
130.68,12,purchase,0,2913,0,2.79,0
72.43,17,withdrawal,0,820,4,16.29,0
37.68,8,purchase,0,2842,4,5.56,0
14.71,14,transfer,0,2675,1,20.86,0
140.66,17,online,0,2185,1,1.36,0
51.31,12,purchase,0,795,0,0.72,0
137.07,20,transfer,0,1425,1,3.66,0
54.78,21,online,0,3033,3,0.14,0
202.67,8,transfer,0,1029,3,19.46,0
259.36,17,purchase,1,1107,3,2.88,0
100.79,12,purchase,0,2131,0,1.65,0
18.43,14,withdrawal,0,3016,2,8.68,0
46.33,22,purchase,0,388,4,37.78,0
54.81,14,withdrawal,0,3345,0,16.03,0
40.88,18,transfer,0,822,0,34.12,0
44.59,20,online,0,3564,3,4.33,0
13.07,20,withdrawal,0,468,6,18.58,0
127.15,14,purchase,0,1021,2,1.57,0
51.91,7,withdrawal,0,167,3,7.93,0
70.63,16,online,0,1707,0,8.26,0
44.03,6,purchase,0,3235,2,3.14,0
83.43,12,purchase,0,2642,3,52.32,0
74.14,6,purchase,0,1324,3,36.51,0
38.21,7,transfer,0,3328,0,19.45,0
36.59,9,withdrawal,0,1215,2,4.42,0
125.23,21,withdrawal,0,2034,1,7.5,0
51.59,22,transfer,0,1481,2,2.25,0
1121.38,5,withdrawal,0,146,6,443.54,1
54.84,22,purchase,0,603,3,13.24,0
172.0,22,purchase,0,3314,2,42.36,0
55.25,7,purchase,0,2669,2,36.38,0
27.73,21,withdrawal,0,3499,1,13.5,0
100.05,18,purchase,0,2998,3,4.82,0
233.76,15,purchase,0,3403,2,4.0,0
32.48,6,purchase,0,358,4,24.47,0
78.92,22,transfer,0,3245,0,16.6,0
38.11,6,online,0,3332,5,11.73,0
74.79,16,purchase,0,2684,1,4.86,0
57.24,7,purchase,0,1402,0,4.81,0
47.47,9,purchase,0,776,0,32.5,0
93.0,22,online,0,155,0,7.5,0
48.4,15,purchase,0,2305,2,10.64,0
148.45,17,purchase,0,1484,3,15.69,0
138.7,13,purchase,0,2945,4,125.9,0
39.01,11,online,0,1847,1,7.28,0
7.52,11,transfer,0,2815,0,3.69,0
71.84,17,online,0,1378,2,1.35,0
53.82,7,purchase,0,3309,1,7.32,0
70.59,10,purchase,0,2397,4,38.1,0
47.88,15,online,0,1648,2,3.61,0
83.66,17,purchase,0,2895,0,9.21,0
729.58,4,withdrawal,1,95,7,66.39,1
141.51,18,purchase,0,1631,3,18.65,0
21.47,21,purchase,0,1092,2,0.02,0
119.16,21,online,0,2721,4,4.95,0
118.56,19,transfer,0,2594,1,29.22,0
191.15,15,transfer,0,1789,1,6.92,0
130.21,16,transfer,0,285,6,1.0,0
104.71,18,withdrawal,0,2436,2,8.26,0
1185.83,3,purchase,1,289,5,38.01,1
82.35,10,withdrawal,0,747,6,0.11,0
92.89,12,online,0,797,1,4.17,0
9.71,14,withdrawal,0,1498,2,43.54,0
107.14,6,purchase,0,3636,7,3.46,0
108.22,14,purchase,0,435,1,24.68,0
43.02,17,withdrawal,1,1564,1,1.9,0
30.09,6,online,0,3411,1,22.6,0
5.07,13,purchase,0,596,4,4.55,0
106.36,12,online,0,2168,1,21.56,0
73.23,10,online,0,3456,2,6.98,0
95.85,18,withdrawal,0,2877,1,4.18,0
168.93,7,purchase,0,2482,0,3.57,0
18.36,11,purchase,0,2532,1,45.27,0
33.9,10,purchase,0,305,0,0.11,0
2.3,20,purchase,0,371,2,3.72,0
6.88,14,withdrawal,0,2939,2,6.78,0
84.46,10,withdrawal,0,66,2,6.24,0
50.72,8,purchase,0,2143,2,38.35,0
101.92,18,transfer,0,2192,1,17.52,0
61.78,16,purchase,0,1125,4,6.9,0
42.92,8,purchase,0,121,1,13.27,0
57.89,11,purchase,0,2689,3,13.61,0
184.61,6,transfer,0,1089,3,12.58,0
95.01,20,purchase,0,3405,0,11.27,0
110.94,8,purchase,0,1292,2,6.5,0
26.32,16,withdrawal,0,1726,3,0.12,0
54.43,8,online,0,500,1,11.98,0
134.49,10,purchase,0,1384,3,36.3,0
428.56,9,transfer,0,171,6,19.23,1
33.54,12,purchase,0,1209,2,59.51,0
31.23,6,purchase,0,387,3,11.97,0
176.16,13,transfer,0,930,1,18.89,0
63.99,18,online,0,1488,1,6.56,0
22.98,12,purchase,0,641,1,6.22,0
112.85,12,withdrawal,0,2200,2,48.98,0
159.26,14,transfer,0,527,1,7.76,0
112.34,14,purchase,0,1031,3,17.24,0
85.07,12,purchase,0,886,2,29.08,0
176.36,13,transfer,0,644,1,7.82,0
16.4,8,purchase,0,2228,1,13.07,0
42.14,16,purchase,0,3386,1,0.09,0
35.19,11,withdrawal,0,1286,1,2.63,0
258.45,6,purchase,0,126,1,5.06,0
41.21,13,purchase,0,1523,3,2.8,0
164.63,17,withdrawal,0,2221,3,50.97,0
106.91,14,withdrawal,0,1080,1,0.72,0
61.49,8,purchase,0,2034,1,23.93,0
49.1,9,purchase,0,114,2,14.69,0
99.5,8,purchase,0,1601,1,21.1,0
104.98,8,withdrawal,0,2094,0,3.91,0
74.18,12,purchase,0,3045,1,10.0,0
164.48,12,online,0,2975,4,4.76,0
241.78,11,purchase,0,1029,6,7.6,0
70.84,10,purchase,0,1256,0,21.16,0
7.81,14,online,0,3366,0,2.97,0
116.31,22,online,1,2050,2,0.94,0
237.09,16,withdrawal,0,578,1,51.21,0
105.58,6,purchase,0,3501,2,2.26,0
70.17,6,withdrawal,0,1401,1,10.69,0
57.86,18,online,0,473,0,14.14,0
29.76,16,transfer,0,1952,2,21.33,0
66.85,22,withdrawal,1,3287,1,4.32,0
47.16,21,online,0,2286,2,61.78,0
176.83,8,purchase,0,126,0,2.56,0
146.31,20,transfer,0,2502,3,2.63,0
91.1,9,online,0,3630,0,16.1,0
46.29,19,transfer,0,2011,3,3.26,0
125.5,22,withdrawal,0,2421,1,39.79,0
89.56,17,online,0,397,1,10.24,0
86.7,20,purchase,1,1701,1,9.43,0
47.53,14,purchase,0,2606,1,8.57,0
55.86,9,transfer,0,1374,4,2.94,0
53.55,8,withdrawal,0,1046,2,11.06,0
146.74,22,purchase,0,245,3,18.18,0
39.75,14,transfer,0,1510,4,1.86,0
116.3,15,purchase,0,170,1,70.58,0
88.1,17,withdrawal,0,2103,2,23.9,0
162.62,8,withdrawal,0,1962,2,9.0,0
174.29,11,online,0,3075,1,6.69,0
110.62,19,purchase,0,456,0,4.13,0
89.88,18,purchase,0,3077,2,8.64,0
39.74,21,withdrawal,0,623,2,12.16,0
17.84,17,online,0,921,2,37.26,0
66.77,22,transfer,0,619,1,25.9,0
173.84,9,purchase,0,343,1,4.83,0
27.58,17,purchase,0,3251,4,30.12,0
77.92,18,online,0,1914,0,1.28,0
57.21,11,withdrawal,0,3381,1,51.18,0
103.13,7,online,0,2281,1,38.99,0
17.97,12,purchase,0,1177,1,18.52,0
185.03,16,online,0,3373,2,7.1,0
69.19,7,purchase,0,2953,3,0.98,0
27.36,16,purchase,0,1692,2,6.81,0
28.16,7,purchase,0,3047,1,9.61,0
19.49,15,online,0,2710,5,4.82,0
24.08,13,purchase,0,1934,5,0.86,0
22.88,7,purchase,0,188,3,25.23,0
85.7,6,purchase,0,1331,1,20.18,0
38.68,21,online,0,3569,3,97.15,0
243.74,19,purchase,0,2153,3,36.84,0
205.3,11,purchase,0,959,0,71.97,0
96.98,13,transfer,0,900,5,25.76,0
126.34,11,purchase,0,578,0,26.36,0
101.41,17,purchase,0,3402,2,14.6,0
92.74,18,purchase,0,2885,3,6.42,0
71.17,19,purchase,0,497,0,23.26,0
64.99,18,purchase,0,191,3,19.67,0
36.25,19,purchase,0,3417,1,3.97,0
18.72,6,purchase,0,3365,0,1.92,0
137.74,19,transfer,0,804,2,5.32,0
55.45,22,transfer,0,3492,3,4.21,0
4.27,6,purchase,0,2670,3,36.26,0
58.28,18,transfer,0,2441,4,20.69,0
139.61,8,purchase,0,3065,1,14.92,0
9.34,6,purchase,0,1510,3,38.08,0
66.68,22,transfer,0,3104,3,6.78,0
130.58,20,purchase,0,3287,3,0.11,0
67.48,13,transfer,0,2263,2,18.67,0
5.41,12,withdrawal,0,3020,1,14.21,0
98.49,22,purchase,0,405,2,2.48,0
85.93,14,online,0,568,3,13.69,0
19.97,12,purchase,0,1799,3,4.62,0
154.49,8,online,0,2435,2,15.14,0
125.13,7,purchase,0,1647,2,22.8,0
19.6,16,purchase,0,3392,2,3.29,0
23.74,18,transfer,0,3003,3,2.13,0
63.7,9,purchase,0,271,1,14.55,0
93.0,6,purchase,0,1822,0,10.02,0
98.71,6,online,0,185,3,9.9,0
76.86,6,online,0,1689,1,19.49,0
14.88,8,transfer,0,1371,4,7.17,0
64.84,18,online,0,1247,1,17.18,0
110.48,6,purchase,0,412,1,7.64,0
31.63,17,purchase,0,154,3,10.62,0
36.8,20,purchase,0,1610,0,24.33,0
72.83,10,purchase,0,2829,1,4.63,0
227.52,13,purchase,0,1445,0,14.31,0
49.81,12,withdrawal,0,2369,2,3.0,0
867.79,5,withdrawal,1,316,4,65.14,1
58.73,15,purchase,1,1059,1,27.75,0
95.02,8,withdrawal,0,2774,2,14.46,0
23.77,6,online,0,1153,3,5.55,0
166.5,8,purchase,0,2489,1,22.89,0
843.18,6,online,1,188,1,498.69,1
20.45,7,purchase,0,2721,3,20.32,0
124.3,12,purchase,1,187,2,5.99,0
333.92,9,purchase,0,2475,4,6.23,0
63.26,9,purchase,0,2232,2,12.98,0
89.24,20,purchase,0,3179,0,4.28,0
37.32,22,transfer,0,3123,1,19.49,0
65.7,9,online,1,458,2,7.15,0
123.87,13,purchase,0,1463,4,42.01,0
111.87,6,withdrawal,0,3107,1,13.8,0
39.28,13,transfer,0,523,4,1.65,0
158.1,13,withdrawal,0,2061,3,58.6,0
145.69,14,purchase,0,840,1,10.86,0
71.29,17,withdrawal,0,1432,2,29.87,0
84.02,8,transfer,0,497,0,15.54,0
189.81,17,withdrawal,0,2269,3,9.48,0
109.84,15,purchase,0,99,2,59.18,0
32.88,10,online,0,2359,3,3.45,0
138.8,11,online,0,1768,6,1.75,0
72.06,17,purchase,0,3577,0,0.46,0
134.0,13,online,0,689,1,4.59,0
83.4,19,purchase,0,1596,2,30.01,0
78.93,18,purchase,0,617,2,10.53,0
63.63,6,transfer,1,2380,4,43.78,0
30.08,14,online,0,1662,3,0.97,0
9.72,13,purchase,0,1052,2,67.7,0
888.33,5,online,1,327,4,316.21,1
18.12,21,transfer,0,1218,0,13.96,0
63.22,22,purchase,0,365,1,2.65,0
219.13,6,purchase,0,1668,0,13.97,0
53.86,21,online,0,3437,3,12.09,0
39.85,21,transfer,0,759,1,0.37,0
77.92,17,purchase,0,1451,1,13.47,0
44.42,10,transfer,0,2392,2,1.93,0
42.58,19,transfer,0,2074,3,5.44,0
71.18,20,online,0,3516,3,8.15,0
9.2,21,withdrawal,0,2153,0,6.9,0
37.33,13,transfer,0,176,2,4.74,0
134.69,13,purchase,0,1869,4,14.16,0
31.15,13,purchase,0,2885,2,28.6,0
45.01,13,purchase,0,427,0,19.24,0
91.45,17,transfer,0,1127,2,28.41,0
105.02,19,purchase,0,955,2,0.98,0
46.55,15,transfer,1,913,2,55.22,0
38.1,8,purchase,0,2332,1,6.48,0
597.66,4,purchase,1,39,4,72.88,1
203.36,9,purchase,0,3539,1,11.3,0
11.34,12,purchase,0,2395,1,0.22,0
149.46,13,purchase,0,3577,1,11.34,0
63.47,8,purchase,0,2699,3,1.91,0
99.5,19,purchase,0,1386,3,2.93,0
19.61,21,online,0,2551,1,24.19,0
214.35,23,online,1,218,8,56.35,1
22.3,12,online,0,423,3,18.78,0
32.05,9,online,0,1527,2,19.35,0
51.86,10,purchase,0,1714,2,48.29,0
48.59,15,transfer,0,2374,3,71.56,0
40.49,17,withdrawal,0,2895,1,0.51,0
73.91,7,withdrawal,0,1038,3,7.04,0
16.59,6,online,0,1063,2,4.69,0
164.69,7,purchase,1,3287,1,48.01,0
91.11,21,purchase,0,1167,4,22.06,0
187.23,16,transfer,0,2597,1,3.64,0
139.09,22,purchase,0,523,1,24.02,0
94.1,12,purchase,0,3314,1,1.71,0
53.6,8,online,0,621,2,7.94,0
99.27,21,purchase,0,1797,2,31.0,0
24.07,9,online,0,1299,2,41.8,0
17.87,7,purchase,0,2119,3,3.44,0
141.08,21,online,0,2237,3,49.32,0
67.19,22,transfer,0,1194,5,22.24,0
33.05,6,withdrawal,0,3145,0,2.89,0
36.94,19,transfer,0,2783,3,3.15,0
47.06,9,withdrawal,1,1635,1,34.5,0
62.88,7,withdrawal,0,706,3,1.35,0
80.84,9,online,0,2763,3,12.24,0
51.51,11,purchase,0,3586,2,16.83,0
91.11,15,transfer,0,173,1,1.55,0
71.19,18,purchase,0,2388,2,33.44,0
102.91,17,purchase,0,1794,1,41.23,0
52.63,9,withdrawal,0,1309,0,19.26,0
11.24,17,purchase,0,1466,5,9.77,0
47.39,13,withdrawal,0,1809,3,20.37,0
42.4,17,transfer,0,2248,4,22.52,0
79.16,15,purchase,0,1056,1,6.64,0
92.18,13,online,0,2174,2,3.95,0
23.71,11,purchase,1,2202,2,8.07,0
38.69,12,purchase,0,1329,1,0.13,0
28.83,13,withdrawal,0,2140,0,3.33,0
200.16,18,purchase,0,284,4,20.64,0
142.72,10,purchase,0,2323,2,1.16,0
40.94,14,purchase,0,1550,0,0.16,0
45.15,7,purchase,0,1608,0,13.69,0
231.13,20,withdrawal,0,390,1,11.84,0
37.97,7,purchase,1,3394,1,1.76,0
7.51,14,withdrawal,0,590,2,17.69,0
109.26,9,purchase,0,3155,3,12.16,0
36.04,16,withdrawal,0,917,3,31.41,0
78.23,10,transfer,0,2195,5,19.84,0
50.55,8,purchase,0,1567,3,0.24,0
83.9,21,online,0,387,0,3.79,0
59.05,10,purchase,0,173,2,4.72,0
213.61,20,transfer,0,3474,2,1.19,0
74.49,19,transfer,0,3004,2,7.6,0
192.31,10,purchase,0,3104,2,1.82,0
166.69,7,purchase,0,776,1,4.63,0
49.26,12,transfer,0,3026,4,5.49,0
135.6,13,purchase,0,2332,1,4.08,0
58.77,11,purchase,0,2901,4,4.03,0
200.57,22,online,1,3424,2,4.84,0
31.91,18,purchase,0,3312,1,5.43,0
112.28,18,purchase,0,1800,1,9.9,0
22.07,9,online,0,2014,1,3.5,0
117.58,7,withdrawal,0,800,4,26.84,0
57.54,9,transfer,0,550,1,21.71,0
75.0,15,online,0,155,4,3.22,0
166.92,10,withdrawal,0,2626,3,37.26,0
12.35,13,purchase,0,3520,3,4.66,0
32.33,18,purchase,0,3067,1,23.93,0
2020.48,10,online,1,302,6,252.12,1
86.52,9,purchase,0,2099,1,1.9,0
146.26,6,online,0,3156,4,11.82,0
92.57,20,purchase,0,1688,2,0.95,0
77.56,10,online,0,1662,1,17.99,0
36.39,16,withdrawal,0,1361,1,14.39,0
75.15,18,purchase,0,2123,2,7.91,0
116.79,13,withdrawal,0,2144,1,9.59,0
183.46,7,purchase,0,879,2,3.29,0
11.09,22,purchase,0,2122,0,0.07,0
282.91,18,purchase,0,263,2,18.32,0
124.74,6,withdrawal,1,749,2,1.92,0
35.93,10,withdrawal,0,1876,1,5.56,0
164.18,9,purchase,0,2960,0,34.89,0
126.78,11,withdrawal,0,510,5,7.76,0
71.81,16,purchase,1,2265,3,0.67,0
79.39,11,transfer,0,2307,1,4.48,0
217.37,14,withdrawal,0,3305,0,1.83,0
49.47,22,purchase,1,3028,0,13.57,0
26.64,10,transfer,0,3519,2,0.63,0
120.78,16,purchase,0,1110,1,13.68,0
25.29,21,online,0,529,1,16.1,0
178.47,21,purchase,0,3188,3,11.11,0
176.98,16,withdrawal,0,2970,1,23.69,0
66.9,22,purchase,0,1387,0,15.55,0
151.45,22,purchase,0,987,0,38.96,0
73.1,10,transfer,0,340,3,0.03,0
18.03,16,withdrawal,0,354,0,0.27,0
28.52,14,transfer,0,2364,3,13.39,0
32.27,15,transfer,0,2779,1,0.27,0
1453.02,15,purchase,1,87,2,77.71,1
97.33,19,purchase,0,1243,1,3.88,0
493.74,23,withdrawal,0,47,6,1076.26,1
23.47,17,withdrawal,0,2133,3,1.1,0
85.33,15,purchase,0,317,1,2.5,0
26.67,21,purchase,0,699,0,17.55,0
23.01,13,withdrawal,0,2231,6,18.08,0
146.55,9,withdrawal,0,259,3,3.5,0
24.48,14,purchase,0,688,1,3.57,0
145.25,11,purchase,0,447,1,0.31,0
114.86,13,purchase,0,3296,4,18.61,0
158.14,9,online,0,2124,1,2.59,0
63.54,21,online,0,1777,2,5.36,0
101.91,6,purchase,0,1029,2,21.67,0
48.99,7,online,1,2879,2,3.18,0
129.61,17,withdrawal,0,1376,1,0.48,0
69.62,14,transfer,0,3184,0,1.27,0
37.24,15,purchase,0,3552,0,5.65,0
44.75,13,withdrawal,1,3589,3,30.6,0
41.52,19,transfer,0,395,5,6.66,0
163.73,19,purchase,1,3580,2,20.73,0
29.02,7,online,0,3281,3,9.93,0
6.33,11,purchase,0,258,2,16.63,0
93.43,10,transfer,1,1819,0,1.51,0
27.5,14,withdrawal,0,3076,2,5.95,0
108.14,21,transfer,0,810,1,1.74,0
51.43,6,purchase,0,2590,2,40.5,0
32.29,10,transfer,0,3217,3,0.54,0
114.33,9,purchase,0,118,0,3.65,0
243.91,19,transfer,0,2858,3,9.16,0
96.4,11,withdrawal,0,2260,1,0.96,0
175.81,10,online,0,2929,3,3.31,0
139.3,18,purchase,0,96,3,76.1,0
206.27,18,purchase,0,3047,5,20.18,0
16.16,12,transfer,0,1669,4,5.67,0
65.07,17,withdrawal,0,3360,3,35.55,0
147.38,8,purchase,0,1800,2,0.57,0
33.1,19,purchase,0,2140,5,6.52,0
50.39,18,transfer,0,1285,4,10.03,0
21.13,16,purchase,0,651,4,1.44,0
83.17,17,transfer,0,728,0,51.82,0
41.86,16,purchase,0,1127,2,1.63,0
165.55,7,online,0,3347,5,4.85,0
112.65,6,online,0,873,0,6.19,0
108.74,8,withdrawal,0,1275,3,10.18,0
216.7,16,purchase,0,93,4,1.08,0
20.5,18,online,1,1797,2,0.95,0
58.29,21,online,0,1920,1,0.92,0
29.19,20,transfer,0,1868,3,0.11,0
18.85,12,purchase,0,3349,2,27.31,0
35.94,17,purchase,0,3391,0,13.85,0
93.32,15,purchase,0,277,4,1.12,0
70.82,12,online,0,1335,0,40.99,0
175.76,21,withdrawal,0,62,2,0.91,0
95.35,20,purchase,0,3645,4,11.25,0
8.66,18,purchase,1,3097,5,3.35,0
13.16,10,withdrawal,0,46,2,8.39,0
23.7,20,transfer,0,3273,1,1.62,0
165.01,15,purchase,0,1010,2,5.23,0
88.26,21,online,0,2718,4,40.03,0
50.71,20,online,0,544,1,0.96,0
7.61,10,purchase,0,3120,1,8.03,0
135.16,12,purchase,0,2198,1,7.12,0
46.35,9,online,0,69,3,9.81,0
44.51,6,transfer,0,3583,3,28.02,0
56.97,22,purchase,0,1616,0,1.06,0
69.98,15,transfer,0,1293,3,87.62,0
207.42,13,purchase,0,684,3,16.73,0
107.48,20,purchase,0,499,1,27.6,0
44.18,14,withdrawal,0,83,1,4.55,0
103.95,8,online,0,3095,1,13.96,0
110.62,12,purchase,0,990,5,0.91,0
11.57,8,online,0,1276,5,1.45,0
139.51,10,purchase,0,2369,2,7.51,0
78.76,12,transfer,0,1402,3,12.87,0
61.24,8,withdrawal,0,530,3,8.05,0
37.97,8,online,0,303,2,19.08,0
67.67,10,transfer,0,1731,2,7.93,0
135.26,9,online,0,3491,3,7.1,0
119.9,14,purchase,0,3391,4,7.87,0
27.33,10,purchase,0,3465,1,13.01,0
23.6,13,online,0,2181,0,4.41,0
131.85,11,purchase,0,3141,0,4.21,0
26.29,14,transfer,0,2443,1,41.73,0
32.61,10,transfer,0,3488,1,8.77,0
68.7,10,purchase,0,3103,2,42.29,0
648.07,6,purchase,1,5,7,20.08,1
13.61,17,online,0,1438,1,2.14,0
45.98,15,transfer,0,3509,0,0.13,0
47.67,6,purchase,0,1269,3,11.38,0
29.31,15,transfer,1,1550,1,1.65,0
182.71,13,purchase,0,494,1,42.76,0
45.76,10,online,0,1171,3,2.06,0
55.27,22,withdrawal,0,2338,0,11.98,0
61.68,7,purchase,0,2072,2,0.44,0
56.44,13,transfer,0,774,2,0.12,0
149.74,7,online,0,1817,2,14.08,0
45.13,17,purchase,0,2466,3,0.55,0
22.23,8,purchase,0,54,4,20.07,0
75.04,20,purchase,0,716,2,10.25,0
101.45,11,purchase,0,590,0,3.88,0
228.82,17,purchase,0,2079,1,2.11,0
153.09,8,purchase,0,1790,1,8.69,0
84.52,11,withdrawal,0,2862,4,18.6,0
7.27,18,purchase,0,3342,2,15.06,0
60.82,18,transfer,0,1801,3,6.87,0
95.4,7,withdrawal,0,3630,2,8.83,0
4.2,13,withdrawal,1,179,3,13.28,0
51.97,13,online,0,2216,1,38.18,0
83.95,13,purchase,0,580,1,2.05,0
87.69,7,purchase,0,305,4,4.76,0
79.87,11,withdrawal,0,1681,3,2.09,0
48.78,13,purchase,0,1978,5,18.36,0
83.3,13,purchase,0,3394,2,7.48,0
49.67,10,withdrawal,0,2232,2,19.2,0
10.1,11,withdrawal,0,2986,3,2.28,0
28.48,21,withdrawal,0,1317,3,58.28,0
167.76,16,purchase,0,208,3,14.34,0
82.9,12,purchase,0,2737,3,4.43,0
99.69,17,transfer,0,2664,3,1.23,0
91.52,12,transfer,0,332,2,7.05,0
22.11,18,purchase,0,3545,3,18.1,0
148.91,22,purchase,0,1508,2,2.47,0
184.7,10,withdrawal,0,2793,1,2.0,0
14.11,20,purchase,0,2770,1,11.95,0
172.25,15,purchase,0,998,0,22.55,0
33.0,14,transfer,0,377,2,4.58,0
44.42,20,withdrawal,0,2020,0,1.16,0
74.19,10,transfer,0,3601,3,11.39,0
83.11,7,purchase,0,2473,3,45.53,0
248.63,22,transfer,0,234,1,37.77,0
98.33,8,withdrawal,0,2572,0,25.07,0
147.87,19,online,0,1365,0,3.28,0
125.31,14,withdrawal,0,435,3,1.32,0
61.3,19,purchase,0,1651,3,14.23,0
76.18,10,online,0,2407,1,50.45,0
23.49,19,withdrawal,0,2348,2,20.23,0
163.43,6,purchase,0,1682,4,6.33,0
16.32,20,purchase,0,100,2,0.5,0
25.51,10,purchase,0,3194,0,3.65,0
20.38,10,purchase,0,2407,1,6.38,0
163.4,6,purchase,0,2039,1,6.11,0
65.87,18,withdrawal,0,3572,3,13.4,0
69.04,11,purchase,1,1787,1,12.77,0
85.62,21,withdrawal,0,3646,1,5.68,0
117.27,16,purchase,0,163,1,18.33,0
24.93,20,purchase,0,3595,1,5.83,0
8.94,18,purchase,0,1587,3,14.48,0
102.49,7,purchase,0,3307,2,14.31,0
77.64,10,purchase,0,1171,2,0.03,0
77.92,7,purchase,0,3001,1,8.05,0
62.52,17,online,0,2168,3,36.34,0
60.67,22,transfer,0,212,1,1.28,0
212.36,22,purchase,0,513,1,7.8,0
53.88,10,transfer,0,3284,1,91.86,0
50.44,17,withdrawal,0,447,0,17.86,0
91.67,10,transfer,0,1127,3,13.76,0
20.04,18,online,0,868,0,23.89,0
140.77,13,purchase,0,1691,4,1.62,0
136.42,15,purchase,0,2343,0,7.63,0
183.21,10,purchase,0,3439,2,8.06,0
12.98,17,purchase,0,413,3,39.64,0
73.24,17,transfer,0,382,2,7.26,0
134.71,17,withdrawal,0,2173,1,3.04,0
45.73,6,purchase,0,3421,1,15.97,0
33.45,8,online,0,1212,1,3.14,0
39.18,15,transfer,0,516,3,1.05,0
138.99,7,purchase,0,1579,1,4.29,0
15.6,21,purchase,0,3200,0,15.65,0
101.82,12,withdrawal,0,1466,2,62.81,0
100.06,15,withdrawal,0,1084,2,9.75,0
89.47,15,transfer,0,2962,1,38.94,0
89.03,13,purchase,0,3157,3,0.99,0
84.52,18,purchase,0,2897,1,2.96,0
72.22,15,online,0,3258,3,0.28,0
30.69,16,purchase,0,3283,3,55.43,0
246.98,22,online,0,321,0,3.79,0
26.64,8,purchase,0,3283,2,38.26,0
55.65,13,online,0,3238,2,9.57,0
41.43,19,purchase,0,383,1,15.04,0
56.68,18,withdrawal,0,1443,1,55.31,0
60.23,17,withdrawal,0,2392,1,27.09,0
106.92,10,online,0,1886,2,5.86,0
243.2,8,online,0,2720,0,48.26,0
231.6,19,online,0,310,1,18.8,0
94.62,13,online,0,2090,3,2.71,0
19.34,6,purchase,0,2987,0,18.43,0
121.14,12,online,0,1015,3,16.73,0
85.53,8,transfer,0,2056,1,6.73,0
191.15,6,purchase,0,225,0,1.58,0
31.26,14,purchase,0,3290,2,21.84,0
13.22,15,purchase,1,708,3,4.69,0
37.02,18,withdrawal,0,47,3,30.82,0
35.96,13,purchase,0,2472,1,4.42,0
15.28,13,online,0,813,1,6.16,0
8.46,14,purchase,0,688,5,36.58,0
20.18,20,online,0,840,1,1.26,0
23.52,19,online,0,2790,4,4.47,0
51.3,19,withdrawal,0,2129,3,0.93,0
155.46,19,purchase,0,1358,1,8.93,0
28.89,9,purchase,0,2880,1,7.07,0
26.7,19,online,0,2170,3,14.51,0
58.25,21,purchase,1,462,0,5.51,0
79.01,12,online,0,1724,6,15.72,0
199.81,15,online,0,1163,2,11.69,0
564.86,1,transfer,1,104,6,432.19,1
159.94,7,online,0,1203,2,21.27,0
71.91,19,purchase,0,714,4,32.8,0
166.58,21,purchase,0,2932,1,15.12,0
65.57,21,withdrawal,0,1230,3,3.52,0
281.5,18,purchase,0,2634,2,41.46,0
33.95,20,withdrawal,0,183,6,1.0,0
96.83,19,purchase,0,1013,6,44.66,0
142.57,17,purchase,0,2067,2,8.59,0
29.75,7,purchase,1,726,1,28.81,0
77.38,12,transfer,0,1334,2,14.05,0
88.75,13,purchase,0,33,3,9.06,0
42.66,22,purchase,0,413,2,6.03,0
58.35,15,online,0,2797,2,4.78,0
150.74,19,withdrawal,0,3254,3,21.59,0
51.03,18,purchase,0,2021,0,4.4,0
10.05,13,transfer,0,3047,4,4.47,0
58.24,8,transfer,0,1224,0,34.18,0
82.92,20,transfer,1,2719,2,17.88,0
74.66,22,withdrawal,0,1427,3,23.54,0
57.15,17,purchase,0,160,0,11.62,0
61.09,12,purchase,0,3630,2,4.55,0
123.99,17,online,0,2443,6,8.6,0
140.48,8,online,0,3221,1,1.6,0
108.67,10,purchase,0,1339,6,24.53,0
10.38,16,online,0,1880,2,36.46,0
147.49,8,transfer,0,1312,1,4.45,0
42.79,12,online,0,1729,2,5.3,0
94.19,13,purchase,1,597,2,20.08,0
192.27,9,withdrawal,0,1066,2,5.42,0
77.41,8,purchase,0,3213,2,0.54,0
60.61,7,withdrawal,0,434,2,4.83,0
89.43,14,withdrawal,0,1172,5,55.78,0
92.11,9,purchase,0,2079,0,11.43,0
205.49,13,online,0,2369,5,0.71,0
41.16,10,withdrawal,0,1291,5,3.15,0
27.15,13,online,0,2039,2,11.35,0
76.19,14,online,0,1666,2,5.27,0
129.0,7,online,0,327,1,23.28,0
64.19,15,withdrawal,0,555,0,40.13,0
186.2,20,transfer,0,1293,3,1.01,0
61.43,16,purchase,0,2531,1,6.32,0
47.9,15,withdrawal,0,1632,1,13.28,0
41.1,19,purchase,1,3171,2,9.7,0
19.49,19,purchase,0,1642,3,20.65,0
106.3,20,purchase,0,1782,1,2.7,0
68.57,21,purchase,0,3438,4,21.91,0
4.15,17,purchase,0,1762,3,7.26,0
55.43,7,online,0,611,5,8.27,0
310.86,7,purchase,0,3062,1,33.58,0
146.32,11,withdrawal,0,2411,1,6.25,0
52.89,14,purchase,0,2719,1,23.92,0
47.79,6,online,0,1330,3,4.71,0
65.04,18,purchase,0,2515,3,26.29,0
34.55,16,purchase,0,3167,2,8.75,0
28.7,11,purchase,0,3420,1,13.16,0
133.98,17,purchase,0,193,3,18.53,0
89.67,18,transfer,0,557,1,1.32,0
0.65,7,purchase,0,67,4,1.33,0
57.87,16,purchase,0,2299,2,0.23,0
5.65,10,withdrawal,0,2242,5,15.55,0
48.7,8,transfer,0,2549,4,25.73,0
164.77,10,purchase,0,2474,3,35.58,0
21.48,15,purchase,0,1008,1,53.07,0
99.17,16,purchase,0,2333,1,34.57,0
109.69,20,purchase,0,3374,2,4.3,0
58.65,21,purchase,0,3438,1,9.77,0
68.84,15,purchase,0,2539,2,13.55,0
156.94,14,withdrawal,0,3572,2,4.63,0
46.1,13,withdrawal,0,1537,2,14.8,0
43.76,11,purchase,0,3193,2,49.86,0
69.96,7,online,0,3516,1,14.47,0
119.39,18,withdrawal,0,478,1,9.93,0
117.46,8,withdrawal,0,2607,2,38.57,0
124.06,13,purchase,0,1209,2,48.7,0
75.65,7,purchase,0,1286,4,27.74,0
76.94,20,online,1,2377,0,18.99,0
800.65,5,purchase,1,353,9,388.33,1
66.33,15,withdrawal,0,3265,2,6.37,0
939.76,10,withdrawal,1,86,8,368.24,1
147.9,21,withdrawal,0,112,5,35.82,0
42.46,14,online,0,1345,3,21.33,0
95.12,19,transfer,0,2004,1,3.24,0
135.63,9,purchase,0,1068,2,14.4,0
15.91,22,transfer,0,169,3,13.32,0
93.31,19,online,1,3459,2,31.1,0
109.04,11,purchase,0,1663,2,15.66,0
245.72,17,online,1,344,1,24.96,1
183.49,9,online,0,1134,7,1.23,0
136.83,8,purchase,0,324,0,21.88,0
30.9,19,transfer,0,151,2,24.42,0
55.64,15,purchase,0,673,3,6.42,0
18.69,7,purchase,0,776,1,10.07,0
66.11,17,transfer,0,779,4,15.96,0
158.58,15,withdrawal,0,3534,2,24.22,0
28.26,13,purchase,0,3264,2,2.34,0
107.47,19,purchase,0,2293,6,11.16,0
82.36,9,transfer,0,194,4,7.36,0
170.98,13,purchase,0,1903,0,39.47,0
139.67,14,purchase,0,2670,2,11.57,0
140.44,8,transfer,0,1947,4,17.49,0
34.44,6,purchase,0,2039,1,10.18,0
153.7,6,purchase,0,983,0,54.6,0
45.28,19,purchase,0,3541,2,4.08,0
70.82,10,purchase,0,3209,0,0.27,0
47.32,18,purchase,0,3468,5,20.73,0
725.02,4,online,1,70,4,245.19,1
14.91,15,purchase,0,804,4,4.81,0
53.89,7,transfer,0,913,0,2.03,0
30.75,16,online,0,1477,1,1.85,0
76.21,21,withdrawal,0,103,0,8.33,0
28.2,6,transfer,0,121,2,6.78,0
259.8,16,transfer,0,2472,3,33.6,0
218.17,20,online,0,601,1,6.6,0
43.87,21,purchase,0,2911,0,2.49,0
31.37,20,purchase,0,1632,1,19.53,0
123.49,6,withdrawal,0,1281,0,38.81,0
13.92,6,purchase,0,813,0,8.85,0
40.12,9,withdrawal,1,1999,1,17.63,0
14.44,10,online,0,536,1,24.92,0
198.26,6,purchase,0,2956,2,76.07,0
71.17,19,purchase,0,357,1,15.91,0
82.82,7,purchase,0,699,2,15.45,0
31.12,19,purchase,0,3329,5,3.12,0
133.12,12,withdrawal,0,2610,1,1.31,0
81.73,12,withdrawal,0,2495,1,64.05,0
74.83,12,transfer,0,2468,3,2.52,0
30.27,8,withdrawal,0,3258,1,5.55,0
58.43,6,purchase,0,1748,1,1.05,0
34.51,6,purchase,0,2199,1,15.79,0
50.03,9,purchase,0,3465,2,10.89,0
134.27,11,purchase,0,2828,2,1.22,0
66.24,8,purchase,0,2880,2,53.06,0
42.93,11,withdrawal,0,56,1,10.55,0
903.5,10,transfer,1,75,2,140.64,1
53.76,20,withdrawal,0,987,1,13.1,0
98.41,17,withdrawal,0,1838,4,19.48,0
706.49,3,online,1,76,5,1548.93,1
45.77,20,purchase,0,3607,0,10.65,0
73.97,18,purchase,0,672,0,15.98,0
140.8,19,withdrawal,0,1983,1,5.71,0
17.09,18,purchase,0,1358,5,11.31,0
37.87,13,purchase,0,2951,1,1.17,0
139.01,15,online,1,3444,1,14.62,0
134.71,16,transfer,0,2799,0,15.76,0
163.42,17,purchase,0,940,4,3.36,0
35.49,10,withdrawal,0,2903,1,51.57,0
76.55,20,purchase,0,114,5,24.75,0
25.15,14,purchase,0,1029,0,5.99,0
48.57,18,purchase,0,1877,1,28.65,0
64.62,6,purchase,0,816,3,16.02,0
60.51,17,purchase,0,379,3,28.18,0
161.72,16,online,0,2086,0,29.35,0
97.64,22,transfer,0,819,2,3.12,0
8.98,7,online,0,3599,2,12.01,0
39.18,16,online,0,2551,1,5.73,0
124.42,17,online,1,70,3,3.58,0
60.54,16,purchase,0,3331,4,7.62,0
18.11,21,purchase,0,584,2,8.02,0
67.03,8,withdrawal,0,151,3,9.66,0
227.97,17,purchase,0,478,4,2.52,0
33.27,19,online,0,648,3,5.33,0
236.9,14,purchase,0,3025,3,44.59,0
102.16,12,purchase,0,2172,3,34.35,0
11.71,20,transfer,0,1874,2,15.63,0
130.04,18,purchase,0,807,5,23.91,0
137.2,11,withdrawal,0,2581,3,6.46,0
68.5,8,purchase,0,1908,0,28.51,0
94.86,10,purchase,0,2863,1,21.46,0
133.73,13,purchase,0,3096,2,0.25,0
93.55,10,withdrawal,0,1188,0,6.99,0
110.54,13,purchase,0,633,3,11.54,0
39.99,16,transfer,0,185,4,23.7,0
33.22,15,online,0,2446,2,7.73,0
62.93,9,withdrawal,0,430,2,7.46,0
112.96,16,online,0,3354,1,1.85,0
63.26,9,purchase,0,1817,3,50.01,0
96.31,12,online,1,3122,2,1.46,0
49.61,12,withdrawal,0,2246,2,11.09,0
99.2,20,withdrawal,0,230,0,13.12,0
54.77,21,purchase,0,489,1,15.33,0
46.07,14,purchase,0,3136,3,24.68,0
23.77,13,online,0,3274,1,132.17,0
98.01,14,transfer,0,1129,2,15.94,0
97.84,16,purchase,0,2687,2,20.96,0
73.46,21,online,0,3438,4,4.05,0
57.3,8,withdrawal,0,3524,1,57.05,0
51.08,19,transfer,0,3326,3,0.15,0
136.61,12,online,0,3503,2,17.64,0
113.5,18,online,0,2312,2,27.85,0
42.14,16,online,0,1931,1,12.44,0
88.4,17,purchase,0,1647,3,0.91,0
176.33,19,purchase,0,2821,0,14.03,0
50.15,17,transfer,1,1969,1,7.13,0
50.9,15,transfer,0,3281,1,4.9,0
190.11,9,purchase,0,2513,1,11.46,0
100.03,11,purchase,0,3609,1,11.98,0
106.39,21,purchase,0,3408,1,0.92,0
76.15,15,purchase,0,1787,3,26.13,0
11.92,12,purchase,0,430,4,23.77,0
64.33,6,purchase,0,3222,1,15.55,0
109.77,13,withdrawal,0,3580,1,6.22,0
102.88,16,purchase,1,512,2,10.02,0
155.39,12,withdrawal,0,2147,3,10.3,0
17.73,7,withdrawal,0,2321,1,4.28,0
24.52,7,purchase,0,3258,4,11.21,0
122.12,17,online,0,63,3,5.69,0
422.91,4,purchase,1,102,6,71.68,1
90.04,17,purchase,0,3226,2,1.47,0
179.24,16,purchase,0,3609,3,24.64,0
68.23,14,online,0,2770,2,4.92,0
78.87,15,online,0,1670,0,1.55,0
78.2,8,transfer,0,1042,1,5.78,0
230.73,11,withdrawal,0,2495,1,27.0,0
48.56,18,online,0,70,1,15.38,0
92.18,15,withdrawal,0,1571,5,21.88,0
98.87,22,purchase,0,411,3,35.71,0
109.45,6,transfer,0,894,3,0.02,0
25.92,12,transfer,0,216,3,2.74,0
113.26,8,online,0,3107,2,86.85,0
49.16,20,online,0,3304,0,16.85,0
10.8,13,withdrawal,0,274,2,3.05,0
51.1,9,purchase,0,2404,1,4.58,0
48.58,10,purchase,0,2006,1,26.9,0
165.81,18,online,0,749,2,23.74,0
106.3,21,purchase,0,819,2,2.01,0
141.67,10,online,0,2370,2,14.32,0
177.28,8,purchase,0,857,1,64.93,0
801.88,5,online,1,6,7,121.86,1
54.52,19,purchase,0,3152,0,11.99,0
113.04,13,purchase,0,2535,0,1.21,0
88.35,11,purchase,0,3385,3,9.16,0
1617.52,10,transfer,0,342,6,145.92,1
99.29,21,purchase,0,1956,1,13.65,0
64.08,6,transfer,0,3036,3,3.21,0
3.99,9,purchase,0,797,2,11.7,0
82.7,6,purchase,0,1851,2,21.45,0
107.69,15,purchase,0,442,2,8.71,0
100.2,12,purchase,0,1157,0,2.45,0
53.17,13,online,0,2117,3,14.81,0
194.26,8,online,0,2705,0,15.57,0
106.01,18,online,0,3569,3,20.77,0
13.77,9,online,0,3377,3,9.57,0
161.14,20,purchase,0,3224,2,1.28,0
22.59,20,purchase,0,1865,2,0.99,0
191.39,22,online,0,648,1,4.16,0
28.38,13,transfer,0,3402,1,11.98,0
33.2,15,online,0,196,1,91.65,0
112.13,13,withdrawal,0,285,1,13.27,0
109.82,18,purchase,0,1888,2,11.17,0
40.79,15,purchase,0,961,1,3.63,0
53.25,6,online,0,2166,0,16.58,0
65.47,14,transfer,0,3646,4,8.05,0
48.87,8,withdrawal,0,1246,2,26.99,0
28.43,12,purchase,0,3088,4,10.36,0
36.4,11,transfer,0,3226,4,23.89,0
37.27,22,transfer,0,1956,2,39.83,0
115.82,21,purchase,0,3629,3,4.21,0
116.56,10,purchase,0,1066,1,0.75,0
20.12,17,online,0,119,2,5.44,0
42.3,21,transfer,0,2452,2,6.91,0
172.01,21,purchase,0,2100,1,11.7,0
50.99,21,withdrawal,0,1750,1,15.56,0
90.08,16,withdrawal,0,1686,3,21.61,0
218.11,9,purchase,0,1116,2,10.31,0
88.48,7,purchase,0,3162,0,39.06,0
62.98,19,purchase,0,2965,0,1.54,0
34.56,9,transfer,0,900,1,9.39,0
49.82,7,purchase,0,3079,1,17.08,0
74.62,13,purchase,0,2695,2,7.76,0
52.06,15,transfer,0,3569,0,0.8,0
64.37,20,transfer,0,1117,3,5.76,0
153.49,18,transfer,0,1627,3,12.26,0
43.74,8,purchase,0,2872,0,16.9,0
50.17,16,transfer,0,1459,3,1.1,0
44.21,20,transfer,0,3479,0,24.66,0
57.64,14,withdrawal,0,1665,4,25.87,0
94.67,16,transfer,0,1691,5,21.68,0
85.84,8,transfer,0,1401,1,32.96,0
82.71,11,transfer,0,1353,2,41.33,0
65.06,8,purchase,0,2672,1,2.17,0
34.21,8,purchase,0,829,2,3.27,0
20.05,20,withdrawal,0,3632,1,7.65,0
19.01,22,withdrawal,0,1296,1,39.14,0
51.22,18,purchase,1,2118,2,14.34,0
402.8,2,online,1,357,6,87.7,1
44.46,11,online,0,3611,4,22.19,0
121.25,11,purchase,0,580,3,0.56,0
214.64,8,purchase,1,2429,3,34.61,0
49.38,20,purchase,0,3586,2,18.07,0
95.02,21,transfer,0,3354,4,18.74,0
63.1,18,purchase,0,2299,1,1.49,0
106.39,16,transfer,0,3110,2,1.24,0
26.12,6,transfer,0,31,0,41.65,0
131.81,21,purchase,0,2273,0,15.24,0
137.0,18,purchase,0,870,4,15.41,0
140.02,17,online,0,32,1,13.91,0
34.85,17,withdrawal,0,2238,2,4.61,0
83.48,21,purchase,0,1540,2,17.99,0
215.69,14,purchase,0,704,3,5.26,0
102.69,11,transfer,0,556,2,19.01,0
90.99,19,purchase,0,1284,1,7.7,0
36.24,9,withdrawal,0,1337,4,0.71,0
132.94,16,purchase,0,2836,1,16.25,0
41.16,10,withdrawal,0,2326,2,38.78,0
25.55,9,transfer,1,1277,3,7.06,0
95.96,20,purchase,0,3140,1,10.2,0
187.24,10,withdrawal,0,761,0,18.58,0
173.87,17,purchase,0,1262,3,15.94,0
4.64,16,online,0,2558,5,32.11,0
551.67,2,transfer,0,19,9,278.66,1
113.7,6,purchase,0,2003,0,9.45,0
34.59,17,purchase,0,1521,2,21.56,0
36.75,16,withdrawal,0,1160,2,3.62,0
53.47,17,purchase,0,2788,1,43.18,0
101.4,6,online,0,639,2,11.18,0
199.28,13,online,0,1181,4,17.87,0
72.53,21,purchase,0,701,0,0.56,0
33.03,18,transfer,0,3188,1,3.55,0
48.59,18,withdrawal,0,1109,4,0.55,0
76.3,13,purchase,0,2268,3,9.5,0
149.52,14,purchase,0,2425,4,1.29,0
150.35,19,withdrawal,0,2131,0,17.9,0
87.01,15,purchase,0,1397,1,24.12,0
26.48,18,purchase,0,2527,0,18.64,0
56.88,21,transfer,0,657,1,25.06,0
46.68,17,purchase,0,2991,0,5.76,0
84.25,8,purchase,0,1652,1,5.43,0
72.34,13,purchase,0,62,4,0.06,0
38.83,14,withdrawal,0,3142,2,1.66,0
266.56,22,online,1,2813,0,8.88,0
68.44,18,purchase,0,1952,0,42.92,0
183.24,21,purchase,0,1562,4,18.5,0
107.72,12,online,0,3274,1,8.64,0
69.4,16,transfer,0,1109,1,6.38,0
128.61,10,purchase,0,2265,3,15.98,0
74.63,13,purchase,1,3315,2,37.18,0
59.63,16,purchase,0,2221,2,7.46,0
213.79,22,transfer,0,2658,1,21.24,0
461.55,2,online,1,109,4,94.15,1
150.17,18,purchase,0,98,6,15.72,0
33.2,7,purchase,0,1634,3,11.21,0
51.66,7,online,0,3619,2,4.5,0
66.22,8,online,0,478,1,12.39,0
22.79,6,transfer,1,1949,1,10.52,0
117.3,9,withdrawal,0,330,1,18.67,0
103.06,8,withdrawal,0,3012,3,6.73,0
92.39,19,online,0,2143,4,23.37,0
140.38,16,online,0,3620,3,15.04,0
181.5,21,online,0,250,1,13.12,0
119.1,20,purchase,0,860,4,39.51,0
20.2,15,purchase,0,788,4,25.9,0
120.28,16,transfer,0,2166,5,12.48,0
108.89,14,online,0,3649,1,10.6,0
97.79,15,purchase,0,1615,3,0.11,0
44.45,20,purchase,0,1609,1,45.44,0
12.77,18,purchase,0,224,2,23.07,0
148.99,6,purchase,0,488,3,5.67,0
162.11,7,online,0,3419,1,19.85,0
87.74,15,purchase,0,1369,2,15.49,0
138.45,21,online,0,633,2,12.75,0
255.16,10,purchase,0,2602,4,5.48,0
72.97,15,online,0,2216,2,28.71,0
67.58,15,withdrawal,0,397,4,0.02,0
86.59,21,purchase,0,3293,1,8.42,0
112.65,6,online,0,2273,1,14.71,0
130.97,12,purchase,0,705,3,12.7,0
71.7,8,purchase,0,180,2,24.41,0
141.06,15,purchase,0,1296,2,33.77,0
217.26,10,withdrawal,0,2229,3,2.93,0
88.7,6,transfer,0,3080,4,12.7,0
58.31,18,withdrawal,0,3121,3,6.1,0
144.07,9,online,0,1536,2,26.63,0
48.92,9,purchase,0,1899,2,4.92,0
14.45,15,purchase,0,3253,3,29.71,0
832.11,9,withdrawal,0,105,6,169.54,1
312.0,8,withdrawal,0,3306,3,14.97,0
29.23,7,purchase,1,826,1,13.46,0
91.47,22,purchase,0,3245,0,11.88,0
11.92,9,withdrawal,0,1451,1,21.72,0
63.16,20,withdrawal,0,2697,1,0.66,0
25.84,17,purchase,0,1206,6,6.8,0
101.2,13,purchase,0,2813,2,13.05,0
48.24,10,purchase,0,2339,2,9.54,0
90.05,17,transfer,0,48,2,3.42,0
18.61,18,withdrawal,0,889,3,3.66,0
45.81,20,withdrawal,0,3416,0,6.62,0
12.44,9,purchase,0,1026,1,8.86,0
227.98,6,withdrawal,0,2658,2,20.93,0
94.6,8,purchase,0,3405,0,0.09,0
103.48,13,purchase,0,2236,1,10.58,0
74.06,9,purchase,0,3416,3,18.57,0
16.36,20,purchase,0,3020,2,12.89,0
15.19,6,purchase,0,845,0,27.16,0
48.36,7,withdrawal,0,2936,4,1.41,0
49.27,18,purchase,0,2136,1,2.12,0
227.5,8,purchase,0,1914,5,0.48,0
133.82,14,online,0,909,1,2.93,0
17.85,17,online,0,2179,3,3.98,0
39.27,9,purchase,0,2998,2,4.66,0
76.54,12,purchase,0,3485,2,8.39,0
53.09,20,transfer,0,539,5,19.0,0
16.78,15,purchase,0,3402,1,11.11,0
117.79,20,online,0,3487,4,5.38,0
44.99,19,purchase,0,1570,5,16.48,0
27.57,11,transfer,0,2714,2,6.85,0
21.87,11,online,0,1653,3,21.98,0
71.09,12,purchase,0,2188,1,0.38,0
87.01,12,withdrawal,0,3076,3,4.5,0
19.74,7,purchase,0,3645,2,34.17,0
3033.09,11,online,1,220,4,539.11,1
115.21,11,withdrawal,0,915,0,22.6,0
72.33,17,withdrawal,0,436,1,1.43,0
103.09,17,purchase,0,2930,1,29.32,0
48.44,11,withdrawal,0,2375,1,8.63,0
44.73,19,purchase,0,1806,2,6.34,0
34.32,12,purchase,0,2096,4,42.05,0
33.35,15,purchase,0,594,3,7.94,0
203.91,18,purchase,0,2943,0,27.85,0
32.58,15,online,0,3224,1,37.98,0
111.92,14,withdrawal,0,2394,2,12.49,0
79.54,12,purchase,0,1770,0,19.39,0
37.28,12,purchase,0,3135,2,6.54,0
66.81,22,purchase,0,2005,1,13.96,0
185.6,12,purchase,0,1148,3,27.27,0
170.17,21,purchase,0,3317,3,59.12,0
77.92,19,transfer,0,3200,4,0.36,0
118.75,9,withdrawal,0,88,3,50.18,0
39.77,6,purchase,0,3600,1,64.58,0
9.62,19,transfer,0,168,0,0.08,0
97.04,21,purchase,0,548,0,6.15,0
32.87,18,transfer,0,1895,1,24.65,0
375.59,8,withdrawal,0,233,12,422.75,1
30.24,11,purchase,0,3605,2,42.94,0
61.83,22,purchase,0,2324,2,3.81,0
37.47,8,purchase,0,1123,1,3.28,0
83.99,15,purchase,0,3068,3,0.95,0
127.36,13,purchase,0,1327,3,23.91,0
117.47,14,purchase,0,1818,0,6.0,0
28.24,12,purchase,0,440,0,4.36,0
55.77,14,transfer,0,1998,2,18.94,0
327.45,13,online,0,1070,5,9.56,0
43.26,7,transfer,0,1820,3,34.95,0
66.04,8,purchase,0,3378,3,0.62,0
63.69,11,transfer,0,2576,0,8.59,0
9.91,14,online,1,2631,1,1.65,0
28.29,9,purchase,0,3008,2,13.31,0
61.06,7,withdrawal,0,2127,2,0.05,0
64.92,14,online,0,1824,1,55.6,0
1786.16,3,transfer,1,345,7,511.15,1
48.66,19,withdrawal,0,2538,2,32.32,0
85.51,6,purchase,0,2127,0,3.35,0
266.13,22,purchase,0,2096,4,35.86,0
84.59,17,purchase,0,1174,3,29.33,0
18.0,22,transfer,0,3323,2,34.16,0
94.64,20,withdrawal,0,1789,3,16.96,0
26.12,20,purchase,0,2817,1,4.71,0
155.18,16,withdrawal,0,3138,1,19.96,0
36.63,15,transfer,1,855,2,21.28,0
129.78,17,purchase,1,1873,3,11.36,0
79.2,10,withdrawal,0,162,4,9.88,0
98.09,17,purchase,0,1616,1,5.18,0
74.78,8,purchase,0,990,3,2.43,0
81.18,12,purchase,0,1302,1,2.75,0
26.77,20,purchase,0,2292,2,36.88,0
117.21,18,purchase,0,3037,1,21.72,0
80.82,16,purchase,0,2018,4,8.2,0
197.66,10,purchase,0,2493,2,13.17,0
38.95,20,purchase,0,3500,2,10.19,0
95.92,19,online,0,872,5,1.81,0
61.52,11,withdrawal,0,395,2,23.56,0
55.56,12,online,0,1711,4,4.38,0
15.72,16,transfer,0,39,4,18.78,0
34.45,21,transfer,0,3087,3,20.69,0
134.44,8,online,0,1034,3,18.74,0
94.45,6,purchase,0,1474,1,4.63,0
13.42,18,withdrawal,0,681,1,2.12,0
34.59,13,purchase,0,245,0,24.74,0
126.51,8,purchase,0,3623,3,18.64,0
75.59,15,purchase,0,2095,0,6.85,0
62.86,7,transfer,0,1488,2,4.97,0
10.9,18,online,0,2179,3,6.14,0
117.28,19,withdrawal,0,613,1,6.83,0
132.59,17,transfer,0,2144,2,22.66,0
50.68,17,transfer,0,3215,2,19.53,0
161.7,11,transfer,0,836,0,0.67,0
94.7,17,transfer,0,3514,3,20.31,0
72.33,16,purchase,0,3275,3,15.29,0
11.94,16,purchase,0,946,1,40.77,0
751.33,2,transfer,1,120,4,82.22,1
86.56,21,purchase,0,3296,2,1.42,0
50.39,11,withdrawal,0,220,1,6.26,0
34.96,9,purchase,0,2887,1,18.83,0
74.89,6,purchase,0,2097,1,6.22,0
265.71,8,online,0,2276,0,10.46,0
177.18,15,purchase,0,3142,1,1.15,0
228.32,19,purchase,0,38,2,53.02,1
6.29,8,transfer,1,1926,1,6.9,0
26.74,10,purchase,0,422,2,31.51,0
55.4,9,purchase,0,1711,2,50.08,0
52.55,7,purchase,0,799,2,6.98,0
61.34,7,transfer,0,2998,3,4.75,0
114.85,11,purchase,0,1741,2,20.33,0
82.95,13,withdrawal,0,1845,6,3.42,0
39.28,15,online,0,2067,2,1.11,0
690.03,11,online,0,288,1,79.04,1
45.3,16,purchase,0,1867,1,14.79,0
20.06,17,online,0,3301,1,31.26,0
108.6,12,purchase,0,35,1,5.82,0
349.86,8,transfer,0,483,1,6.6,0
102.1,14,purchase,0,637,4,8.46,0
232.99,12,purchase,0,2023,0,7.35,0
242.78,8,withdrawal,0,38,1,3.67,0
56.56,14,purchase,0,1526,1,10.03,0
45.18,14,withdrawal,0,1655,3,8.75,0
49.05,8,purchase,0,652,3,0.79,0
20.78,19,purchase,0,2681,3,7.99,0
63.42,7,withdrawal,0,1596,0,6.06,0
29.07,7,online,0,1486,2,4.18,0
26.39,11,purchase,0,2973,2,7.91,0
27.6,6,purchase,0,1330,4,50.41,0
96.61,17,purchase,0,1410,3,4.66,0
58.24,13,withdrawal,0,1236,1,28.73,0
19.72,10,withdrawal,0,1358,2,11.15,0
73.06,17,withdrawal,0,483,1,11.16,0
24.89,22,online,0,3398,3,6.55,0
135.01,13,transfer,0,1408,3,15.42,0
162.13,15,purchase,0,3610,4,22.52,0
43.67,8,online,0,1694,2,4.29,0
57.33,16,online,0,2263,3,3.1,0
148.65,9,online,0,2615,3,3.0,0
115.94,10,purchase,0,2857,3,6.6,0
16.0,15,purchase,0,1302,3,3.0,0
71.07,9,purchase,0,2539,2,17.24,0
238.82,22,online,0,1867,1,12.97,0
77.05,15,withdrawal,0,2357,1,26.32,0
114.21,17,online,0,2201,2,17.64,0
48.36,9,purchase,0,3334,4,12.01,0
66.58,6,purchase,0,2376,0,2.0,0
32.22,15,withdrawal,0,963,3,9.99,0
91.78,12,transfer,0,1306,1,11.3,0
15.07,7,purchase,0,3528,1,27.17,0
20.52,9,withdrawal,0,3294,4,33.43,0
60.15,10,purchase,0,665,4,9.19,0
103.59,6,withdrawal,0,3394,2,11.9,0
73.87,10,withdrawal,0,3029,0,2.73,0
138.84,16,transfer,0,2047,3,14.98,0
74.43,17,transfer,0,1323,0,16.82,0
23.77,11,purchase,0,3608,1,7.09,0
110.14,19,purchase,0,2814,4,36.4,0
589.66,5,online,0,218,9,102.68,1
46.19,7,purchase,0,2734,3,14.5,0
30.99,22,withdrawal,0,3187,2,2.94,0
65.96,19,purchase,0,3330,1,5.69,0
44.5,22,online,0,1907,1,18.56,0
34.61,10,withdrawal,0,2875,2,35.96,0
58.67,7,online,0,2116,1,1.3,0
92.13,10,online,0,3435,1,21.08,0
168.01,20,purchase,0,2249,1,0.31,0
81.93,7,purchase,0,3119,4,14.3,0
92.98,8,withdrawal,0,970,1,10.06,0
25.49,17,transfer,0,1015,4,25.24,0
144.58,11,purchase,0,1197,7,1.41,0
16.19,20,withdrawal,0,3245,2,5.28,0
17.48,13,transfer,0,1406,4,14.76,0
55.76,12,transfer,1,871,2,11.39,0
69.98,18,purchase,0,53,2,25.13,0
60.68,14,purchase,0,3494,4,15.3,0
23.85,13,online,0,2736,5,0.94,0
141.12,13,withdrawal,0,445,1,16.69,0
43.15,19,purchase,0,3113,4,2.55,0
66.21,8,purchase,0,1329,2,12.78,0
29.3,13,transfer,0,1776,4,70.01,0
80.16,8,transfer,0,1086,2,23.24,0
56.7,19,withdrawal,0,3385,1,31.79,0
40.68,10,online,0,424,2,41.51,0
77.36,22,purchase,0,605,1,6.16,0
48.77,12,purchase,0,455,3,31.53,0
57.69,19,transfer,0,2092,2,6.1,0
951.19,1,online,1,45,9,493.45,1
118.78,16,purchase,0,54,2,35.15,0
36.73,20,purchase,0,2311,2,6.97,0
69.08,16,withdrawal,0,520,1,8.86,0
17.52,11,withdrawal,0,104,3,11.59,0
54.34,7,purchase,0,184,1,25.86,0
65.72,19,online,0,3058,2,1.71,0
96.57,18,purchase,0,3185,1,0.81,0
46.47,10,purchase,0,1465,2,38.76,0
43.37,13,withdrawal,0,2563,1,20.32,0
91.89,9,purchase,0,2430,2,3.6,0
61.84,6,purchase,0,1119,3,40.46,0
87.66,22,withdrawal,0,2829,3,0.24,0
82.62,16,purchase,0,3315,4,11.51,0
129.1,9,transfer,0,3406,3,5.52,0
37.99,10,purchase,0,3558,3,1.89,0
76.19,16,online,0,3064,2,6.75,0
47.85,10,purchase,0,1718,2,15.58,0
98.89,16,purchase,0,3319,1,6.09,0
3.21,7,purchase,0,2417,2,22.65,0
141.45,19,purchase,0,3312,1,32.01,0
143.93,22,withdrawal,0,62,3,4.24,0
446.35,0,withdrawal,0,4,0,1845.96,1
63.49,14,online,0,2591,4,7.06,0
39.24,14,purchase,0,3337,2,7.22,0
195.21,10,purchase,0,2052,2,8.62,0
78.65,13,purchase,0,781,3,7.82,0
79.99,6,purchase,0,2756,7,12.66,0
21.14,19,purchase,0,1822,0,8.8,0
97.55,6,withdrawal,0,1140,2,24.98,0
10.92,19,purchase,0,1452,3,31.1,0
40.27,17,purchase,0,438,0,0.4,0
157.28,7,withdrawal,0,3067,2,0.46,0
105.07,12,purchase,0,946,1,6.29,0
36.47,14,purchase,0,3532,2,8.58,0
72.31,18,online,0,3202,2,5.19,0
59.95,6,purchase,0,315,1,33.17,0
98.43,21,purchase,0,1835,2,22.13,0
109.05,19,online,1,885,0,10.06,0
96.74,18,purchase,0,2297,1,20.96,0
38.93,19,purchase,0,2446,2,1.11,0
75.1,6,purchase,0,3353,4,15.8,0
122.69,15,purchase,0,2109,6,2.61,0
149.18,17,transfer,0,3122,0,0.03,0
50.7,18,purchase,0,1264,1,7.27,0
99.87,22,transfer,0,1040,3,4.43,0
77.92,12,purchase,0,2877,5,14.8,0
252.84,7,purchase,0,2699,3,1.52,0
106.07,11,withdrawal,0,2803,1,15.4,0
130.19,18,withdrawal,0,743,2,27.68,0
34.68,6,purchase,0,762,5,23.76,0
220.48,15,withdrawal,0,1739,0,6.68,0
77.14,18,purchase,0,2012,2,31.15,0
25.73,6,purchase,0,832,1,5.14,0
26.6,22,purchase,0,3389,1,10.83,0
133.86,11,purchase,0,3054,0,16.89,0
154.2,12,purchase,0,767,1,2.17,0
61.85,16,purchase,0,1345,4,29.12,0
110.21,11,purchase,1,774,4,16.67,0
53.76,12,purchase,0,923,0,4.36,0
29.14,10,withdrawal,0,3146,3,11.33,0
73.98,12,purchase,0,489,4,1.65,0
76.58,19,withdrawal,0,2654,0,5.02,0
152.8,20,purchase,0,2684,3,10.58,0
73.26,15,purchase,0,899,0,12.4,0
18.53,18,purchase,0,2014,2,16.51,0
13.53,20,withdrawal,0,1422,2,20.23,0
173.13,13,purchase,0,1580,1,2.86,0
8.05,8,online,0,1660,2,11.15,0
87.4,7,purchase,0,684,0,22.31,0
47.37,7,transfer,0,1005,3,10.42,0
83.74,22,purchase,0,2259,6,27.43,0
103.3,10,purchase,0,1369,2,25.92,0
66.42,8,online,0,3227,0,9.28,0
20.74,20,withdrawal,0,894,2,4.37,0
29.07,6,purchase,0,1720,0,42.97,0
104.91,18,purchase,0,1149,1,29.32,0
41.64,15,purchase,0,2757,1,10.04,0
111.95,15,purchase,0,2407,0,26.02,0
55.26,19,withdrawal,1,3623,4,11.79,0
62.07,12,transfer,0,301,3,28.58,0
154.48,16,withdrawal,0,862,2,20.47,0
27.2,12,online,1,3444,2,8.06,0
152.15,10,purchase,0,2376,4,30.58,0
52.16,18,purchase,0,1818,1,10.46,0
76.13,16,withdrawal,0,1252,1,18.65,0
33.74,10,purchase,0,2508,2,40.18,0
216.84,10,purchase,0,573,2,8.62,0
28.64,9,purchase,0,363,2,0.85,0
144.76,16,withdrawal,0,1637,1,8.44,0
23.98,17,withdrawal,0,2020,1,13.53,0
46.94,13,transfer,0,1293,3,28.59,0
55.06,19,purchase,0,1909,1,16.5,0
50.93,11,withdrawal,0,2778,2,7.58,0
30.84,6,purchase,0,1260,1,10.21,0
21.81,18,online,0,905,5,11.33,0
109.03,13,purchase,0,1038,1,4.31,0
14.56,7,purchase,0,831,1,11.16,0
4.72,15,purchase,0,1045,3,1.47,0
24.2,20,online,0,1469,2,14.03,0
76.94,21,purchase,0,1296,1,0.43,0
17.83,13,purchase,0,2827,3,10.09,0
43.49,14,online,0,1455,2,1.45,0
232.07,16,transfer,0,487,0,4.66,0
24.86,18,transfer,0,1407,4,7.55,0
32.74,6,online,0,2680,0,5.03,0
2.25,14,purchase,0,730,3,1.95,0
12.62,7,purchase,0,1340,1,10.36,0
178.34,11,purchase,0,1855,1,23.35,0
108.8,20,purchase,0,3394,1,8.13,0
33.49,21,withdrawal,0,1813,1,1.87,0
44.49,21,purchase,0,242,0,0.52,0
497.2,3,transfer,0,322,6,103.44,1
73.04,15,purchase,0,1641,2,8.74,0
175.43,21,purchase,0,3351,1,2.35,0
59.39,20,withdrawal,0,2210,3,4.72,0
55.3,19,purchase,0,2339,2,11.11,0
28.66,14,purchase,0,494,4,9.16,0
124.58,19,withdrawal,0,2139,4,54.18,0
120.3,7,purchase,0,2504,1,23.43,0
21.25,6,withdrawal,0,1318,1,37.24,0
95.78,16,withdrawal,0,807,2,3.46,0
91.82,7,purchase,0,793,1,2.37,0
58.01,22,withdrawal,0,3439,0,3.84,0
86.15,7,online,0,206,4,4.3,0
122.24,8,withdrawal,0,48,2,9.72,0
90.87,8,purchase,0,1050,0,8.98,0
40.22,20,withdrawal,0,3377,0,1.91,0
30.15,12,purchase,0,2520,1,12.56,0
165.95,18,withdrawal,0,663,4,12.35,0
43.37,20,purchase,0,401,1,5.92,0
23.93,15,online,0,1541,0,28.98,0
34.4,22,purchase,0,1472,1,4.39,0
26.48,18,purchase,0,2473,1,5.02,0
71.14,16,purchase,0,2406,5,24.9,0
57.48,10,online,0,1689,1,7.2,0
76.9,20,purchase,0,1258,0,3.37,0
61.19,20,purchase,0,1351,6,8.73,0
62.5,12,purchase,0,31,0,22.95,0
108.23,19,purchase,0,37,2,4.57,0
22.99,6,withdrawal,0,3242,1,8.0,0
112.87,9,withdrawal,0,2559,3,2.54,0
33.56,9,withdrawal,0,345,1,0.2,0
36.13,7,withdrawal,0,1533,1,5.4,0
3.53,17,purchase,0,590,4,0.78,0
22.41,16,online,0,2644,0,20.98,0
16.16,12,transfer,0,3259,1,51.62,0
116.41,8,purchase,0,2631,0,7.58,0
88.88,9,purchase,0,798,3,14.92,0
57.41,19,online,0,2555,1,21.53,0
81.78,11,transfer,0,1904,2,18.62,0
105.2,13,purchase,0,2066,4,4.13,0
121.5,14,purchase,0,579,0,23.7,0
63.18,21,transfer,0,973,4,7.41,0
173.2,21,purchase,0,195,5,4.17,0
80.82,22,withdrawal,0,3058,3,8.16,0
128.69,6,online,0,2918,1,39.75,0
71.98,9,purchase,0,2613,2,64.74,0
31.6,9,transfer,0,2620,5,22.81,0
148.91,12,withdrawal,0,2506,3,6.09,0
77.93,21,purchase,0,565,0,6.16,0
79.14,18,transfer,0,2621,3,14.61,0
93.83,7,transfer,0,2065,3,13.33,0
16.98,11,online,0,2124,1,4.79,0
74.25,14,purchase,0,3468,2,27.93,0
22.67,17,withdrawal,0,3491,0,6.93,0
105.84,10,purchase,0,3098,1,1.92,0
19.2,15,withdrawal,0,2605,2,29.12,0
52.42,14,withdrawal,0,2161,1,27.49,0
53.83,8,purchase,0,889,1,14.01,0
129.87,11,withdrawal,0,1952,1,28.05,0
155.14,19,purchase,0,64,2,15.36,0
67.43,13,withdrawal,0,743,1,7.65,0
82.42,11,online,0,2214,5,1.49,0
95.08,6,withdrawal,0,794,2,5.6,0
126.21,9,withdrawal,0,1718,1,11.3,0
127.24,15,purchase,0,173,1,32.82,0
129.93,17,purchase,0,1838,3,55.16,0
55.6,13,withdrawal,0,227,0,2.18,0
167.99,16,purchase,0,260,4,30.66,0
35.63,18,withdrawal,1,344,0,12.48,0
49.8,9,purchase,0,3518,3,29.56,0
66.36,18,purchase,0,1335,1,19.35,0
309.89,10,purchase,0,494,2,8.46,0
18.49,13,purchase,0,3290,1,5.13,0
15.59,14,purchase,0,1194,1,6.32,0
80.6,18,withdrawal,1,2903,3,0.12,0
42.22,8,purchase,1,1862,1,22.4,0
16.24,10,purchase,0,1890,2,33.06,0
23.03,7,purchase,0,3368,3,0.83,0
9.3,9,purchase,0,2422,1,25.39,0
62.2,9,transfer,0,2339,1,13.76,0
96.29,12,purchase,0,1642,2,21.53,0
86.44,18,online,0,3262,0,32.11,0
69.62,18,purchase,0,1673,2,14.8,0
56.84,20,purchase,0,1876,2,16.8,0
124.35,7,purchase,0,1024,5,16.9,0
36.91,19,purchase,0,2350,5,19.61,0
22.99,10,purchase,0,2413,1,12.93,0
40.46,9,transfer,0,799,1,26.01,0
80.06,13,online,0,3281,0,5.86,0
32.76,20,purchase,0,1975,3,21.09,0
51.93,11,purchase,0,3130,1,17.73,0
63.61,14,purchase,0,835,2,13.2,0
177.95,17,transfer,0,1771,3,5.35,0
30.38,20,withdrawal,0,1818,3,3.19,0
90.54,22,withdrawal,0,424,3,38.24,0
75.01,21,online,0,2179,3,24.71,0
75.1,22,purchase,0,2468,0,0.23,0
70.26,13,withdrawal,0,1124,1,22.62,0
30.82,19,purchase,0,711,4,0.06,0
57.7,12,purchase,0,1635,0,9.74,0
76.45,22,purchase,0,447,1,6.23,0
120.48,13,purchase,0,1609,4,42.37,0
13.6,9,withdrawal,1,3267,2,30.65,0
8.4,11,online,0,2577,1,2.09,0
43.81,16,transfer,0,2990,3,8.5,0
42.68,10,transfer,0,3578,2,17.19,0
40.85,17,purchase,0,3116,0,14.77,0
60.36,20,transfer,0,366,2,3.96,0
111.81,22,transfer,0,1513,0,2.89,0
95.92,7,purchase,0,2424,2,7.89,0
88.44,15,purchase,0,2957,1,17.12,0
41.1,7,purchase,0,2038,1,3.08,0
50.72,13,purchase,0,398,2,7.9,0
80.04,8,purchase,0,2180,2,0.59,0
42.17,10,purchase,0,2611,2,13.39,0
550.31,12,online,1,77,3,199.95,1
89.42,18,purchase,1,1522,3,2.07,0
210.85,20,online,0,402,1,32.0,0
78.94,13,purchase,0,356,2,9.45,0
31.67,6,withdrawal,0,2578,3,2.71,0
81.49,11,withdrawal,0,87,5,4.38,0
164.25,8,purchase,0,1138,3,2.02,0
34.21,14,transfer,0,2108,2,5.5,0
157.93,9,transfer,0,2761,0,0.61,0
140.12,13,withdrawal,0,2424,4,1.01,0
97.27,8,purchase,0,35,3,30.71,0
54.99,6,purchase,0,2945,2,27.54,0
11.89,21,purchase,0,2773,2,6.65,0
123.07,9,purchase,0,741,1,7.48,0
24.68,11,purchase,0,3171,1,1.79,0
98.14,22,online,0,1135,1,5.91,0
68.41,13,withdrawal,0,2973,0,11.72,0
39.96,7,withdrawal,0,2132,2,14.55,0
115.87,17,transfer,0,2867,1,66.9,0
67.06,14,withdrawal,0,2443,2,19.64,0
74.68,6,purchase,0,1638,2,6.21,0
22.34,12,online,0,1905,2,15.99,0
24.05,19,transfer,0,2816,3,4.17,0
94.56,14,purchase,0,2986,0,38.17,0
114.51,15,purchase,0,2646,4,4.77,0
78.03,17,transfer,0,3536,1,14.26,0
152.54,18,purchase,0,2330,3,1.47,0
3.91,20,purchase,0,1883,3,4.62,0
103.01,19,purchase,0,3189,1,1.59,0
78.93,14,withdrawal,0,2562,0,11.32,0
26.25,13,withdrawal,0,1824,3,17.7,0
202.82,14,transfer,0,2222,6,4.23,0
80.69,9,withdrawal,0,2899,4,16.31,0
84.07,21,online,0,2014,1,14.79,0
48.9,8,purchase,0,1100,4,6.39,0
55.57,22,transfer,0,2732,1,26.06,0
93.55,11,withdrawal,0,1084,2,5.92,0
25.69,14,purchase,0,2556,0,14.58,0
132.66,22,purchase,0,2598,3,6.95,0
116.78,10,purchase,1,1595,2,4.09,0
96.84,18,online,0,764,2,10.72,0
77.17,14,purchase,0,1661,4,22.0,0
105.99,15,purchase,0,3193,3,3.12,0
91.85,7,withdrawal,0,1171,0,4.63,0
73.51,19,purchase,0,3206,2,31.7,0
116.41,7,online,0,1886,2,13.88,0
52.18,10,purchase,0,973,1,26.68,0
162.05,8,purchase,0,3477,0,5.42,0
153.36,15,online,0,35,1,27.34,0
53.49,18,online,0,531,2,9.38,0
233.08,20,purchase,1,2702,3,24.09,0
120.24,6,online,0,2345,2,7.02,0
60.19,10,purchase,0,3095,1,22.82,0
72.22,16,purchase,0,3597,3,2.21,0
62.14,8,transfer,0,852,2,5.67,0
107.57,7,purchase,0,2439,3,1.4,0
138.14,10,purchase,0,2286,1,7.04,0
123.35,18,purchase,0,3591,1,0.5,0
97.62,18,purchase,0,631,1,0.77,0
72.99,20,purchase,0,1274,1,0.9,0
286.04,14,purchase,0,1938,1,42.62,0
167.78,16,purchase,0,1039,1,23.01,0
51.12,8,transfer,0,3480,0,0.32,0
53.09,14,purchase,0,2839,2,2.76,0
51.14,22,withdrawal,0,894,1,59.49,0
77.2,20,transfer,0,1913,2,4.76,0
84.62,9,transfer,0,113,3,13.52,0
9.33,8,purchase,0,2598,0,16.5,0
55.96,12,withdrawal,0,2800,3,2.35,0
258.09,16,purchase,0,1344,3,4.08,0
46.27,19,withdrawal,0,2114,1,14.71,0
12.32,15,withdrawal,0,495,3,19.06,0
157.29,19,online,0,1033,1,45.08,0
124.09,20,purchase,1,651,3,14.86,0
7.84,11,online,0,2795,1,4.89,0
156.72,16,purchase,0,526,1,18.88,0
91.6,20,online,0,64,2,0.1,0
134.5,7,online,0,3163,0,14.67,0
171.62,20,purchase,0,2116,2,34.36,0
28.15,6,withdrawal,0,1015,5,36.5,0
32.68,20,online,0,3627,3,1.59,0
179.02,11,purchase,0,1280,3,7.65,0
93.15,14,purchase,1,1686,3,8.62,0
255.2,13,purchase,0,2122,1,21.49,0
21.52,6,purchase,0,1216,4,4.19,0
177.4,21,purchase,1,2921,0,2.91,0
34.94,15,purchase,0,665,2,26.6,0
56.2,16,withdrawal,0,764,2,5.22,0
80.21,17,transfer,0,2399,1,15.25,0
75.61,11,transfer,0,1120,2,12.85,0
142.59,6,purchase,0,3126,4,27.79,0
50.46,21,withdrawal,0,1666,2,0.66,0
12.57,12,online,0,2971,0,4.9,0
192.27,7,purchase,0,1006,4,4.81,0
69.75,19,transfer,0,502,0,17.93,0
51.06,21,purchase,1,3408,3,5.79,0
225.59,20,purchase,0,1490,1,4.0,0
3.77,11,online,0,3645,2,61.09,0
30.72,6,withdrawal,0,938,1,23.51,0
84.71,13,transfer,0,3425,1,7.48,0
80.59,18,purchase,0,1763,2,1.53,0
44.78,12,purchase,0,110,5,1.26,0
73.08,10,purchase,0,2389,4,7.35,0
75.37,9,online,0,2013,1,10.99,0
57.9,17,purchase,0,1865,2,6.02,0
58.84,14,purchase,0,1072,1,4.57,0
44.36,18,withdrawal,0,1372,2,25.22,0
32.38,11,purchase,0,120,1,2.51,0
867.82,22,withdrawal,1,28,3,143.74,1
202.65,11,withdrawal,0,1242,4,97.62,0
80.81,22,online,0,1477,1,20.7,0
45.5,22,purchase,0,2203,3,7.48,0
39.45,7,withdrawal,0,2868,2,24.89,0
53.37,15,withdrawal,0,2764,4,13.16,0
47.3,20,online,0,163,0,27.46,0
52.45,17,purchase,0,796,5,25.37,0
117.56,19,transfer,0,2028,2,4.0,0
74.3,6,withdrawal,0,112,1,4.23,0
122.72,20,transfer,0,826,1,2.98,0
63.91,8,purchase,0,2709,0,9.23,0
138.23,12,withdrawal,1,174,4,11.35,0
66.18,19,purchase,0,3330,2,2.4,0
66.91,18,transfer,0,1993,0,31.61,0
59.0,9,online,0,424,2,7.62,0
69.92,20,purchase,0,97,2,14.13,0
14.38,16,purchase,0,1839,0,1.2,0
128.56,22,transfer,0,1360,0,13.99,0
58.08,7,purchase,0,3571,2,21.07,0
46.05,15,withdrawal,0,288,4,11.68,0
83.12,15,withdrawal,0,49,2,2.44,0
19.65,22,online,0,1696,2,18.53,0
167.87,14,transfer,0,106,1,6.72,0
115.83,17,online,0,1781,2,2.2,0
98.44,22,online,0,98,2,14.44,0
38.0,12,withdrawal,0,1861,2,5.45,0
131.42,4,online,1,107,7,212.56,1
83.47,8,withdrawal,0,2608,4,0.73,0
35.72,10,transfer,0,3278,5,27.84,0
11.19,10,purchase,0,2632,0,15.23,0
17.5,15,online,0,1172,1,1.67,0
16.26,20,online,0,2119,1,15.65,0
53.32,12,transfer,0,1550,0,9.86,0
37.08,20,withdrawal,0,3469,2,33.78,0
154.06,6,transfer,0,3486,5,1.58,0
14.54,13,online,0,3585,6,6.09,0
1141.62,3,purchase,0,288,6,367.0,1
75.41,8,transfer,0,1874,1,5.28,0
178.57,12,purchase,0,2749,1,27.71,0
34.25,17,transfer,0,3422,1,3.51,0
234.62,20,purchase,0,2434,2,36.5,0
41.07,15,purchase,0,3211,3,7.12,0
57.69,21,purchase,0,145,2,3.82,0
44.48,20,transfer,0,2996,3,16.99,0
49.29,18,transfer,0,1803,5,1.97,0
38.99,18,purchase,0,947,4,11.42,0
145.83,10,withdrawal,0,1558,1,7.63,0
323.82,21,withdrawal,0,1604,1,3.37,0
240.77,8,withdrawal,0,1465,1,2.16,0
48.36,6,transfer,0,1366,1,7.81,0
79.34,12,transfer,0,30,4,24.61,0
39.68,12,purchase,0,1791,3,0.79,0
37.31,20,withdrawal,0,1668,2,12.66,0
23.33,18,withdrawal,0,2704,3,0.94,0
55.58,11,purchase,0,1547,1,12.76,0
49.65,6,purchase,0,2056,2,25.09,0
47.06,13,online,0,257,4,9.83,0
146.46,14,online,0,3266,2,1.64,0
70.15,17,purchase,0,1292,3,27.22,0
47.86,15,online,0,1281,1,11.98,0
55.47,12,withdrawal,0,3088,1,8.76,0
31.74,19,purchase,0,197,2,20.84,0
63.67,14,online,0,414,2,5.41,0
131.12,15,transfer,0,2697,4,15.88,0
46.1,22,purchase,0,3015,3,6.81,0
63.12,19,purchase,0,3366,3,17.81,0
115.2,9,withdrawal,0,565,5,26.75,0
78.99,16,purchase,0,2049,2,1.86,0
39.01,7,purchase,0,2904,4,14.74,0
19.98,21,transfer,0,1507,1,6.47,0
51.11,22,purchase,0,1975,0,18.78,0
27.69,22,withdrawal,0,1172,2,7.96,0
112.35,17,withdrawal,0,1923,3,9.03,0
116.13,6,transfer,0,905,3,40.22,0
159.81,10,purchase,0,1188,1,28.36,0
83.05,10,purchase,0,1593,1,21.05,0
79.42,11,withdrawal,0,923,2,6.54,0
123.99,8,transfer,0,2126,5,17.03,0
56.68,18,transfer,0,3434,1,0.38,0
178.15,19,online,0,296,3,16.47,0
35.96,17,online,0,1653,3,0.4,0
54.57,9,withdrawal,0,641,1,9.05,0
28.47,17,purchase,0,1100,1,24.43,0
81.53,11,online,0,2160,3,12.75,0
41.31,13,online,0,635,2,8.13,0
35.25,13,purchase,0,3541,6,16.74,0
53.94,20,withdrawal,0,2034,4,5.02,0
53.93,17,purchase,0,3637,0,5.18,0
298.52,9,purchase,0,1503,2,1.73,0
85.04,6,purchase,0,3018,2,0.86,0
878.5,18,online,1,84,5,964.67,1
49.68,14,purchase,0,3646,1,47.22,0
51.82,7,withdrawal,0,2931,2,15.79,0
19.2,21,withdrawal,0,1548,2,33.06,0
41.01,9,withdrawal,0,605,1,15.06,0
28.97,16,transfer,0,3472,1,54.14,0
6.94,13,purchase,0,452,2,20.7,0
211.94,14,online,0,250,0,4.41,0
135.92,9,online,0,1972,1,18.22,0
44.94,15,purchase,0,3198,0,0.53,0
110.61,12,online,0,3538,4,49.71,0
112.47,7,purchase,0,1445,3,14.33,0
189.25,10,purchase,0,1074,2,4.43,0
102.1,10,transfer,0,3436,0,37.58,0
236.21,10,purchase,0,1313,4,28.87,0
126.88,7,purchase,0,2970,1,2.73,0
123.93,22,purchase,0,1669,4,18.77,0
32.99,11,purchase,0,1344,1,0.4,0
53.89,22,purchase,0,2563,3,36.33,0
82.27,8,purchase,0,1280,3,31.03,0
72.46,16,purchase,0,2202,1,6.03,0
53.82,21,transfer,0,998,4,54.23,0
16.82,14,transfer,0,137,1,7.61,0
31.28,21,purchase,1,2571,2,5.22,0
133.04,21,online,0,3090,1,21.85,0
13.38,8,withdrawal,0,2845,3,38.42,0
73.83,6,transfer,0,1915,2,4.79,0
294.17,2,online,0,305,10,298.3,1
45.28,8,transfer,0,693,3,15.07,0
114.56,9,online,1,1198,2,11.33,0
90.62,7,withdrawal,0,1405,1,6.95,0
30.24,15,purchase,0,1020,0,8.4,0
100.32,16,purchase,0,1033,0,8.63,0
150.66,17,transfer,0,2354,3,7.52,0
148.59,7,withdrawal,0,1029,0,0.6,0
145.3,16,purchase,0,3558,4,19.97,0
28.2,8,transfer,1,1826,2,45.21,0
57.03,16,purchase,1,2898,3,3.92,0
38.06,12,online,0,1375,1,9.92,0
98.13,6,withdrawal,0,3413,0,24.37,0
45.45,19,purchase,0,361,5,4.94,0
67.61,14,online,0,1775,1,15.71,0
50.55,11,purchase,0,1181,1,43.61,0
19.27,12,online,0,3243,2,41.14,0
55.21,17,online,0,2304,4,29.91,0
5.81,15,withdrawal,0,3551,4,3.43,0
20.16,7,transfer,0,2924,0,12.43,0
83.57,9,withdrawal,0,1554,3,9.95,0
178.68,13,purchase,0,2421,2,0.81,0
152.6,17,online,0,3278,1,1.44,0
37.44,22,purchase,0,1491,1,8.93,0
53.97,7,purchase,0,2435,1,13.95,0
59.12,11,online,0,1250,2,0.0,0
31.39,11,transfer,0,3603,0,3.86,0
10.91,9,online,0,2117,3,18.06,0
52.4,16,purchase,0,1840,1,8.61,0
37.82,7,withdrawal,0,3076,1,45.96,0
87.26,19,withdrawal,0,2251,1,5.69,0
75.98,7,purchase,0,3278,1,24.34,0
38.31,19,purchase,0,390,0,34.47,0
219.99,19,purchase,0,1856,2,22.1,0
146.9,21,purchase,0,1183,2,1.57,0
62.83,8,purchase,0,1684,4,1.18,0
98.52,16,purchase,0,3378,3,22.72,0
59.35,15,withdrawal,0,2685,3,5.89,0
175.37,18,online,0,2096,0,7.4,0
103.86,11,purchase,0,113,4,0.33,0
50.96,17,purchase,0,1737,3,16.79,0
165.19,13,withdrawal,0,568,4,8.67,0
148.48,6,purchase,0,1325,0,11.97,0
156.44,11,purchase,0,331,2,17.37,0
4.35,17,withdrawal,0,2785,1,1.46,0
14.09,13,withdrawal,0,3312,3,3.72,0
90.96,7,purchase,0,2396,1,15.72,0
198.44,15,purchase,0,1312,1,2.45,0
96.56,18,purchase,0,1422,1,17.58,0
83.17,7,online,0,398,0,2.89,0
137.96,18,purchase,0,1032,5,20.66,0
84.89,16,purchase,0,177,1,31.61,0
21.11,10,withdrawal,0,1747,1,1.99,0
57.46,8,online,0,1127,1,22.15,0
53.43,10,purchase,1,1668,1,3.18,0
76.94,15,purchase,0,1729,0,47.38,0
37.95,19,purchase,0,969,4,22.95,0
168.61,9,withdrawal,0,530,2,12.87,0
106.88,9,purchase,0,1305,4,13.59,0
27.09,10,purchase,0,3285,0,1.9,0
26.95,21,transfer,0,2225,2,1.66,0
123.76,17,purchase,0,2725,1,11.36,0
68.39,8,purchase,0,3505,2,14.92,0
154.89,13,withdrawal,0,3240,1,6.9,0
93.19,13,withdrawal,0,433,1,35.23,0
34.01,10,purchase,0,1077,2,6.96,0
10.79,21,purchase,0,3041,4,23.41,0
20.0,20,purchase,0,477,5,17.3,0
54.19,7,online,1,3399,3,0.96,0
31.77,8,purchase,0,2693,1,6.19,0
117.74,22,withdrawal,0,143,4,49.84,0
66.56,21,withdrawal,0,2696,1,1.66,0
41.84,17,online,0,1005,0,1.42,0
33.6,10,purchase,0,1870,6,19.1,0
41.56,17,online,0,165,1,4.17,0
49.96,6,transfer,0,564,2,17.29,0
166.37,18,online,0,1712,0,22.51,0
485.74,22,online,0,203,4,0.05,1
28.42,19,purchase,0,1338,5,4.19,0
10.3,21,purchase,0,1470,4,7.3,0
60.1,13,purchase,0,1735,2,8.13,0
105.14,18,withdrawal,0,2851,4,38.78,0
124.01,20,purchase,0,360,1,15.95,0
42.59,17,online,0,2009,0,12.83,0
282.46,11,purchase,0,585,2,1.38,0
95.0,19,purchase,0,566,3,52.85,0
54.4,6,transfer,0,1670,4,1.66,0
35.42,17,transfer,0,1256,5,24.09,0
83.88,13,transfer,0,1093,1,3.63,0
40.73,19,purchase,0,2001,0,12.94,0
48.74,15,online,1,1508,1,10.12,0
43.53,10,transfer,0,929,3,21.2,0
97.92,14,transfer,0,3272,0,2.25,0
40.95,6,online,0,641,1,17.94,0
70.09,19,withdrawal,0,2995,2,4.55,0
111.44,19,purchase,1,1781,0,1.8,0
180.93,11,purchase,0,3594,2,21.76,0
76.78,14,purchase,0,372,0,5.2,0
112.63,10,purchase,0,2902,6,39.58,0
33.53,13,withdrawal,0,1692,1,12.7,0
188.25,21,online,0,856,0,3.84,0
33.4,18,withdrawal,0,49,2,7.58,0
5.47,22,purchase,0,3235,1,18.84,0
76.26,7,withdrawal,0,981,2,6.33,0
138.25,22,purchase,0,3139,2,2.14,0
31.37,6,purchase,0,2146,1,40.6,0
35.82,16,online,0,891,2,44.79,0
131.01,20,withdrawal,0,2296,2,54.2,0
32.57,19,purchase,0,1635,2,30.73,0
43.01,20,purchase,0,1788,2,28.86,0
1159.96,1,online,0,70,10,548.09,1
38.37,18,purchase,0,1193,1,10.65,0
44.93,22,purchase,0,1965,1,0.63,0
19.42,19,transfer,0,2138,1,6.37,0
43.77,16,purchase,0,3515,4,33.21,0
81.79,14,purchase,0,407,1,6.28,0
88.95,11,purchase,0,1197,3,15.17,0
30.3,8,online,0,3640,3,3.06,0
489.09,1,online,1,128,7,222.1,1
134.9,10,withdrawal,0,1311,1,9.59,0
300.24,10,online,0,1344,2,5.45,0
78.14,22,withdrawal,0,1002,4,4.4,0
33.56,13,withdrawal,0,1725,1,0.43,0
75.27,8,transfer,0,530,3,10.95,0
99.24,15,purchase,0,1804,5,1.64,0
39.81,7,transfer,0,1723,1,5.8,0
13.52,19,purchase,0,3436,2,9.21,0
55.9,6,withdrawal,0,2707,1,0.65,0
261.67,20,online,0,956,2,41.47,0
17.49,7,purchase,0,718,3,25.1,0
63.04,6,purchase,0,2554,2,35.9,0
106.01,19,online,0,935,0,5.93,0
75.01,15,withdrawal,1,815,0,3.79,0
589.12,6,transfer,1,322,7,90.95,1
63.52,17,purchase,0,1999,0,8.03,0
26.9,7,purchase,0,2049,1,59.0,0
67.48,15,purchase,0,1944,0,2.61,0
32.7,7,withdrawal,0,221,2,0.75,0
24.19,7,withdrawal,0,206,2,21.93,0
27.87,6,purchase,0,313,4,32.23,0
68.06,11,transfer,0,1988,3,25.33,0
51.81,18,purchase,0,3220,3,15.43,0
118.47,11,purchase,0,2680,2,12.84,0
44.84,17,online,0,1878,3,7.65,0
39.75,7,purchase,0,3405,1,15.78,0
60.35,11,transfer,0,2318,2,4.03,0
19.12,16,purchase,0,1301,4,31.54,0
153.41,19,purchase,0,412,3,19.57,0
137.28,22,purchase,0,3637,5,11.37,0
163.52,21,purchase,0,1590,2,11.74,0
34.18,6,online,0,2173,3,0.14,0
50.85,22,online,0,1130,2,26.62,0
111.37,17,online,0,2324,1,0.3,0
83.72,20,purchase,0,2335,1,11.72,0
79.48,17,purchase,0,2199,2,56.73,0
41.65,17,online,0,1910,2,29.43,0
90.94,15,online,1,654,3,5.38,0
205.73,12,transfer,0,1014,3,24.13,0
87.37,14,online,0,735,1,12.88,0
223.85,8,online,0,1822,2,0.52,0
11.37,21,withdrawal,0,3113,2,1.08,0
1424.98,8,online,0,107,4,67.5,1
70.41,18,purchase,0,740,0,30.68,0
227.1,17,purchase,0,3278,2,10.41,0
147.1,16,purchase,0,993,0,56.32,0
12.33,19,purchase,0,824,1,1.7,0
224.01,17,purchase,0,2980,0,12.53,0
727.17,0,online,1,98,9,347.75,1
44.51,16,purchase,0,699,5,12.87,0
83.95,21,withdrawal,0,588,2,6.85,0
182.68,22,purchase,0,485,1,20.42,0
39.82,8,transfer,0,402,3,25.51,0
138.68,9,online,1,3555,1,2.67,0
25.89,18,purchase,0,3338,0,14.31,0
120.02,12,purchase,0,321,3,23.54,0
25.89,20,withdrawal,0,1963,2,12.24,0
55.5,13,transfer,0,2504,2,9.29,0
183.17,17,transfer,0,2995,3,6.14,0
158.26,11,purchase,0,2567,2,3.95,0
38.41,22,transfer,0,3254,0,1.42,0
6.51,20,online,0,1098,0,15.19,0
65.06,7,purchase,0,81,3,52.88,0
37.36,13,purchase,0,3243,3,14.57,0
90.95,10,purchase,0,2673,0,50.6,0
1.61,20,purchase,0,2640,2,9.6,0
38.31,15,withdrawal,0,1470,1,29.79,0
56.95,16,withdrawal,0,2356,1,0.71,0
22.37,18,withdrawal,0,883,1,23.02,0
193.26,11,withdrawal,0,378,1,2.12,0
6.55,22,purchase,0,863,1,3.73,0
44.33,19,transfer,0,493,2,9.51,0
200.61,20,purchase,0,1024,1,13.82,0
99.37,11,purchase,0,3480,4,11.1,0
56.58,7,purchase,0,805,2,11.51,0
73.1,21,purchase,0,402,1,0.36,0
98.27,7,withdrawal,0,1801,2,10.85,0
126.91,21,purchase,0,3343,4,3.16,0
137.5,8,purchase,1,2161,1,32.57,0
83.33,13,withdrawal,0,2843,1,35.65,0
134.76,15,online,0,3424,3,0.01,0
214.81,14,online,0,2417,0,2.91,0
93.7,6,transfer,0,3266,4,19.08,0
6.56,11,purchase,0,295,2,31.56,0
15.94,19,withdrawal,0,1915,4,1.43,0
63.99,10,purchase,0,1355,2,1.51,0
80.17,22,online,1,3292,2,36.41,0
21.24,8,purchase,0,922,7,18.76,0
144.22,7,withdrawal,0,2830,4,4.82,0
93.23,13,purchase,0,1051,3,46.65,0
118.31,21,transfer,0,1341,0,6.77,0
101.07,21,purchase,0,1421,0,8.72,0
145.95,15,withdrawal,0,2317,4,21.08,0
68.22,19,purchase,0,901,3,3.69,0
51.08,12,online,0,397,0,23.81,0
82.87,6,purchase,0,3423,3,43.11,0
227.22,19,purchase,0,2519,4,6.78,0
88.06,18,withdrawal,0,2405,5,3.4,0
44.8,19,purchase,0,1840,0,11.21,0
35.76,6,purchase,0,2028,1,0.24,0
27.67,7,purchase,0,225,0,11.08,0
35.97,9,transfer,0,696,2,7.62,0
25.77,20,withdrawal,0,2565,2,3.06,0
59.5,14,online,0,3395,3,6.5,0
101.63,21,purchase,0,1187,4,47.23,0
148.97,10,purchase,0,305,6,8.31,0
189.24,17,purchase,1,1370,3,1.16,0
68.87,14,purchase,0,3548,2,1.75,0
139.82,12,withdrawal,0,2404,2,4.87,0
135.94,11,online,0,1755,1,6.78,0
229.31,13,withdrawal,0,2060,2,20.28,0
46.68,8,purchase,0,2403,0,7.49,0
113.41,11,transfer,0,2693,2,17.41,0
46.1,12,online,0,2056,0,44.61,0
30.47,10,withdrawal,0,804,1,4.66,0
38.05,8,withdrawal,0,2533,1,20.28,0
87.58,17,withdrawal,0,2218,2,9.75,0
152.77,20,purchase,0,2371,1,2.62,0
143.07,11,withdrawal,0,2630,2,12.37,0
229.03,6,online,0,1998,2,39.86,0
80.47,11,purchase,0,773,0,11.16,0
69.2,8,withdrawal,0,1590,5,35.28,0
80.01,13,transfer,0,2937,5,42.66,0
149.85,16,withdrawal,0,2636,2,9.86,0
79.58,15,online,0,3171,6,14.27,0
59.46,7,purchase,0,2703,2,1.79,0
92.59,12,purchase,1,3477,3,3.51,0
38.74,10,purchase,0,2083,0,6.65,0
44.14,20,purchase,1,2853,3,5.69,0
47.74,19,purchase,0,1961,2,15.3,0
14.2,20,transfer,0,1609,3,10.13,0
52.86,19,online,0,176,2,11.53,0
95.05,22,transfer,0,3393,1,15.43,0
22.81,10,purchase,1,3256,1,21.09,0
80.15,18,purchase,0,1618,0,4.16,0
98.76,13,purchase,1,2139,3,14.63,0
59.81,14,transfer,0,431,0,2.45,0
7.89,22,purchase,0,1812,3,2.74,0
35.16,15,purchase,0,434,1,0.23,0
134.49,20,purchase,0,363,5,5.32,0
22.96,7,online,0,2977,0,0.16,0
104.21,15,purchase,1,2683,3,36.62,0
53.82,7,purchase,0,347,0,14.87,0
91.16,11,purchase,0,2015,3,5.33,0
691.87,15,online,0,9,6,73.48,1
47.63,21,purchase,0,516,1,2.29,0
183.87,11,purchase,0,2232,2,1.24,0
24.85,18,withdrawal,0,3491,1,36.35,0
51.47,10,purchase,0,3512,1,12.34,0
11.4,17,online,0,850,5,1.57,0
14.58,9,purchase,1,2555,1,7.45,0
43.32,22,online,0,198,1,9.82,0
70.85,12,purchase,0,1376,1,20.21,0
215.81,20,purchase,0,3041,2,6.27,0
80.73,18,purchase,1,3013,3,5.46,0
62.01,18,online,0,724,1,17.75,0
514.4,11,online,0,327,8,27.77,1
84.77,9,purchase,0,1542,2,15.4,0
28.06,20,online,1,1222,8,6.66,0
213.55,7,transfer,0,2507,3,4.34,0
27.92,15,withdrawal,0,367,4,11.12,0
121.8,13,purchase,0,982,3,19.59,0
192.79,10,purchase,1,2807,1,1.67,0
15.99,13,withdrawal,0,2799,4,44.87,0
98.82,20,purchase,0,107,1,83.13,0
79.23,22,online,1,3559,4,2.48,0
50.07,12,withdrawal,0,741,1,15.41,0
99.47,21,withdrawal,0,357,0,5.26,0
51.12,7,withdrawal,0,37,3,10.64,0
68.9,10,transfer,0,2331,1,21.64,0
68.35,22,purchase,0,1785,3,2.67,0
39.01,19,purchase,0,1346,0,20.6,0
122.34,11,purchase,0,902,2,3.04,0
30.09,12,withdrawal,0,873,0,25.77,0
96.66,20,purchase,0,2082,0,4.61,0
124.6,15,purchase,0,1372,2,0.82,0
24.18,10,transfer,0,1981,1,14.05,0
7.0,21,withdrawal,0,1070,3,29.57,0
43.0,6,purchase,0,3093,1,19.22,0
98.39,16,purchase,0,1980,5,6.62,0
93.75,21,purchase,0,2796,1,28.69,0
38.92,12,online,0,2646,4,3.19,0
35.24,16,withdrawal,0,1828,3,7.32,0
72.98,11,purchase,0,1641,3,23.53,0
162.22,17,purchase,0,211,4,10.04,0
92.26,10,purchase,0,2144,4,13.21,0
128.76,10,withdrawal,0,1472,2,8.78,0
48.24,20,purchase,0,77,1,7.93,0
16.81,14,withdrawal,0,644,2,1.52,0
159.96,17,purchase,0,274,2,41.71,0
62.61,8,withdrawal,0,1637,1,14.35,0
45.79,9,purchase,0,3191,4,19.85,0
124.18,12,withdrawal,0,2696,6,0.75,0
73.29,10,purchase,0,1497,1,16.74,0
43.53,10,purchase,0,3582,2,7.91,0
113.08,13,online,0,2624,1,4.74,0
58.56,9,purchase,0,422,2,3.5,0
1281.72,23,transfer,1,265,12,536.65,1
61.5,6,withdrawal,0,3643,3,6.08,0
137.84,20,withdrawal,0,1279,2,30.93,0
55.51,12,online,0,780,4,1.13,0
23.22,20,purchase,0,1875,2,5.5,0
31.09,9,purchase,0,1465,1,11.39,0
79.61,16,online,0,3181,3,15.05,0
46.47,17,online,0,1808,1,2.63,0
48.76,14,transfer,0,3304,2,8.42,0
37.16,8,purchase,0,1802,1,3.84,0
137.3,21,purchase,0,346,1,1.86,0
122.75,7,online,0,2745,3,18.72,0
309.75,5,online,0,209,13,68.13,1
79.37,17,purchase,1,2039,0,1.4,0
12.1,12,purchase,0,2030,1,21.27,0
34.31,22,online,0,3373,4,25.01,0
64.12,7,purchase,0,246,4,17.69,0
24.59,12,online,0,1253,2,6.05,0
12.43,8,online,0,1917,2,1.24,0
142.64,9,purchase,0,2604,4,55.16,0
87.17,6,withdrawal,0,426,2,36.58,0
77.79,21,transfer,0,3416,3,40.78,0
96.58,13,withdrawal,0,1668,1,0.2,0
31.91,7,purchase,1,566,4,12.06,0
46.75,18,purchase,1,1374,1,27.69,0
43.43,16,online,0,1428,1,5.65,0
30.54,21,online,0,2996,0,2.41,0
159.08,19,purchase,0,2100,0,1.9,0
22.48,14,withdrawal,0,750,2,3.06,0
81.25,6,withdrawal,0,2715,0,0.35,0
96.14,19,withdrawal,0,669,2,34.51,0
66.84,17,withdrawal,0,1330,3,1.04,0
78.5,11,purchase,0,601,1,2.7,0
46.17,14,purchase,0,1711,1,28.27,0
28.95,15,transfer,0,3231,1,7.89,0
90.34,9,purchase,0,834,1,1.22,0
510.73,23,online,0,185,8,209.76,1
55.81,13,transfer,0,3548,2,42.47,0
48.28,17,purchase,0,1410,0,31.72,0
70.55,20,purchase,0,589,3,11.53,0
73.7,11,purchase,0,1396,2,7.54,0
76.5,18,purchase,0,60,2,32.44,0
32.76,12,purchase,1,2647,1,0.69,0
107.96,14,withdrawal,0,2727,2,0.1,0
65.06,12,purchase,0,752,2,3.84,0
55.92,11,withdrawal,0,535,0,31.86,0
21.43,10,purchase,0,1723,1,5.51,0
51.36,15,purchase,0,160,1,72.43,0
48.28,8,transfer,0,2933,3,12.78,0
113.01,20,online,0,2411,2,41.57,0
15.87,19,transfer,0,37,3,17.44,0
119.22,12,purchase,0,372,2,19.3,0
151.42,13,transfer,0,287,1,20.72,0
858.62,13,online,1,314,5,102.68,1
81.34,21,purchase,0,2776,4,8.92,0
44.52,21,transfer,0,1950,4,2.35,0
70.65,12,purchase,0,606,0,2.31,0
28.74,16,transfer,0,87,3,31.5,0
61.53,10,purchase,0,3021,2,19.56,0
45.68,21,online,0,2088,0,14.26,0
61.31,13,withdrawal,0,2836,1,4.59,0
30.22,20,purchase,0,733,2,68.64,0
55.43,7,withdrawal,0,3403,1,16.23,0
57.66,19,purchase,0,2929,1,76.16,0
90.09,21,transfer,0,2515,2,20.9,0
48.75,21,purchase,0,3036,4,18.53,0
96.82,20,online,0,1202,2,34.99,0
402.42,8,purchase,0,1513,1,27.04,0
88.93,13,purchase,0,2743,3,5.04,0
121.87,22,online,0,2628,5,6.87,0
83.9,22,withdrawal,0,2187,2,6.58,0
29.82,22,purchase,0,2436,3,3.95,0
127.16,9,purchase,0,1469,4,17.15,0
37.78,12,online,0,2513,3,6.38,0
82.31,9,purchase,0,2139,2,11.11,0
84.23,15,transfer,0,3589,0,3.84,0
132.06,12,online,0,3106,3,4.14,0
53.67,22,online,0,1595,2,0.17,0
80.32,10,purchase,0,3434,3,15.11,0
77.92,21,withdrawal,0,1067,3,1.31,0
248.56,12,purchase,0,2700,2,22.9,0
13.4,15,transfer,0,1227,2,3.31,0
60.45,14,withdrawal,0,1330,1,4.73,0
126.97,10,transfer,0,2572,5,3.22,0
166.04,19,withdrawal,0,181,0,13.14,0
209.92,13,purchase,0,1046,2,3.0,0
67.32,4,transfer,0,327,7,150.51,1
41.86,12,purchase,0,2069,3,7.67,0
188.08,12,purchase,0,3124,3,43.23,0
25.52,20,purchase,0,1896,2,11.01,0
27.26,18,purchase,0,1270,2,35.36,0
86.52,9,purchase,1,3559,1,8.03,0
154.8,7,withdrawal,0,1840,3,8.3,0
87.81,19,purchase,1,2577,2,13.93,0
141.13,16,purchase,0,3390,0,1.4,0
23.64,20,online,0,2643,2,17.26,0
82.4,19,purchase,0,1905,3,22.07,0
60.47,7,online,0,2143,1,12.72,0
25.24,13,purchase,0,1980,2,3.23,0
236.8,22,transfer,0,3192,1,50.13,0
31.2,7,purchase,0,3060,1,4.38,0
59.61,10,purchase,0,1877,3,37.07,0
18.44,22,purchase,0,1657,3,7.79,0
55.2,9,online,0,248,3,9.98,0
55.96,8,transfer,0,2725,1,0.81,0
45.69,8,purchase,0,1785,1,4.61,0
1013.1,1,online,1,20,10,325.16,1
721.71,4,transfer,1,145,1,95.64,1
256.1,11,online,0,876,1,34.9,0
21.21,8,online,0,2922,1,4.39,0
534.77,13,withdrawal,0,107,5,722.98,1
47.52,7,transfer,0,3082,0,7.34,0
44.57,18,withdrawal,0,2059,2,9.67,0
35.01,19,online,0,1492,2,9.68,0
44.93,11,transfer,0,2642,2,6.55,0
64.86,9,purchase,0,2658,0,3.02,0
108.12,19,withdrawal,0,2506,2,7.93,0
489.88,0,online,1,22,9,76.89,1
102.13,17,withdrawal,0,959,2,17.73,0
63.46,9,withdrawal,0,3532,1,2.94,0
196.18,15,withdrawal,0,1095,3,3.47,0
11.69,19,withdrawal,0,1528,1,4.15,0
53.87,19,transfer,0,2603,3,36.17,0
164.27,17,purchase,0,3408,2,9.08,0
45.79,18,purchase,0,2902,0,0.01,0
25.67,8,purchase,0,2364,2,27.43,0
165.24,12,withdrawal,0,389,1,4.02,0
26.58,12,purchase,0,3254,0,4.78,0
150.32,21,withdrawal,0,2258,1,1.86,0
153.84,15,online,0,1190,2,35.89,0
183.0,16,online,1,2568,3,27.33,0
76.0,7,purchase,0,1717,1,16.92,0
123.35,10,transfer,0,2021,0,5.04,0
77.8,18,transfer,0,1669,2,7.02,0
22.45,10,withdrawal,0,2952,2,17.26,0
20.76,6,transfer,0,904,0,42.72,0
44.67,20,purchase,0,1591,3,2.03,0
90.06,6,purchase,0,3077,3,0.65,0
207.12,20,purchase,0,154,2,14.76,0
61.86,21,purchase,0,2943,1,21.02,0
42.1,15,purchase,0,285,2,8.28,0
57.9,8,purchase,0,2858,4,3.89,0
48.41,11,withdrawal,0,2147,1,2.35,0
55.04,19,purchase,0,2801,1,38.13,0
19.55,12,online,1,757,1,16.31,0
99.48,6,purchase,0,3189,1,10.51,0
69.05,12,withdrawal,0,2672,5,5.46,0
67.2,19,purchase,0,902,1,16.58,0
26.89,9,purchase,0,3439,1,5.37,0
95.99,9,transfer,0,3639,2,20.75,0
216.13,21,online,0,696,1,39.02,0
20.53,18,purchase,0,1631,4,4.59,0
166.8,8,purchase,0,1174,3,19.9,0
60.9,13,purchase,0,1543,4,16.64,0
57.3,8,purchase,0,3133,2,10.51,0
28.71,17,online,0,204,7,3.29,0
47.19,8,purchase,0,1079,1,23.13,0
13.49,6,purchase,0,948,2,2.73,0
125.45,17,purchase,0,2914,1,0.63,0
98.97,21,withdrawal,0,2835,3,12.03,0
285.39,12,purchase,0,1193,1,12.34,0
88.41,11,purchase,0,438,2,25.06,0
60.12,14,withdrawal,0,1841,1,33.56,0
53.43,9,online,0,303,3,8.87,0
41.67,13,purchase,0,1716,3,0.99,0
7.71,12,online,0,1543,4,47.9,0
161.51,15,purchase,0,2279,1,0.41,0
90.77,21,purchase,0,312,0,6.02,0
96.57,14,online,0,3002,4,34.37,0
22.37,9,purchase,0,60,1,11.1,0
65.78,19,withdrawal,0,94,2,4.99,0
13.32,9,purchase,0,1281,3,3.73,0
81.2,8,purchase,0,189,3,5.82,0
23.81,15,withdrawal,0,451,3,14.0,0
77.71,6,transfer,0,3157,1,12.7,0
45.57,6,transfer,0,68,1,3.74,0
91.86,18,purchase,0,894,3,1.33,0
56.5,17,purchase,0,486,6,18.16,0
76.7,15,purchase,0,2039,2,4.41,0
9.9,20,purchase,0,1911,1,32.1,0
143.37,18,withdrawal,0,2992,1,3.78,0
4.74,13,online,0,2363,2,3.5,0
100.82,22,purchase,0,454,0,4.83,0
15.89,13,purchase,0,3251,1,7.16,0
133.1,12,purchase,1,2011,1,13.27,0
86.86,7,purchase,0,2596,0,20.79,0
65.37,16,purchase,0,2660,1,15.5,0
53.17,20,withdrawal,0,2686,2,16.32,0
18.85,10,purchase,0,885,3,41.61,0
63.65,17,purchase,0,379,1,18.79,0
33.38,19,withdrawal,0,1933,2,9.43,0
121.26,11,transfer,0,908,2,10.39,0
14.2,9,purchase,0,2367,2,1.2,0
177.22,7,purchase,0,70,3,28.42,0
57.76,6,transfer,0,1388,2,46.13,0
27.17,14,online,0,2678,2,3.33,0
540.71,12,transfer,0,21,6,55.28,1
148.39,18,purchase,1,2522,1,3.78,0
88.54,21,online,0,2430,2,0.48,0
29.17,6,online,0,873,2,2.06,0
110.19,15,transfer,0,3174,1,7.3,0
10.47,18,online,0,1771,2,11.57,0
51.73,17,purchase,0,1363,1,18.6,0
36.19,20,purchase,0,2420,1,29.45,0
65.81,7,purchase,0,3340,1,1.86,0
29.05,7,purchase,0,1466,5,12.84,0
43.33,18,withdrawal,0,448,3,7.39,0
88.46,15,withdrawal,0,3015,2,0.13,0
12.45,16,purchase,0,929,2,0.63,0
23.78,16,purchase,0,1212,1,3.91,0
769.6,22,online,0,274,8,366.57,1
52.64,9,purchase,1,735,1,8.6,0
68.99,19,purchase,0,3166,2,9.79,0
8.34,15,purchase,0,359,3,16.98,0
76.75,9,withdrawal,0,1826,2,1.1,0
132.37,15,purchase,0,2059,2,7.38,0
14.26,17,purchase,0,3269,2,12.22,0
98.91,15,withdrawal,0,3331,1,10.15,0
121.7,7,purchase,0,2194,2,14.3,0
57.97,17,withdrawal,0,3467,0,26.85,0
20.35,10,purchase,0,951,3,16.61,0
52.16,15,purchase,0,524,4,37.43,0
96.26,6,withdrawal,0,2995,2,16.09,0
36.81,15,purchase,0,1518,2,0.42,0
51.25,14,transfer,1,621,0,63.8,0
58.13,16,online,0,1225,1,10.0,0
126.93,22,online,0,3377,3,8.66,0
68.72,18,transfer,0,3397,2,0.21,0
82.49,8,transfer,0,582,2,37.59,0
84.44,11,online,0,2250,4,0.65,0
27.51,12,purchase,0,3396,2,10.26,0
18.17,15,withdrawal,0,2319,3,15.61,0
214.69,8,purchase,0,1290,0,14.81,0
162.7,8,purchase,0,2345,2,5.27,0
37.0,15,purchase,0,3566,5,1.84,0
89.63,21,transfer,0,416,2,0.55,0
114.05,6,purchase,0,1095,3,7.48,0
10.42,6,purchase,0,2538,3,6.6,0
79.74,22,purchase,1,1321,3,0.74,0
44.33,21,purchase,0,2750,4,23.04,0
138.69,14,withdrawal,0,2014,1,1.65,0
78.4,10,online,0,109,1,19.39,0
70.24,6,purchase,0,3250,1,19.2,0
3.57,6,purchase,0,3198,3,13.77,0
42.24,20,purchase,1,459,4,1.34,0
388.35,13,withdrawal,1,253,5,195.98,1
27.92,11,withdrawal,0,3459,2,9.67,0
34.59,22,purchase,0,1355,2,8.63,0
133.58,19,purchase,0,852,2,6.63,0
81.78,6,purchase,0,1490,5,7.29,0
86.03,12,purchase,0,1631,0,51.07,0
47.42,18,transfer,0,1590,1,8.51,0
208.34,22,purchase,0,2084,2,15.37,0
68.58,13,purchase,0,2356,4,12.29,0
37.14,21,transfer,0,940,1,1.76,0
118.15,16,withdrawal,0,2661,0,9.86,0
45.55,17,purchase,0,1310,2,3.28,0
27.91,9,withdrawal,0,758,2,8.2,0
35.14,10,purchase,0,417,3,0.48,0
109.38,19,purchase,0,1058,1,3.54,0
71.21,7,withdrawal,0,445,0,0.78,0
73.42,21,transfer,0,2388,2,28.51,0
74.12,10,transfer,0,3017,1,21.4,0
28.47,6,withdrawal,0,1508,1,11.12,0
97.13,7,purchase,1,750,2,1.7,0
30.28,20,online,0,847,2,2.15,0
141.69,13,purchase,0,2452,0,29.86,0
125.33,19,purchase,0,1583,0,32.29,0
63.96,11,transfer,0,3532,2,0.31,0
21.95,10,transfer,0,2219,2,134.14,0
38.05,14,transfer,0,2132,2,8.59,0
87.08,21,transfer,0,2130,0,33.73,0
54.63,21,purchase,0,1459,5,2.73,0
50.62,7,purchase,0,1171,3,0.4,0
74.85,13,purchase,0,2903,1,59.66,0
80.11,9,online,0,2152,1,39.13,0
135.09,12,purchase,0,3597,2,16.34,0
52.02,15,withdrawal,0,3386,3,12.89,0
41.21,16,purchase,0,1941,2,34.18,0
21.57,10,purchase,0,61,0,0.39,0
3.61,19,withdrawal,0,1901,0,2.63,0
81.0,7,online,0,2956,2,1.8,0
51.37,22,online,0,1573,4,21.4,0
15.36,18,withdrawal,0,315,2,2.65,0
141.07,20,purchase,0,3473,2,3.28,0
67.2,20,purchase,0,1185,2,1.34,0
132.68,15,purchase,0,3026,2,18.73,0
67.02,8,withdrawal,0,3439,3,3.68,0
171.17,18,withdrawal,0,3628,4,7.29,0
30.02,6,online,0,165,3,5.5,0
165.32,21,purchase,0,2320,2,13.89,0
72.88,14,transfer,0,2474,3,21.33,0
260.72,21,withdrawal,0,2313,1,12.49,0
33.46,13,purchase,0,2604,1,31.06,0
110.68,17,withdrawal,0,53,1,23.23,0
48.24,16,withdrawal,0,2306,3,14.14,0
73.3,15,transfer,0,1185,1,1.26,0
122.2,22,purchase,0,3162,0,7.6,0
57.18,8,online,0,39,2,6.95,0
289.6,19,purchase,0,2887,2,20.88,0
108.31,15,online,0,2397,2,17.31,0
36.48,11,withdrawal,0,3008,2,67.54,0
25.52,6,withdrawal,0,1919,0,4.44,0
15.89,7,purchase,0,1369,1,1.16,0
78.57,16,purchase,0,3362,1,9.84,0
9.17,16,purchase,0,1032,3,25.11,0
52.55,9,withdrawal,0,2933,3,25.67,0
223.93,14,purchase,0,3465,1,33.01,0
209.22,9,online,0,3507,2,0.31,0
52.93,8,online,0,2690,2,10.61,0
75.34,10,withdrawal,0,2059,2,18.32,0
20.53,9,withdrawal,0,3560,0,1.46,0
112.07,7,online,0,1960,0,33.49,0
23.31,16,purchase,0,540,2,0.42,0
129.43,19,purchase,0,784,3,8.44,0
164.81,11,transfer,0,648,5,2.59,0
56.82,22,purchase,0,2681,0,9.72,0
324.73,3,online,0,230,9,142.98,1
41.44,11,purchase,0,2745,4,18.66,0
65.2,22,withdrawal,1,3478,1,2.56,0
86.36,21,purchase,0,131,1,8.0,0
52.21,11,withdrawal,0,85,4,12.35,0
59.98,21,purchase,1,2722,2,5.85,0
122.78,7,purchase,1,3491,1,9.37,0
243.96,19,online,0,2066,4,5.49,0
83.58,14,purchase,0,2833,0,2.17,0
321.89,10,purchase,0,467,2,22.74,0
75.17,22,purchase,0,2845,2,4.89,0
45.28,17,purchase,0,2519,2,16.6,0
84.15,21,transfer,0,3221,1,12.31,0
50.72,14,purchase,0,3445,2,3.69,0
84.21,17,purchase,0,1227,0,12.16,0
236.6,16,purchase,0,2083,5,2.86,0
37.52,14,purchase,0,1517,2,2.27,0
29.68,8,online,0,2032,3,5.2,0
154.95,7,online,0,2750,5,10.2,0
30.91,9,purchase,0,802,1,13.02,0
41.58,19,purchase,0,2729,1,17.67,0
15.5,19,purchase,0,693,0,1.16,0
73.83,6,online,0,3047,2,1.01,0
23.41,8,withdrawal,0,3165,4,2.08,0
501.27,22,online,1,111,5,245.73,1
976.64,0,withdrawal,0,306,7,67.54,1
5.54,9,purchase,0,352,4,2.68,0
58.8,19,purchase,0,1621,1,15.71,0
39.3,19,purchase,0,3009,2,2.03,0
21.5,14,withdrawal,0,2823,0,29.32,0
41.56,12,purchase,1,2647,3,0.22,0
179.11,14,online,0,289,1,56.33,0
43.47,15,withdrawal,0,1280,2,24.87,0
61.51,16,withdrawal,0,3132,5,1.31,0
22.49,16,transfer,0,3393,2,3.3,0
8.45,12,purchase,0,1210,3,27.88,0
62.35,12,online,0,1845,3,5.18,0
37.43,20,online,0,1341,2,13.79,0
114.66,9,transfer,0,3232,0,17.07,0
65.0,15,purchase,0,102,0,24.86,0
91.74,19,transfer,0,2943,3,7.09,0
20.68,19,transfer,0,2536,4,22.37,0
31.92,10,withdrawal,0,3359,1,8.54,0
607.95,20,withdrawal,1,101,5,718.54,1
75.84,8,purchase,0,1456,1,3.99,0
40.4,19,transfer,0,989,3,35.56,0
40.96,18,purchase,0,1692,2,35.76,0
61.29,18,transfer,0,803,3,13.85,0
207.97,13,purchase,0,3200,3,32.05,0
117.44,14,purchase,0,2471,3,7.42,0
77.89,16,withdrawal,0,184,2,10.03,0
66.22,9,transfer,0,255,1,11.52,0
195.88,8,purchase,0,535,1,13.5,0
74.08,13,transfer,0,703,2,24.25,0
157.46,17,transfer,0,2175,1,16.58,0
227.39,9,withdrawal,0,1298,3,22.91,0
34.35,15,withdrawal,0,1444,2,13.48,0
52.08,7,online,0,56,2,34.26,0
14.19,12,online,0,2369,3,1.45,0
48.64,7,purchase,0,3120,1,1.7,0
16.27,17,transfer,0,1601,1,3.44,0
97.92,12,transfer,0,1707,3,3.54,0
135.0,9,purchase,0,2944,2,2.24,0
5.45,13,online,0,3102,3,33.68,0
49.97,10,online,1,182,5,17.61,0
76.55,17,online,0,1056,4,0.75,0
90.19,10,transfer,0,3546,3,25.97,0
112.57,12,online,0,317,2,8.51,0
33.24,14,purchase,0,1050,1,4.61,0
152.51,19,purchase,0,879,1,18.27,0
79.19,20,online,0,2602,4,10.52,0
12.57,13,withdrawal,0,1463,0,38.94,0
227.55,18,purchase,1,1657,1,0.95,0
53.61,8,transfer,0,554,2,13.7,0
147.11,18,withdrawal,1,2552,1,12.61,0
115.7,21,online,0,760,1,5.17,0
257.77,7,withdrawal,0,2104,2,28.82,0
47.26,22,transfer,0,1054,1,4.79,0
114.59,7,withdrawal,0,3478,0,5.16,0
63.9,8,purchase,0,1163,5,47.21,0
40.94,11,transfer,0,3460,0,6.99,0
45.63,20,online,0,3638,3,3.69,0
125.66,20,purchase,0,816,0,60.26,0
261.42,15,purchase,0,1874,6,9.88,0
15.4,16,purchase,0,2423,2,7.73,0
201.14,18,purchase,0,1789,2,7.39,0
47.08,6,purchase,0,177,0,4.33,0
113.81,22,online,0,3268,3,24.05,0
54.84,6,purchase,0,2317,0,67.48,0
140.25,15,withdrawal,0,3056,2,30.13,0
70.34,13,withdrawal,0,3063,0,8.62,0
42.67,11,purchase,0,3367,1,35.48,0
1.13,9,purchase,0,1224,2,2.14,0
61.91,10,online,0,3512,0,19.08,0
28.57,18,online,0,1240,0,11.27,0
24.28,15,transfer,0,2806,2,6.73,0
104.25,16,withdrawal,0,1019,0,6.34,0
38.74,13,purchase,0,134,3,9.36,0
26.05,12,purchase,0,1833,4,5.99,0
119.98,20,withdrawal,0,200,1,4.8,0
38.02,19,transfer,0,460,1,2.63,0
45.71,19,purchase,0,3610,3,2.46,0
26.98,11,purchase,0,221,2,8.34,0
47.81,12,withdrawal,0,1927,0,2.58,0
10.25,15,transfer,0,3390,3,54.26,0
57.86,11,purchase,0,1393,2,12.17,0
27.92,20,online,0,1962,1,10.31,0
88.7,21,purchase,0,2632,2,1.3,0
47.0,9,withdrawal,0,878,0,1.92,0
70.51,20,withdrawal,0,1043,3,3.74,0
16.95,18,purchase,0,1537,3,18.1,0
200.17,11,purchase,0,2062,2,30.51,0
18.38,18,withdrawal,0,154,1,16.91,0
117.3,21,purchase,0,302,0,20.27,0
117.69,12,purchase,0,2182,1,25.23,0
89.29,12,transfer,0,2724,2,14.4,0
33.12,7,withdrawal,0,485,3,8.42,0
48.79,12,withdrawal,0,3543,1,9.34,0
159.68,18,online,0,681,1,18.12,0
102.67,12,withdrawal,0,913,2,2.58,0
28.73,12,purchase,1,2044,2,7.23,0
52.73,16,withdrawal,0,1597,0,8.51,0
27.84,22,purchase,0,103,2,16.88,0
85.69,14,purchase,0,2188,4,1.69,0
23.7,9,purchase,0,589,2,0.06,0
57.2,11,transfer,0,2658,2,17.4,0
118.11,20,purchase,0,1897,4,18.32,0
76.11,14,purchase,0,546,1,18.33,0
39.56,21,transfer,0,3138,2,117.22,0
134.71,13,transfer,0,1100,0,49.02,0
73.46,13,purchase,0,551,1,4.95,0
239.63,10,transfer,0,2095,2,5.91,0
27.52,20,purchase,0,2559,3,3.82,0
87.6,12,withdrawal,0,1488,0,36.07,0
104.91,22,purchase,0,422,0,27.31,0
34.94,21,withdrawal,0,1110,3,41.71,0
90.64,14,purchase,0,3249,3,6.24,0
154.83,6,purchase,0,2195,3,26.5,0
58.16,16,purchase,0,3140,3,13.77,0
31.33,21,purchase,0,2883,2,8.78,0
161.73,13,transfer,0,2159,1,2.24,0
1207.98,6,withdrawal,1,333,8,33.84,1
221.18,7,purchase,0,3420,1,19.85,0
166.26,16,purchase,0,351,0,19.14,0
147.64,21,purchase,0,2455,3,14.67,0
140.72,19,online,0,1585,5,12.38,0
9.32,6,purchase,0,1690,3,5.73,0
52.91,22,online,0,1887,1,7.95,0
7.07,8,purchase,0,2221,4,14.53,0
22.86,18,transfer,0,1722,3,0.8,0
60.15,10,online,0,2260,0,15.98,0
49.87,18,online,0,127,0,18.43,0
60.09,22,purchase,0,1006,3,20.87,0
62.04,8,purchase,0,1179,3,6.22,0
86.15,17,withdrawal,0,1775,2,2.74,0
31.82,8,online,0,1427,0,4.88,0
51.0,18,purchase,0,1431,0,23.72,0
56.43,14,withdrawal,0,2026,2,2.48,0
57.15,19,purchase,0,2916,6,1.45,0
91.33,10,purchase,1,960,2,34.21,0
755.81,5,transfer,1,187,6,296.91,1
61.77,12,purchase,0,614,1,14.15,0
141.69,16,purchase,0,559,2,2.59,0
21.0,21,online,0,801,0,1.98,0
41.48,14,withdrawal,0,3574,1,28.19,0
73.06,11,purchase,0,458,1,13.51,0
187.11,12,purchase,0,2620,3,20.26,0
90.6,21,purchase,0,2782,4,5.13,0
54.95,21,online,0,2441,6,0.44,0
60.48,15,purchase,0,2259,4,28.99,0
58.57,18,transfer,0,192,2,19.42,0
162.98,8,purchase,0,2934,1,26.64,0
27.4,12,purchase,0,3125,1,1.1,0
66.69,8,transfer,0,3037,3,4.92,0
338.12,21,purchase,0,1721,3,11.01,0
114.91,9,purchase,0,618,2,14.14,0
80.18,9,withdrawal,1,564,4,9.82,0
8.13,17,purchase,0,1912,3,21.21,0
78.69,19,purchase,0,1422,0,0.32,0
91.02,12,purchase,0,50,0,32.29,0
125.19,14,online,0,385,2,16.99,0
79.3,7,online,0,3192,3,22.32,0
61.02,17,purchase,1,702,1,38.27,0
59.41,19,transfer,0,1507,1,6.73,0
7.09,9,transfer,0,3529,0,16.23,0
72.49,18,withdrawal,0,1008,6,5.78,0
74.54,21,purchase,0,2295,2,1.15,0
239.74,6,withdrawal,0,2673,2,5.09,0
63.31,20,transfer,0,2510,2,5.68,0
215.09,17,purchase,0,269,8,127.71,1
8.16,14,withdrawal,0,588,2,26.3,0
68.6,11,purchase,0,44,1,11.98,0
295.28,3,online,1,127,6,52.19,1
158.76,22,purchase,0,251,2,9.46,0
114.44,7,online,0,1897,4,2.21,0
16.54,9,purchase,0,2230,2,2.64,0
23.08,9,withdrawal,0,2383,4,2.02,0
119.42,8,withdrawal,0,3278,1,21.05,0
93.13,20,purchase,0,3511,3,9.47,0
132.08,18,transfer,0,1677,2,29.52,0
116.12,19,purchase,0,2762,3,0.5,0
127.18,9,purchase,0,1847,2,70.98,0
4.01,18,withdrawal,0,839,1,3.07,0
59.42,6,withdrawal,0,2046,2,7.85,0
167.2,9,purchase,0,3538,2,4.57,0
138.87,11,online,0,1217,0,1.0,0
117.25,17,purchase,1,1224,0,16.42,0
20.9,9,purchase,0,2009,1,33.38,0
5.92,18,purchase,0,520,1,8.21,0
150.85,6,purchase,0,1960,2,18.24,0
118.01,7,purchase,0,395,3,2.16,0
31.07,16,purchase,0,1033,2,10.1,0
54.4,22,purchase,0,1454,2,0.17,0
32.09,11,purchase,0,1829,0,16.35,0
34.19,11,purchase,0,1816,4,16.23,0
64.28,13,transfer,0,2502,4,42.34,0
42.39,10,purchase,0,2538,2,3.88,0
28.47,8,purchase,0,783,0,31.96,0
227.8,15,withdrawal,0,2797,1,9.46,0
45.88,16,purchase,0,777,2,14.55,0
96.51,15,online,1,1310,3,39.29,0
123.39,13,transfer,0,1330,0,9.43,0
72.44,13,purchase,0,1590,2,71.51,0
199.3,22,purchase,0,2624,2,9.54,0
26.45,7,transfer,0,966,1,21.65,0
28.06,17,purchase,0,796,3,15.24,0
93.5,11,purchase,0,2505,3,1.56,0
25.6,10,online,0,739,4,11.95,0
63.64,18,purchase,0,80,3,11.26,0
52.45,17,online,0,1389,0,12.87,0
123.27,17,purchase,0,3586,0,11.46,0
81.67,22,online,0,2717,4,2.44,0
70.85,8,online,0,855,3,23.85,0
121.88,13,purchase,0,2118,1,14.51,0
21.53,11,withdrawal,0,2704,4,98.2,0
96.12,11,withdrawal,0,3484,2,29.1,0
28.42,17,purchase,0,1677,3,1.85,0
212.96,6,transfer,0,308,0,25.4,0
8.96,19,purchase,0,328,2,7.33,0
105.71,16,purchase,0,1800,2,10.53,0
51.7,11,purchase,0,2472,1,6.76,0
78.65,8,withdrawal,0,2151,1,34.58,0
72.02,22,purchase,0,733,1,1.63,0
41.78,8,online,0,688,1,4.65,0
27.92,21,purchase,0,2183,0,1.03,0
5.82,10,withdrawal,0,266,5,14.82,0
53.72,16,transfer,0,2359,1,37.37,0
1810.87,4,online,1,336,7,52.62,1
107.61,18,purchase,0,1183,3,0.67,0
53.39,21,purchase,1,2668,1,23.8,0
69.22,11,online,0,1149,0,6.4,0
42.24,12,withdrawal,0,310,3,28.89,0
106.16,21,purchase,0,2278,1,3.42,0
357.77,23,online,1,71,4,84.75,1
22.62,20,withdrawal,0,207,4,3.27,0
154.32,17,online,0,533,2,7.73,0
75.96,9,withdrawal,0,1963,2,19.9,0
95.23,15,purchase,0,3290,6,1.43,0
126.26,10,withdrawal,0,3105,2,6.27,0
62.68,6,purchase,0,3068,3,14.02,0
60.35,14,withdrawal,0,2822,3,12.51,0
44.05,13,transfer,0,2789,2,6.08,0
12.07,19,purchase,0,3212,1,1.51,0
550.54,13,withdrawal,0,248,6,365.84,1
50.55,21,online,1,1812,2,31.07,0
138.03,21,online,0,1518,6,16.51,0
16.99,10,purchase,0,2977,2,4.26,0
143.7,14,purchase,0,2244,4,10.63,0
64.53,11,purchase,0,2039,4,1.29,0
34.04,11,withdrawal,0,2902,2,35.84,0
103.57,14,online,0,372,3,3.8,0
248.44,7,online,0,804,4,0.27,0
125.36,9,purchase,0,2793,1,3.67,0
247.19,16,online,0,448,3,6.24,0
55.59,15,purchase,0,2807,2,12.05,0
107.76,10,online,0,2836,0,10.89,0
49.73,18,purchase,0,1678,3,11.37,0
63.11,19,withdrawal,0,1105,1,7.17,0
28.23,6,purchase,0,895,0,22.03,0
76.02,20,purchase,0,1817,2,3.2,0
114.62,17,online,0,3353,2,7.91,0
90.72,10,purchase,0,3170,4,3.25,0
44.47,14,transfer,0,2654,1,7.78,0
88.93,17,withdrawal,0,729,0,17.16,0
76.31,12,purchase,0,1015,2,10.21,0
40.03,10,withdrawal,0,93,4,4.01,0
192.23,17,purchase,0,3151,3,0.64,0
76.97,18,purchase,0,1833,3,6.99,0
138.15,7,withdrawal,0,1666,6,22.23,0
181.99,16,online,0,2700,2,11.76,0
185.1,15,withdrawal,0,2717,1,13.45,0
168.35,12,transfer,0,3060,1,6.25,0
53.39,6,online,0,3166,5,1.98,0
46.44,13,withdrawal,0,2235,2,10.63,0
38.96,7,online,0,289,2,2.69,0
92.07,15,withdrawal,0,2867,5,12.05,0
73.04,15,purchase,0,296,2,40.4,0
129.13,9,withdrawal,0,3188,2,11.18,0
47.97,19,withdrawal,0,2956,0,17.98,0
62.46,9,transfer,0,901,1,7.17,0
69.46,17,online,0,2505,2,51.32,0
51.05,22,purchase,0,1018,1,4.23,0
964.9,3,online,1,79,6,538.36,1
22.36,14,purchase,0,926,2,10.18,0
130.86,21,purchase,1,1684,3,8.12,0
97.78,19,purchase,0,2213,3,35.3,0
98.37,7,withdrawal,0,3573,2,0.46,0
169.55,21,purchase,0,830,1,33.25,0
3.11,17,online,0,3502,2,35.95,0
21.32,8,online,0,1674,2,0.11,0
182.07,7,purchase,0,2993,2,9.3,0
74.54,6,withdrawal,1,1687,4,5.98,0
81.71,12,withdrawal,0,380,3,36.19,0
65.39,11,transfer,0,970,2,7.01,0
46.95,22,purchase,0,749,4,27.61,0
5.28,20,purchase,0,1627,2,19.08,0
64.06,10,purchase,0,2421,1,10.91,0
20.65,9,withdrawal,0,580,4,24.76,0
6.42,13,purchase,0,1595,0,9.43,0
27.04,7,purchase,0,3126,2,7.85,0
135.45,9,purchase,0,1352,2,1.18,0
42.69,18,purchase,0,2160,0,2.67,0
186.83,16,transfer,0,2174,2,13.76,0
257.93,17,purchase,0,574,3,0.83,0
539.15,17,purchase,0,76,9,428.18,1
72.81,21,purchase,0,2488,0,16.97,0
103.44,22,purchase,0,1719,1,16.46,0
78.73,20,purchase,0,3186,1,20.65,0
56.88,22,purchase,0,384,1,20.72,0
133.45,9,purchase,0,3489,2,43.18,0
46.99,7,purchase,0,3271,3,7.52,0
120.13,7,purchase,0,3400,3,28.9,0
68.82,20,withdrawal,0,528,1,16.97,0
58.65,20,purchase,0,1347,1,9.96,0
114.87,16,transfer,0,1477,0,37.89,0
49.97,11,online,0,325,3,2.6,0
66.72,18,purchase,0,3504,2,4.6,0
115.49,17,purchase,0,1623,1,1.33,0
56.19,22,online,0,572,2,4.58,0
20.81,8,purchase,0,1465,1,26.28,0
76.16,13,purchase,0,828,4,12.91,0
97.5,7,purchase,0,1717,1,17.17,0
19.92,21,online,0,2628,1,4.97,0
91.45,12,transfer,0,2955,3,3.71,0
55.5,15,purchase,0,2941,3,22.96,0
97.76,8,withdrawal,0,3604,3,1.06,0
70.86,10,online,0,2237,4,13.7,0
87.61,11,purchase,0,1361,3,29.21,0
56.76,14,purchase,0,2753,2,8.87,0
37.25,10,purchase,0,2131,2,15.54,0
69.05,14,purchase,0,875,1,0.76,0
50.12,10,purchase,0,3632,2,3.86,0
48.25,12,withdrawal,0,262,1,18.86,0
183.23,13,withdrawal,0,3452,1,15.06,0
167.42,16,purchase,0,3058,2,3.84,0
47.15,20,purchase,0,52,1,7.21,0
16.88,19,withdrawal,0,305,3,25.64,0
65.39,20,withdrawal,0,1957,3,16.7,0
23.17,21,purchase,0,2689,1,8.01,0
100.77,16,withdrawal,0,2754,3,3.54,0
129.91,21,purchase,0,3251,7,5.45,0
92.3,14,purchase,0,3348,2,26.27,0
92.3,15,purchase,1,3127,2,12.16,0
33.7,21,online,0,328,3,1.25,0
20.91,10,online,0,2709,4,41.43,0
48.2,18,withdrawal,0,803,2,1.47,0
88.4,16,purchase,0,3246,2,29.62,0
275.95,8,purchase,0,271,5,27.93,0
23.83,7,purchase,0,664,2,15.07,0
162.09,19,transfer,0,556,1,26.78,0
96.4,13,purchase,0,2533,3,6.33,0
66.63,12,purchase,0,1519,1,8.58,0
161.71,10,purchase,0,2668,3,2.99,0
87.29,16,purchase,0,2965,5,8.01,0
31.06,21,purchase,0,1814,1,18.57,0
105.29,16,withdrawal,0,359,2,43.18,0
85.6,10,purchase,0,1882,2,24.21,0
67.52,6,transfer,1,1560,2,31.14,0
248.05,11,withdrawal,0,3570,2,51.77,0
71.14,20,purchase,0,2293,4,4.84,0
71.98,11,withdrawal,0,108,2,7.99,0
124.89,11,transfer,0,511,1,16.19,0
69.27,17,transfer,0,2447,2,1.25,0
35.79,18,purchase,0,1050,0,9.67,0
155.33,15,purchase,0,2622,2,5.29,0
10.58,9,purchase,0,1115,2,0.81,0
98.33,16,transfer,0,1192,0,10.62,0
44.52,19,transfer,0,828,3,1.77,0
44.57,9,purchase,0,701,2,11.2,0
26.45,18,purchase,0,3050,1,5.05,0
120.29,16,purchase,0,754,2,4.91,0
100.3,8,withdrawal,0,3513,1,7.54,0
155.47,10,purchase,0,130,2,14.74,0
49.18,20,transfer,0,815,2,2.8,0
69.55,21,withdrawal,0,1358,0,6.03,0
105.81,6,purchase,0,1099,0,2.12,0
143.78,14,purchase,1,2130,0,0.67,0
183.01,12,purchase,0,182,4,18.85,0
82.25,20,purchase,0,1014,3,27.2,0
50.43,9,transfer,0,1698,0,69.35,0
67.18,17,withdrawal,0,3550,0,6.5,0
47.23,22,online,1,2384,1,0.78,0
128.2,7,withdrawal,0,3374,0,27.76,0
110.16,13,withdrawal,0,325,2,2.14,0
331.31,14,withdrawal,0,2238,3,8.95,0
55.39,21,purchase,0,1344,1,19.31,0
28.41,10,online,1,2879,0,8.01,0
33.83,12,transfer,0,3409,2,9.74,0
47.23,9,purchase,0,1425,2,8.76,0
78.42,15,purchase,0,1777,4,0.03,0
19.03,11,purchase,1,2052,3,25.69,0
50.67,11,online,0,734,0,15.5,0
101.61,19,purchase,0,3355,7,24.33,0
29.31,13,purchase,0,1119,5,8.99,0
21.8,10,transfer,0,1472,2,9.38,0
54.63,19,withdrawal,0,1875,2,2.81,0
127.66,22,transfer,0,1813,2,8.55,0
91.5,21,withdrawal,1,3205,2,30.97,0
127.29,7,online,0,3427,3,13.68,0
132.08,7,purchase,0,3129,3,0.62,0
173.01,18,withdrawal,0,2653,0,3.58,0
56.8,20,withdrawal,0,1869,2,0.11,0
70.77,7,withdrawal,0,2461,2,3.17,0
64.74,15,online,0,1515,4,28.11,0
55.79,9,online,0,2318,1,8.64,0
325.69,22,transfer,0,2455,1,85.48,0
112.68,20,withdrawal,0,1688,0,8.09,0
11.73,10,purchase,0,2307,5,10.01,0
47.11,22,transfer,0,2374,0,6.77,0
81.25,22,purchase,0,1845,1,29.47,0
116.84,16,purchase,0,2463,1,3.58,0
6.2,19,withdrawal,0,2633,1,1.92,0
166.35,13,purchase,0,420,4,11.54,0
106.0,19,purchase,0,2352,0,44.83,0
152.01,8,purchase,0,3156,3,17.86,0
141.28,11,purchase,0,2528,2,0.41,0
108.33,9,withdrawal,0,849,4,7.34,0
32.09,17,purchase,0,2350,2,32.31,0
144.56,10,online,0,966,1,39.32,0
41.09,15,purchase,1,3444,3,14.78,0
14.49,22,withdrawal,0,3333,3,10.4,0
81.56,18,purchase,0,1298,0,28.35,0
33.11,15,purchase,0,1812,3,22.29,0
54.14,11,purchase,0,3528,7,7.88,0
182.02,11,purchase,0,1176,1,4.24,0
58.77,8,withdrawal,0,2000,4,6.68,0
84.93,6,purchase,0,2821,1,10.31,0
1215.25,0,transfer,1,62,4,277.83,1
61.15,12,purchase,0,3034,1,32.81,0
13.94,6,transfer,0,2348,2,10.01,0
59.02,20,transfer,0,3256,2,28.47,0
106.7,8,purchase,0,1421,4,16.01,0
148.9,16,purchase,0,1677,1,77.92,0
90.15,6,purchase,0,3484,5,0.5,0
153.99,18,withdrawal,0,1858,0,1.67,0
184.15,14,purchase,0,3548,0,11.86,0
29.32,9,purchase,1,3297,2,5.8,0
86.81,14,purchase,0,2126,3,8.39,0
85.6,6,withdrawal,0,1504,1,3.82,0
1237.35,11,online,1,297,3,87.75,1
43.1,12,purchase,0,3492,0,18.46,0
19.04,10,online,0,3473,0,4.31,0
200.99,15,purchase,0,2445,3,10.81,0
32.06,18,purchase,0,629,0,19.09,0
46.95,10,transfer,0,911,4,21.72,0
82.25,13,online,0,2521,2,6.3,0
45.07,10,transfer,0,2736,3,4.97,0
59.43,7,transfer,0,478,1,11.47,0
103.7,9,purchase,0,1210,2,13.44,0
153.73,9,transfer,1,1000,7,4.31,0
126.45,16,purchase,0,3551,2,11.66,0
49.7,6,purchase,0,3107,2,7.94,0
33.58,21,purchase,0,2618,2,11.46,0
174.16,14,purchase,0,3045,3,60.18,0
141.74,6,transfer,0,1646,3,12.66,0
56.39,13,purchase,0,2537,0,11.25,0
11.03,8,purchase,0,2685,2,65.8,0
575.42,4,withdrawal,1,75,8,316.18,1
41.41,8,withdrawal,0,3239,1,15.6,0
77.26,22,purchase,0,1573,3,9.31,0
57.72,17,online,0,1205,1,4.05,0
36.57,9,online,1,2816,2,27.5,0
78.09,19,withdrawal,0,661,2,0.77,0
24.01,11,withdrawal,0,203,3,8.18,0
117.05,13,withdrawal,0,1829,4,18.0,0
86.66,16,transfer,0,2020,3,6.81,0
23.11,21,purchase,0,1206,4,4.14,0
148.75,11,withdrawal,0,515,0,4.6,0
158.24,6,withdrawal,0,3618,3,7.01,0
14.63,19,purchase,0,2026,3,7.06,0
183.25,10,withdrawal,1,1992,2,25.7,0
71.17,12,online,0,2725,3,0.36,0
39.42,22,transfer,0,2810,3,23.74,0
16.59,10,purchase,0,350,3,18.57,0
31.24,21,withdrawal,0,1717,1,1.96,0
100.9,19,purchase,0,1510,3,13.92,0
53.61,19,purchase,0,1953,3,0.8,0
48.57,14,purchase,0,2339,1,0.23,0
16.95,6,purchase,0,2464,2,13.4,0
105.17,21,purchase,0,2905,4,23.98,0
52.22,8,purchase,0,1132,0,13.35,0
166.68,10,transfer,0,845,2,22.87,0
81.48,21,transfer,0,2449,0,6.47,0
26.02,9,purchase,0,2481,2,13.27,0
14.21,22,purchase,0,3125,0,7.96,0
34.89,22,transfer,0,614,3,22.04,0
62.11,10,withdrawal,0,1990,1,32.24,0
96.67,13,online,0,3447,2,6.18,0
172.14,7,purchase,0,2312,2,8.49,0
178.75,10,purchase,1,2823,0,5.73,0
56.19,18,online,0,2950,4,1.09,0
12.68,7,purchase,0,2154,0,0.87,0
177.98,20,purchase,0,1178,2,13.97,0
155.3,11,online,0,1005,0,7.1,0
141.15,16,purchase,0,2134,3,27.87,0
27.47,10,withdrawal,0,2384,1,9.26,0
59.21,14,purchase,0,474,3,1.8,0
114.0,19,withdrawal,0,1757,2,10.4,0
108.94,17,online,0,1902,2,6.69,0
52.1,15,withdrawal,0,118,1,16.6,0
18.06,19,purchase,1,440,5,6.96,0
27.01,14,withdrawal,0,366,2,18.5,0
5.29,11,purchase,0,1614,3,4.15,0
37.8,14,withdrawal,0,2579,0,2.45,0
769.59,0,purchase,1,165,6,726.52,1
105.8,11,purchase,0,3353,2,1.96,0
197.89,18,withdrawal,0,1907,2,42.13,0
93.14,6,transfer,0,112,3,33.84,0
103.89,8,purchase,0,3557,1,21.12,0
24.09,9,transfer,0,477,0,27.7,0
18.21,12,purchase,0,1447,4,5.57,0
137.62,8,withdrawal,0,1894,2,16.9,0
75.29,9,withdrawal,0,531,2,24.11,0
81.44,11,transfer,0,603,3,4.95,0
190.63,13,transfer,0,2549,2,1.42,0
229.68,22,online,1,3436,2,15.06,0
61.66,16,withdrawal,0,332,2,17.59,0
22.5,16,transfer,0,3608,0,4.42,0
172.4,10,purchase,0,1369,4,13.99,0
167.87,14,online,0,349,2,62.52,0
20.63,8,purchase,0,1706,1,13.92,0
138.48,15,purchase,0,1294,2,4.61,0
99.15,14,purchase,0,103,2,14.41,0
59.93,22,purchase,0,1768,1,24.76,0
27.67,11,purchase,0,3205,0,18.29,0
38.02,18,purchase,0,1943,1,18.97,0
98.8,19,withdrawal,0,2727,2,8.99,0
50.2,11,withdrawal,0,2801,1,3.52,0
39.08,12,withdrawal,0,2589,1,3.42,0
31.44,8,purchase,0,1187,5,7.63,0
30.39,21,purchase,0,1135,3,12.04,0
17.24,12,withdrawal,0,560,0,24.07,0
140.56,12,purchase,0,482,3,1.01,0
81.52,6,transfer,0,2181,2,4.72,0
168.67,10,purchase,0,3479,1,4.6,0
161.41,16,transfer,0,1004,2,5.78,0
23.42,11,transfer,0,2092,0,82.81,0
85.69,20,purchase,0,2162,2,17.41,0
124.23,21,transfer,0,1524,3,37.16,0
29.24,9,online,0,982,2,10.24,0
273.3,18,purchase,0,2468,1,9.49,0
13.21,16,purchase,0,1099,3,2.03,0
3.24,9,withdrawal,0,1384,1,12.69,0
114.05,19,withdrawal,0,3077,2,27.7,0
100.66,17,purchase,0,3520,1,1.75,0
15.31,12,withdrawal,0,527,7,8.44,0
9.67,14,purchase,0,3163,2,1.62,0
27.63,20,purchase,0,1471,0,8.18,0
90.88,20,online,0,3527,5,7.3,0
48.89,7,transfer,0,2155,1,7.41,0
106.46,16,withdrawal,0,1792,1,52.86,0
11.78,6,purchase,0,3553,3,4.15,0
9.2,12,purchase,1,2871,2,25.27,0
151.13,22,purchase,0,1094,1,15.04,0
27.38,12,transfer,0,1246,3,4.3,0
17.28,9,transfer,0,1419,1,36.26,0
80.12,9,online,0,3551,2,2.87,0
72.78,6,transfer,1,491,0,13.02,0
41.34,14,purchase,0,3348,5,16.59,0
141.7,16,purchase,0,1553,2,2.89,0
437.39,1,purchase,1,241,5,523.05,1
21.76,9,purchase,0,1675,0,26.8,0
42.67,10,purchase,0,2648,2,47.12,0
125.98,20,purchase,0,1147,3,10.43,0
74.02,15,transfer,0,3240,2,3.77,0
13.88,16,online,1,1236,1,7.71,0
68.69,21,transfer,0,1502,0,6.32,0
36.57,15,withdrawal,0,1573,4,7.81,0
25.56,8,purchase,0,190,1,28.08,0
24.62,22,transfer,0,3572,3,5.66,0
64.38,16,purchase,0,2010,2,0.98,0
27.61,17,purchase,0,1053,3,2.62,0
420.48,13,purchase,1,336,7,569.91,1
58.14,12,purchase,0,373,2,1.2,0
39.04,11,purchase,0,504,3,6.56,0
76.48,19,purchase,0,2283,2,10.01,0
166.96,18,purchase,0,2371,3,2.36,0
101.35,22,purchase,0,2230,4,8.99,0
66.44,22,purchase,0,1229,1,3.08,0
37.56,22,withdrawal,0,1434,2,11.27,0
58.34,12,withdrawal,0,3602,2,9.12,0
154.0,7,purchase,0,947,2,7.42,0
87.2,11,purchase,0,1825,2,22.76,0
11.07,9,purchase,0,116,0,41.99,0
71.51,11,purchase,0,1064,2,19.17,0
182.3,9,withdrawal,0,578,1,14.68,0
36.54,16,online,0,2736,1,4.14,0
144.32,20,purchase,0,425,1,31.17,0
57.84,21,purchase,0,1145,3,0.78,0
65.21,19,purchase,0,2235,0,22.12,0
194.77,22,purchase,0,1311,2,20.05,0
71.38,12,withdrawal,0,1558,4,1.89,0
274.68,15,purchase,0,581,2,2.42,0
45.59,16,purchase,0,714,3,6.08,0
72.81,14,purchase,0,3527,1,9.98,0
60.78,12,purchase,0,728,4,4.51,0
152.81,21,withdrawal,1,340,3,47.93,1
7.7,17,withdrawal,0,135,2,16.16,0
215.38,7,purchase,0,2350,0,32.06,0
69.35,15,transfer,0,2768,6,13.76,0
49.85,21,transfer,0,1616,1,12.46,0
93.41,15,withdrawal,0,891,1,12.91,0
14.39,8,withdrawal,0,2617,1,4.4,0
79.43,22,transfer,0,1940,4,44.75,0
95.25,12,purchase,0,3175,6,32.24,0
190.11,12,purchase,0,3406,2,3.26,0
19.27,19,purchase,0,1152,4,15.43,0
149.45,6,transfer,0,1496,3,12.59,0
24.28,22,withdrawal,0,1249,3,13.79,0
104.83,18,online,0,3024,2,25.83,0
32.4,19,transfer,0,2287,3,4.73,0
36.0,14,withdrawal,0,2197,2,8.61,0
73.25,18,transfer,0,702,5,3.99,0
47.81,12,purchase,0,938,0,9.01,0
57.27,10,online,0,3272,2,1.91,0
30.53,11,transfer,0,353,1,13.7,0
198.0,8,purchase,0,2838,5,22.93,0
301.95,22,transfer,0,1162,3,11.93,0
77.47,19,online,0,2430,0,22.8,0
81.21,22,purchase,0,1484,5,5.74,0
26.17,19,transfer,0,1799,2,5.94,0
115.5,11,purchase,0,1336,1,4.79,0
114.55,7,online,0,395,2,2.05,0
33.26,7,purchase,0,1791,4,3.57,0
12.47,13,purchase,0,907,3,1.24,0
67.24,15,purchase,0,1216,2,0.35,0
24.94,12,purchase,0,550,0,20.35,0
128.97,9,online,0,369,3,11.96,0
96.43,18,transfer,0,380,4,5.71,0
27.64,9,transfer,0,2557,1,12.4,0
75.45,19,purchase,0,407,1,0.87,0
98.49,22,withdrawal,0,647,3,3.57,0
64.94,6,purchase,0,774,2,2.13,0
170.29,22,withdrawal,0,3416,1,28.68,0
104.62,9,purchase,0,1470,6,12.56,0
58.71,18,withdrawal,0,3584,3,1.01,0
42.84,6,online,0,1943,3,15.55,0
22.0,20,purchase,0,1075,3,9.49,0
78.03,15,purchase,0,2258,1,21.33,0
26.2,9,purchase,0,142,0,18.62,0
63.23,12,purchase,0,620,2,27.1,0
59.6,15,transfer,0,1498,2,5.91,0
23.8,10,purchase,0,3565,1,5.57,0
4.99,20,withdrawal,1,2211,3,10.0,0
40.87,13,purchase,0,180,3,1.91,0
87.51,15,online,1,1463,1,8.97,0
160.88,13,online,0,627,3,10.57,0
28.07,20,online,0,3483,3,66.81,0
36.87,21,withdrawal,0,736,1,0.25,0
80.17,10,transfer,0,500,2,29.68,0
56.23,7,online,0,1405,1,3.66,0
22.59,14,withdrawal,0,793,2,4.95,0
255.38,19,purchase,0,408,1,44.31,0
4.19,19,purchase,0,126,2,30.39,0
142.47,18,online,0,3277,1,15.71,0
136.66,14,purchase,0,3123,1,0.53,0
153.56,13,purchase,0,1240,6,8.41,0
56.1,16,transfer,0,2154,2,10.06,0
55.2,14,transfer,0,2895,1,4.97,0
9.26,11,purchase,0,2162,0,16.72,0
68.23,10,purchase,0,1837,2,36.33,0
107.39,15,purchase,0,2812,3,0.12,0
345.48,17,purchase,0,1665,2,20.51,0
124.91,8,purchase,0,404,1,5.59,0
57.23,7,transfer,0,1760,1,14.22,0
70.11,17,transfer,1,1813,1,1.43,0
93.64,20,purchase,0,43,2,6.7,0
20.08,12,purchase,0,2395,0,29.02,0
35.0,10,transfer,0,1724,2,17.68,0
7.73,21,withdrawal,0,2697,4,18.9,0
99.0,12,purchase,0,2934,2,4.49,0
11.7,13,transfer,0,590,0,12.18,0
28.06,13,transfer,0,3085,0,0.58,0
78.09,7,transfer,0,3164,1,34.39,0
38.54,10,purchase,0,228,1,16.73,0
57.79,17,purchase,0,1397,2,7.25,0
53.02,17,purchase,0,1118,2,10.01,0
151.82,11,purchase,0,596,2,13.4,0
67.15,8,purchase,0,558,1,0.05,0
25.54,10,purchase,0,1548,1,24.59,0
42.6,14,purchase,0,993,2,71.61,0
82.36,21,online,0,385,6,0.8,0
74.29,19,withdrawal,0,1531,1,2.59,0
50.53,13,purchase,0,1106,3,2.32,0
129.29,20,purchase,0,558,3,5.17,0
99.6,15,online,0,1373,1,43.14,0
25.81,12,transfer,0,545,4,25.87,0
80.62,20,transfer,0,3311,2,17.14,0
41.57,9,purchase,0,3370,3,2.85,0
27.05,7,purchase,0,2957,0,10.27,0
147.83,18,transfer,0,1213,4,8.6,0
75.86,20,purchase,0,617,0,10.61,0
23.42,16,withdrawal,0,2509,1,1.06,0
64.75,16,purchase,0,1112,2,19.61,0
115.44,7,purchase,0,2490,1,0.15,0
69.68,19,purchase,0,813,4,24.21,0
48.1,20,transfer,0,3332,4,6.67,0
52.23,21,purchase,0,2326,2,11.39,0
112.82,22,purchase,0,2474,3,4.76,0
36.02,16,online,0,3350,5,0.46,0
129.8,15,purchase,0,2913,0,11.29,0
18.4,6,online,0,143,3,8.91,0
73.26,19,withdrawal,0,1599,2,13.88,0
91.97,16,transfer,0,2553,2,8.19,0
100.59,20,purchase,0,1430,2,12.24,0
35.12,8,purchase,0,3127,2,100.03,0
121.98,21,purchase,0,3190,2,9.42,0
65.6,9,transfer,0,914,4,2.38,0
37.44,16,purchase,0,3588,1,11.29,0
92.5,8,transfer,0,1052,1,8.32,0
41.74,16,purchase,0,961,2,5.2,0
77.39,8,purchase,1,2607,0,18.55,0
57.35,15,purchase,0,3459,3,1.88,0
83.86,6,purchase,0,2615,2,11.82,0
70.52,17,purchase,0,2021,1,12.96,0
59.26,12,withdrawal,0,1375,4,12.12,0
9.22,15,purchase,0,731,2,12.91,0
10.69,10,online,0,1795,2,3.53,0
67.45,15,online,0,2545,2,18.09,0
259.03,1,online,1,233,6,507.92,1
66.54,14,withdrawal,1,750,2,13.18,0
92.54,8,online,0,3511,2,13.73,0
118.25,21,purchase,0,3383,1,34.57,0
62.29,15,purchase,0,2736,3,19.09,0
37.8,9,withdrawal,0,2717,2,38.95,0
41.58,6,transfer,1,3219,3,22.41,0
40.05,11,withdrawal,0,2315,1,71.88,0
25.08,18,transfer,0,2412,1,21.13,0
144.54,13,withdrawal,0,1502,1,0.8,0
107.16,13,transfer,0,441,3,26.59,0
6.78,13,withdrawal,0,3534,2,19.15,0
119.46,14,purchase,0,1089,5,8.86,0
43.96,8,withdrawal,0,737,0,3.59,0
34.73,15,purchase,0,79,2,26.69,0
35.44,11,purchase,0,320,2,5.66,0
224.05,11,online,0,804,1,24.32,0
159.71,20,withdrawal,0,75,1,8.93,0
230.06,6,purchase,0,2155,2,7.95,0
12.12,10,purchase,0,710,1,24.21,0
122.99,8,purchase,1,1865,2,27.34,0
165.48,12,purchase,0,1161,1,33.98,0
696.07,1,online,1,114,6,839.01,1
68.08,11,purchase,0,2902,2,5.93,0
30.73,13,purchase,0,1256,3,2.02,0
138.25,16,withdrawal,0,937,3,1.08,0
21.23,9,online,0,628,3,1.0,0
29.8,11,online,0,3074,1,0.75,0
73.79,20,transfer,0,1695,1,7.54,0
72.04,8,online,0,922,2,7.31,0
502.18,14,purchase,0,1592,2,1.41,0
370.23,16,purchase,0,1511,2,6.12,0
165.7,8,purchase,0,212,4,8.28,0
82.02,12,withdrawal,0,1435,0,1.0,0
240.29,19,online,0,3507,3,9.96,0
113.66,13,online,0,2776,1,22.66,0
81.06,15,online,0,781,2,9.57,0
21.43,12,withdrawal,0,301,6,16.09,0
76.51,22,purchase,0,3219,2,6.72,0
30.26,14,purchase,0,268,1,2.66,0
23.85,8,withdrawal,0,87,1,0.61,0
37.73,18,online,0,1771,1,30.26,0
35.84,11,transfer,0,53,0,6.57,0
159.06,8,online,0,185,2,44.72,0
35.73,7,transfer,0,1522,3,2.54,0
111.34,11,withdrawal,0,166,1,17.72,0
32.65,10,purchase,0,1202,3,32.65,0
39.73,22,withdrawal,0,2513,2,16.41,0
134.92,7,purchase,0,3167,1,2.85,0
25.25,7,withdrawal,0,111,1,38.61,0
49.66,20,purchase,0,889,4,1.41,0
41.18,20,purchase,0,993,4,0.03,0
41.44,13,transfer,1,2201,2,1.58,0
133.53,10,purchase,0,1561,1,17.81,0
89.39,6,withdrawal,0,299,1,6.01,0
63.02,17,purchase,0,3384,4,16.17,0
80.84,17,withdrawal,1,2767,3,12.08,0
46.35,19,purchase,0,125,2,8.64,0
80.54,9,purchase,0,3609,2,21.56,0
115.52,7,online,0,1489,3,94.52,0
100.21,12,online,0,2451,2,23.35,0
93.33,17,withdrawal,1,2896,3,6.39,0
61.3,13,transfer,1,2159,1,8.34,0
33.34,10,purchase,0,296,3,8.25,0
79.91,12,withdrawal,0,3286,1,29.93,0
20.49,19,online,0,2587,1,48.16,0
127.19,6,purchase,0,2752,2,17.25,0
74.97,7,purchase,0,1707,1,13.35,0
97.96,16,transfer,0,2523,1,0.46,0
74.84,21,online,0,3618,5,3.72,0
70.52,13,withdrawal,0,3436,1,13.49,0
40.63,15,purchase,0,2599,1,5.69,0
193.07,21,withdrawal,0,771,1,3.92,0
54.11,12,purchase,0,1895,2,33.64,0
140.37,7,online,0,2044,1,4.12,0
70.24,15,purchase,0,892,4,1.21,0
115.57,8,purchase,0,1307,1,4.32,0
65.01,16,online,1,1830,5,2.68,0
60.53,14,online,0,2983,4,16.47,0
136.88,22,transfer,0,1991,1,7.57,0
63.05,15,online,1,3235,2,34.43,0
100.79,22,purchase,1,1457,5,49.66,0
50.23,18,withdrawal,0,1597,0,20.97,0
170.69,7,purchase,0,2685,1,1.53,0
17.16,22,purchase,0,1880,1,16.0,0
93.01,14,online,0,802,3,12.67,0
236.17,22,purchase,0,1690,4,5.74,0
54.59,10,purchase,0,1565,0,1.35,0
41.8,15,purchase,0,1998,2,20.76,0
84.51,14,purchase,0,2578,3,5.19,0
85.62,12,purchase,0,3191,2,0.32,0
33.85,8,purchase,0,3422,4,29.2,0
66.79,12,withdrawal,0,1971,2,0.13,0
207.08,19,transfer,0,3008,3,29.46,0
29.2,13,purchase,0,3453,3,9.84,0
90.83,7,withdrawal,0,2125,1,21.33,0
24.36,17,purchase,0,915,1,16.87,0
119.88,6,purchase,0,2603,3,0.66,0
34.58,19,withdrawal,0,3238,0,2.93,0
9.9,11,purchase,1,2828,4,46.69,0
63.9,18,purchase,0,950,2,1.15,0
213.78,18,withdrawal,0,445,0,2.64,0
124.27,17,online,0,465,4,21.89,0
107.86,21,withdrawal,0,666,2,33.01,0
38.24,7,transfer,0,1623,2,4.6,0
90.41,7,transfer,0,1034,1,13.58,0
87.99,9,transfer,0,1102,4,1.4,0
71.8,19,online,0,2806,4,3.88,0
97.73,19,online,0,1540,2,34.77,0
28.71,11,transfer,0,2413,5,14.65,0
19.28,11,purchase,0,273,1,6.78,0
74.06,11,purchase,0,2006,0,12.98,0
49.98,7,purchase,1,2465,0,11.68,0
59.73,14,online,0,286,3,9.92,0
47.92,13,withdrawal,0,785,1,1.4,0
53.78,8,purchase,0,2191,1,41.07,0
106.65,22,transfer,0,975,2,9.17,0
157.35,9,purchase,0,2119,1,0.08,0
30.06,6,purchase,0,3496,6,18.89,0
126.97,7,purchase,0,2418,2,8.46,0
1186.28,1,online,0,324,2,8.27,1
213.49,10,withdrawal,0,1096,0,20.47,0
92.98,22,purchase,0,3501,1,25.39,0
3.11,21,withdrawal,0,2958,1,18.11,0
64.4,22,purchase,0,843,2,15.45,0
37.24,18,purchase,0,624,2,4.46,0
45.79,9,purchase,0,41,1,51.08,0
62.47,8,withdrawal,0,624,2,3.67,0
26.06,15,purchase,0,1520,0,1.01,0
82.94,21,purchase,0,668,3,8.11,0
80.16,18,online,0,2679,1,0.58,0
59.0,16,transfer,0,2863,3,8.57,0
101.37,18,transfer,0,1990,5,26.26,0
121.06,22,online,0,2964,3,6.63,0
88.56,18,transfer,0,3627,2,6.32,0
81.72,14,withdrawal,0,927,2,4.48,0
94.31,11,withdrawal,0,1089,2,1.36,0
40.71,11,transfer,0,431,4,3.73,0
42.23,8,withdrawal,0,723,4,0.23,0
71.39,15,transfer,0,3486,2,0.32,0
23.2,19,online,0,3144,2,16.42,0
60.74,18,transfer,0,1157,1,12.81,0
122.63,21,withdrawal,0,91,2,11.67,0
167.05,15,purchase,0,1386,1,29.82,0
105.68,8,online,0,1216,4,9.68,0
17.96,8,purchase,0,971,2,0.46,0
43.75,20,purchase,0,2704,1,3.07,0
106.23,7,purchase,0,3254,3,3.99,0
50.29,21,purchase,0,208,3,14.23,0
173.91,11,purchase,0,215,1,11.22,0
64.56,14,online,0,393,3,13.73,0
86.01,14,withdrawal,0,285,2,2.61,0
88.48,19,purchase,0,1242,2,1.43,0
286.24,3,online,1,72,3,132.68,1
63.93,19,purchase,0,2360,4,9.7,0
19.07,6,purchase,0,899,3,12.76,0
98.61,20,online,0,2817,3,23.06,0
59.53,22,online,0,1536,2,3.2,0
146.47,21,transfer,0,3236,2,22.55,0
152.41,19,withdrawal,0,1501,3,23.52,0
152.78,19,transfer,0,2001,2,1.09,0
97.47,14,purchase,0,2467,3,8.91,0
80.41,6,transfer,1,3558,0,1.8,0
41.54,15,online,0,900,3,17.38,0
46.29,21,transfer,0,3350,5,0.01,0
445.55,19,purchase,0,33,5,345.14,1
18.03,15,withdrawal,0,797,2,6.69,0
159.75,14,withdrawal,0,671,2,4.58,0
35.41,18,purchase,0,834,2,39.81,0
107.64,22,online,0,2830,5,47.77,0
12.52,8,withdrawal,1,3231,4,10.5,0
215.58,11,purchase,0,2107,3,11.88,0
22.54,16,purchase,0,3134,1,11.55,0
11.66,6,purchase,0,3203,4,7.03,0
61.09,12,withdrawal,1,204,3,2.61,0
550.68,4,online,1,89,6,406.92,1
110.91,9,purchase,0,3075,1,31.25,0
51.36,16,purchase,0,2645,0,1.04,0
35.53,9,purchase,0,2405,2,36.06,0
26.68,22,withdrawal,0,2879,0,15.13,0
48.05,14,purchase,0,2692,2,63.32,0
34.99,9,withdrawal,0,2336,2,18.43,0
133.7,18,purchase,0,447,3,4.07,0
27.76,14,purchase,0,2815,5,7.79,0
150.04,11,purchase,0,3185,3,12.63,0
70.22,12,purchase,0,3546,2,10.73,0
31.0,6,online,0,2655,1,21.47,0
1487.22,22,online,1,160,5,238.5,1
129.18,11,withdrawal,0,1948,1,39.9,0
53.28,10,purchase,0,3603,1,12.2,0
122.65,9,purchase,0,3587,4,3.49,0
30.33,8,purchase,0,3189,2,0.17,0
42.73,13,withdrawal,0,3275,1,1.1,0
71.51,14,transfer,0,44,1,18.67,0
19.4,14,purchase,0,3620,4,12.75,0
175.35,17,withdrawal,0,2964,3,43.65,0
78.62,8,purchase,0,853,0,3.19,0
74.34,15,withdrawal,0,2722,3,55.46,0
43.1,6,purchase,0,2623,0,6.7,0
62.75,19,withdrawal,0,2187,1,2.56,0
118.89,12,withdrawal,0,2269,1,2.51,0
86.52,22,purchase,0,2900,2,28.22,0
183.63,12,purchase,0,3184,3,23.0,0
18.05,17,transfer,0,3633,5,0.73,0
42.18,20,withdrawal,0,1670,2,3.07,0
28.65,18,withdrawal,1,102,0,7.2,0
167.54,16,transfer,0,665,1,1.78,0
23.13,8,purchase,0,253,0,16.27,0
56.32,18,online,0,299,2,26.22,0
54.42,10,purchase,0,881,3,11.16,0
62.43,18,purchase,0,1644,1,21.12,0
30.96,16,purchase,0,2182,4,11.55,0
64.19,16,transfer,0,3350,3,12.66,0
183.51,12,purchase,0,2803,2,5.59,0
10.64,13,purchase,0,622,1,17.46,0
336.01,18,purchase,0,2175,2,1.31,0
81.83,20,withdrawal,1,903,2,15.18,0
214.85,8,online,0,560,2,14.35,0
52.71,6,purchase,0,1249,3,11.92,0
56.97,11,purchase,0,1629,2,1.13,0
52.24,18,purchase,0,2250,1,51.68,0
151.61,17,online,0,2902,1,5.45,0
56.15,20,purchase,0,1835,2,2.86,0
99.56,7,purchase,0,140,2,2.95,0
138.13,14,purchase,0,831,0,8.13,0
58.05,6,purchase,0,959,2,4.66,0
61.41,20,purchase,0,3345,3,4.93,0
47.5,16,withdrawal,0,1390,5,14.89,0
6.77,6,purchase,0,3446,1,2.77,0
101.1,19,online,0,1102,6,27.97,0
65.37,9,withdrawal,0,3483,1,48.94,0
59.73,11,purchase,0,553,1,18.34,0
122.22,6,purchase,0,1031,4,0.83,0
5.15,18,purchase,1,703,0,13.81,0
168.34,18,withdrawal,0,194,2,6.43,0
94.61,13,purchase,0,1091,0,9.13,0
45.64,12,purchase,0,2970,2,4.66,0
53.59,9,purchase,0,276,0,0.71,0
113.12,22,purchase,0,2014,5,11.47,0
7.78,13,transfer,0,1810,1,4.71,0
4.7,17,purchase,0,706,3,18.17,0
64.01,8,purchase,0,1406,2,14.3,0
35.08,12,withdrawal,0,1034,0,17.04,0
140.97,6,online,0,164,2,4.47,0
17.95,11,withdrawal,1,1916,4,24.44,0
38.55,6,withdrawal,0,1249,0,44.6,0
56.93,12,transfer,0,449,2,22.83,0
193.64,13,purchase,0,2675,3,3.35,0
50.09,8,purchase,1,220,1,3.86,0
10.62,22,transfer,0,2354,1,24.66,0
277.13,13,online,1,350,5,484.61,1
53.25,10,online,0,1780,0,0.73,0
97.77,18,withdrawal,0,3154,4,12.12,0
84.63,21,withdrawal,0,512,3,28.1,0
68.6,12,online,0,1519,4,5.08,0
54.86,22,purchase,0,947,3,10.46,0
185.66,9,transfer,0,225,1,10.53,0
58.96,18,purchase,0,2413,3,14.64,0
41.67,21,online,0,2617,4,5.25,0
37.15,8,purchase,0,3115,2,4.73,0
123.66,18,transfer,0,2618,4,26.92,0
105.92,20,purchase,0,1833,0,2.59,0
184.31,13,purchase,0,1216,0,8.43,0
595.39,2,online,1,86,6,323.29,1
74.6,11,transfer,0,123,3,11.69,0
12.58,8,purchase,0,1706,2,15.58,0
17.55,22,purchase,0,2094,2,4.0,0
122.45,18,purchase,0,1628,1,20.97,0
61.18,19,purchase,0,1207,1,13.3,0
56.16,21,purchase,0,1139,2,4.97,0
52.26,12,withdrawal,0,1154,1,10.64,0
176.76,12,transfer,1,3530,1,8.47,0
36.19,14,purchase,0,106,2,6.76,0
139.96,16,withdrawal,0,1210,1,2.72,0
108.73,12,transfer,0,3025,3,10.41,0
266.36,15,online,0,316,4,10.06,0
143.98,2,purchase,1,188,4,148.39,1
128.16,14,withdrawal,0,1663,2,4.97,0
24.16,12,transfer,0,2769,4,31.56,0
93.34,17,purchase,0,1757,1,33.47,0
23.62,13,withdrawal,0,3480,2,5.81,0
65.05,9,transfer,0,2519,3,65.41,0
128.4,14,purchase,0,1005,1,1.54,0
194.57,18,withdrawal,0,632,3,26.91,0
65.81,10,purchase,0,3253,3,14.88,0
5.55,12,withdrawal,0,2928,0,1.47,0
825.7,14,online,1,139,8,215.02,1
79.16,20,purchase,0,2113,2,42.77,0
323.56,9,purchase,0,1325,3,4.36,0
112.51,17,transfer,0,2852,4,3.46,0
72.12,14,purchase,0,543,4,14.52,0
49.5,12,transfer,0,3414,4,5.52,0
31.36,18,withdrawal,0,3206,1,17.14,0
91.41,18,withdrawal,0,866,1,18.54,0
99.25,21,online,0,1891,0,9.78,0
22.09,22,online,0,2837,3,23.29,0
84.24,12,purchase,0,1623,2,3.72,0
55.86,8,purchase,0,3490,3,13.5,0
100.73,11,purchase,0,3079,2,9.62,0
89.21,11,purchase,0,936,2,3.95,0
213.0,11,purchase,0,1944,3,4.07,0
2026.58,10,online,1,135,3,73.71,1
70.81,16,purchase,0,1806,1,34.71,0
153.36,14,withdrawal,0,98,0,1.0,0
23.04,7,online,0,3473,3,10.31,0
55.91,6,withdrawal,0,2627,4,8.41,0
123.18,21,purchase,0,2683,0,9.45,0
46.64,7,purchase,0,3364,1,1.87,0
102.49,7,transfer,0,840,1,28.69,0
84.73,10,purchase,0,2875,0,0.37,0
28.68,12,online,0,2383,0,20.57,0
128.7,17,withdrawal,0,2294,3,36.1,0
23.49,13,withdrawal,0,753,1,2.6,0
63.47,22,withdrawal,0,2053,2,7.32,0
82.8,22,online,0,40,3,21.87,0
12.91,12,withdrawal,0,326,5,21.62,0
34.91,7,purchase,0,1817,2,7.05,0
36.0,18,purchase,0,2411,4,7.88,0
74.44,13,purchase,0,1081,1,2.34,0
24.02,22,online,0,1242,2,1.92,0
192.73,10,purchase,0,3162,1,9.22,0
52.07,21,purchase,0,3134,0,2.14,0
35.52,11,purchase,1,103,0,11.33,0
34.47,17,purchase,0,2296,3,1.82,0
57.8,19,purchase,0,2359,1,1.24,0
91.18,11,purchase,0,1755,4,4.88,0
4.08,15,online,0,94,1,44.73,0
24.45,16,withdrawal,0,1960,3,25.74,0
124.26,12,purchase,0,3013,2,8.71,0
65.63,7,online,0,3063,0,15.11,0
59.55,10,withdrawal,0,2310,2,36.4,0
164.23,20,transfer,0,2801,5,19.58,0
577.59,0,withdrawal,1,21,1,42.99,1
96.94,14,purchase,0,3229,4,13.61,0
132.43,12,purchase,0,1079,2,1.57,0
46.33,14,purchase,0,3181,1,50.01,0
81.96,17,transfer,0,3026,2,5.16,0
175.01,10,purchase,0,2374,0,12.53,0
19.16,14,transfer,0,1612,2,16.85,0
34.18,19,purchase,0,926,0,30.07,0
39.34,17,purchase,0,1309,3,5.68,0
17.71,7,transfer,0,1190,1,1.79,0
182.7,11,withdrawal,0,1024,3,32.09,0
58.84,18,transfer,0,877,0,13.04,0
16.09,11,purchase,0,2121,2,21.84,0
35.26,17,purchase,0,1542,0,23.16,0
130.36,14,online,0,2057,1,2.85,0
221.4,17,transfer,1,513,2,31.55,0
135.89,8,online,0,2757,2,11.95,0
50.57,10,purchase,0,3618,1,10.74,0
40.05,19,withdrawal,0,3094,2,1.4,0
139.47,20,purchase,0,1005,1,7.95,0
130.05,15,purchase,0,739,2,25.58,0
104.87,10,online,0,367,1,9.2,0
46.15,11,transfer,0,1621,2,12.99,0
51.02,16,purchase,0,1454,2,10.67,0
60.92,6,withdrawal,0,2123,2,11.67,0
112.56,10,withdrawal,0,370,0,17.97,0
28.03,14,transfer,0,957,3,6.05,0
51.27,15,purchase,0,316,4,39.18,0
138.23,15,purchase,0,458,1,12.8,0
60.03,12,purchase,0,2997,1,11.68,0
44.84,13,purchase,0,2276,1,4.95,0
649.37,17,purchase,0,229,5,234.93,1
54.71,7,purchase,0,1356,0,15.85,0
99.1,22,withdrawal,0,1839,0,39.38,0
105.51,14,purchase,0,2264,3,4.07,0
70.57,6,purchase,0,2806,4,12.0,0
198.36,7,transfer,0,1790,3,10.85,0
34.0,12,purchase,0,1286,1,0.77,0
96.16,7,purchase,0,3572,0,9.42,0
646.37,13,online,1,260,8,531.19,1
38.48,16,online,0,2051,3,2.63,0
58.69,9,purchase,0,2056,1,15.76,0
58.88,7,withdrawal,1,1125,1,15.79,0
1338.26,7,online,1,179,3,401.84,1
78.81,22,withdrawal,0,2086,1,18.25,0
70.53,20,purchase,0,2740,1,15.88,0
157.09,22,purchase,0,175,4,3.97,0
78.62,18,purchase,0,328,1,0.66,0
124.3,16,transfer,0,3138,1,15.83,0
305.72,15,online,0,2506,1,7.16,0
57.6,6,withdrawal,0,3123,4,21.76,0
322.73,9,purchase,0,56,1,2.9,0
50.85,14,transfer,0,903,1,19.15,0
90.87,19,purchase,0,1166,1,40.2,0
207.85,6,online,0,1428,1,24.58,0
4.36,18,transfer,0,2475,0,3.65,0
82.0,19,purchase,0,1547,1,9.24,0
8.92,18,purchase,0,510,2,27.57,0
38.01,21,transfer,0,962,2,6.84,0
162.98,22,purchase,0,315,6,26.15,0
83.24,22,purchase,0,502,3,9.12,0
55.6,8,purchase,0,131,1,7.08,0
173.38,20,purchase,0,3154,0,12.65,0
38.72,18,withdrawal,0,3387,2,6.23,0
133.95,13,transfer,0,956,4,9.13,0
70.92,16,withdrawal,0,1891,2,4.1,0
7.16,22,withdrawal,0,2799,0,7.76,0
59.84,14,transfer,0,2416,2,3.62,0
55.26,6,withdrawal,0,1479,3,18.53,0
138.2,22,purchase,0,901,2,61.89,0
36.79,14,online,0,901,3,21.05,0
25.69,7,purchase,0,470,5,26.58,0
94.63,10,purchase,0,2531,3,15.62,0
52.75,18,purchase,0,1903,3,6.9,0
497.62,12,withdrawal,0,244,9,49.32,1
51.81,7,purchase,0,213,4,5.16,0
93.1,10,purchase,0,362,1,5.09,0
72.44,12,purchase,0,147,1,36.48,0
123.62,8,online,0,972,2,4.11,0
35.18,19,withdrawal,0,2388,0,15.87,0
76.51,15,online,0,1069,1,14.52,0
17.9,18,purchase,0,3621,1,63.27,0
29.46,22,transfer,0,2167,1,3.99,0
101.72,12,purchase,0,2888,2,1.54,0
7.82,21,purchase,0,2751,3,12.84,0
71.64,22,transfer,0,736,1,12.73,0
117.38,13,withdrawal,0,1470,1,4.34,0
139.16,9,purchase,0,619,4,23.27,0
164.48,11,purchase,0,1844,2,8.67,0
1136.46,17,online,0,322,8,469.88,1
145.53,8,purchase,0,1698,1,19.91,0
126.7,16,withdrawal,0,3498,1,16.79,0
29.88,15,purchase,0,1935,1,24.15,0
9.06,13,withdrawal,0,2993,2,2.67,0
135.15,19,transfer,0,2356,2,50.41,0
17.48,13,purchase,0,2701,2,12.85,0
31.61,22,purchase,0,618,0,5.48,0
174.49,9,online,0,2305,2,7.83,0
1531.45,10,online,0,38,7,708.0,1
341.0,6,transfer,0,1225,3,14.69,0
18.86,16,purchase,0,935,1,26.75,0
104.69,10,withdrawal,0,3498,2,16.55,0
128.94,7,purchase,1,686,1,8.12,0
56.22,22,online,0,2699,1,0.63,0
126.03,20,withdrawal,0,1108,3,28.82,0
93.96,11,purchase,0,2958,1,9.07,0
33.32,12,purchase,0,2742,2,22.95,0
21.56,16,purchase,0,357,1,23.57,0
40.03,7,withdrawal,0,2088,2,0.79,0
116.17,11,purchase,0,822,3,25.1,0
43.36,15,purchase,0,1597,2,2.47,0
70.41,9,withdrawal,0,1065,4,11.78,0
59.0,13,online,0,3031,2,16.45,0
80.99,21,transfer,0,471,3,47.88,0
66.12,9,purchase,0,2208,1,31.06,0
49.69,6,online,0,1940,3,1.49,0
141.99,7,purchase,0,2045,1,21.28,0
106.74,7,purchase,0,163,3,11.13,0
41.25,11,purchase,0,1385,3,6.13,0
84.32,13,purchase,0,1261,2,13.45,0
24.43,20,purchase,0,1697,2,7.01,0
99.16,16,online,0,3049,2,0.29,0
42.39,17,purchase,0,906,5,11.29,0
47.88,14,purchase,0,1287,2,40.42,0
81.87,8,purchase,0,2362,1,4.14,0
42.6,21,withdrawal,0,1515,1,10.18,0
79.13,14,transfer,0,1035,4,6.04,0
63.3,7,online,0,2460,3,14.93,0
113.04,6,withdrawal,1,2317,2,7.66,0
148.66,8,transfer,0,2722,3,2.28,0
106.13,13,purchase,0,1639,0,9.2,0
183.84,19,withdrawal,0,270,1,26.24,0
81.68,19,transfer,1,2927,3,1.94,0
18.38,17,withdrawal,0,171,3,1.56,0
122.34,20,purchase,0,3320,4,41.83,0
11.89,14,purchase,0,2702,3,7.73,0
110.21,15,purchase,0,2915,3,9.31,0
48.06,7,purchase,0,2383,0,21.3,0
57.38,22,purchase,0,693,4,0.31,0
72.84,6,online,0,1824,4,2.36,0
157.22,8,purchase,0,3096,1,29.19,0
58.47,21,purchase,0,1521,3,11.93,0
95.72,20,withdrawal,0,1236,2,24.04,0
30.88,13,purchase,0,881,1,0.14,0
109.34,18,online,0,3002,2,2.47,0
137.97,15,online,0,1856,1,0.66,0
1326.12,4,transfer,0,237,6,93.91,1
86.05,6,withdrawal,0,843,1,18.17,0
52.91,11,online,0,279,1,36.57,0
76.39,22,transfer,0,1922,2,0.08,0
65.65,22,purchase,0,3328,2,11.61,0
43.61,19,purchase,0,2847,2,39.98,0
86.22,14,withdrawal,0,182,3,4.83,0
19.69,14,purchase,0,731,1,24.61,0
79.95,19,purchase,0,2554,2,30.1,0
62.92,12,transfer,0,829,6,1.33,0
146.3,17,purchase,0,3208,3,14.25,0
28.46,9,withdrawal,0,1409,3,5.64,0
85.5,20,withdrawal,0,2324,2,2.14,0
46.14,18,online,0,637,0,22.43,0
45.8,18,online,0,1288,1,57.05,0
13.8,20,purchase,0,1685,3,3.39,0
57.68,6,withdrawal,0,2855,2,10.21,0
157.43,7,transfer,0,644,0,19.39,0
55.24,17,withdrawal,0,3417,3,0.85,0
71.69,17,withdrawal,0,1245,1,1.59,0
90.74,16,purchase,0,205,3,31.62,0
74.04,20,withdrawal,0,2092,2,36.2,0
36.01,15,purchase,0,2028,3,4.15,0
37.26,14,withdrawal,0,636,2,27.49,0
187.37,14,purchase,0,1326,1,0.96,0
118.13,11,online,0,782,1,13.3,0
170.02,22,purchase,0,3603,2,32.54,0
42.77,6,online,0,1781,2,9.28,0
69.38,7,purchase,1,1669,4,1.08,0
75.58,15,withdrawal,0,2401,3,15.56,0
127.03,17,withdrawal,0,2466,1,33.11,0
169.81,12,purchase,0,2996,2,1.67,0
16.34,11,online,0,2529,1,9.3,0
73.69,16,transfer,0,490,0,0.59,0
65.41,6,online,0,3013,1,1.94,0
138.83,13,purchase,0,3275,2,29.2,0
18.31,20,purchase,0,2388,0,0.19,0
10.7,12,online,0,1860,4,12.96,0
34.01,12,transfer,0,3247,3,28.88,0
80.71,11,online,0,3253,3,4.96,0
45.06,10,transfer,0,962,1,11.45,0
2.79,19,transfer,0,1208,4,4.43,0
98.53,12,purchase,0,2519,4,19.36,0
631.75,1,purchase,0,111,5,180.81,1
45.87,21,purchase,0,3384,1,56.68,0
756.95,13,transfer,1,129,4,140.99,1
115.52,12,purchase,0,2296,3,20.07,0
68.01,12,withdrawal,1,1803,1,31.47,0
37.13,10,transfer,0,2707,4,6.25,0
55.25,8,purchase,0,2904,0,6.99,0
251.76,17,purchase,0,941,0,0.59,0
29.81,7,withdrawal,0,906,5,9.66,0
49.9,6,purchase,1,966,5,28.91,0
174.3,19,purchase,0,1420,3,4.67,0
83.38,10,purchase,0,2150,1,24.31,0
6.76,8,withdrawal,0,1545,2,4.6,0
12.31,16,online,0,2226,1,2.4,0
184.37,10,purchase,0,2554,2,8.65,0
140.62,7,online,0,1041,3,3.56,0
194.73,15,purchase,0,3113,2,3.84,0
153.57,22,purchase,0,81,6,11.63,0
77.07,9,purchase,0,604,3,2.98,0
38.5,6,purchase,0,701,4,30.6,0
51.46,20,purchase,0,326,0,44.46,0
25.22,21,transfer,0,893,2,13.45,0
22.25,7,purchase,0,2202,2,10.17,0
222.15,15,purchase,0,658,0,3.73,0
89.77,16,purchase,0,680,3,13.99,0
65.41,11,purchase,0,2091,1,1.74,0
104.65,18,purchase,0,975,2,16.41,0
230.87,10,withdrawal,0,1340,2,4.82,0
92.69,22,withdrawal,0,3575,3,2.53,0
90.95,6,withdrawal,0,3309,3,34.39,0
37.77,18,purchase,0,1068,0,0.66,0
129.27,16,purchase,0,1769,1,5.27,0
74.22,11,online,0,1403,3,4.89,0
9.19,13,purchase,0,756,2,11.62,0
174.77,19,withdrawal,0,1028,1,13.34,0
119.79,18,online,0,2184,1,2.56,0
112.95,11,transfer,0,1609,1,9.02,0
176.78,8,online,0,2247,2,41.13,0
208.91,6,purchase,0,2676,3,8.8,0
96.34,8,purchase,0,1594,1,11.49,0
92.85,19,withdrawal,0,3477,0,9.99,0
42.61,10,purchase,0,3570,3,11.6,0
145.08,15,purchase,0,2183,2,23.85,0
21.31,18,transfer,0,3272,5,0.99,0
62.19,20,purchase,0,404,5,5.89,0
122.55,10,withdrawal,0,2771,4,3.67,0
115.79,8,purchase,0,3181,1,1.33,0
30.0,12,purchase,0,654,1,5.79,0
326.78,12,withdrawal,0,2701,5,26.86,0
82.57,21,purchase,0,3307,1,3.75,0
41.04,15,purchase,1,3507,1,20.14,0
166.03,9,purchase,0,3638,4,6.1,0
114.83,18,withdrawal,0,237,2,0.45,0
15.54,16,purchase,0,2598,3,5.26,0
123.23,19,withdrawal,0,2257,1,1.9,0
73.59,21,transfer,0,955,2,27.7,0
38.81,12,purchase,0,947,4,7.6,0
417.37,17,online,0,113,2,936.57,1
54.68,20,online,0,386,0,2.38,0
129.56,11,withdrawal,0,1230,5,17.28,0
70.46,16,withdrawal,0,1768,3,28.41,0
47.26,17,purchase,0,1376,4,2.97,0
68.24,13,purchase,0,2820,3,5.1,0
145.2,11,withdrawal,0,790,1,7.93,0
96.7,18,online,0,2252,1,8.23,0
28.18,16,purchase,0,2906,1,35.79,0
39.21,20,online,0,1949,1,35.85,0
23.03,15,purchase,0,1825,0,3.72,0
21.97,8,purchase,0,3546,1,2.52,0
10.54,13,purchase,0,2373,1,52.31,0
315.55,0,purchase,1,254,8,33.0,1
139.41,5,online,0,222,7,405.57,1
239.51,13,transfer,0,2123,1,49.32,0
69.52,16,withdrawal,0,1116,2,12.44,0
33.79,12,transfer,0,3174,3,3.55,0
23.09,14,transfer,0,852,4,2.86,0
31.21,6,withdrawal,0,352,3,24.15,0
24.69,13,withdrawal,0,1038,2,4.98,0
44.33,8,online,0,1049,2,2.84,0
68.37,12,transfer,0,2093,3,3.99,0
55.71,14,purchase,0,2979,5,6.19,0
189.82,18,online,0,1666,3,10.75,0
41.77,19,purchase,0,824,1,21.5,0
122.62,8,purchase,0,2092,1,16.21,0
10.22,22,purchase,0,1999,2,16.67,0
19.81,15,purchase,0,1850,5,22.98,0
39.33,10,withdrawal,0,1108,0,7.47,0
131.66,12,transfer,0,1475,1,11.54,0
121.91,22,purchase,0,2402,3,7.18,0
95.44,17,transfer,0,2583,3,22.53,0
26.36,11,online,0,1918,0,6.1,0
142.11,18,withdrawal,0,859,1,0.26,0
78.78,15,online,0,3299,1,32.42,0
85.36,20,purchase,0,1464,1,6.73,0
87.68,17,purchase,0,1923,0,5.13,0
53.92,10,online,0,3264,2,20.41,0
107.18,14,online,0,2308,0,1.15,0
56.24,7,withdrawal,0,2585,3,0.12,0
218.56,9,online,0,1797,2,3.46,0
123.89,19,purchase,0,1321,1,79.03,0
112.8,20,withdrawal,0,1392,3,28.42,0
102.97,17,transfer,0,307,1,0.41,0
12.86,7,transfer,0,2236,1,1.97,0
12.05,10,purchase,0,328,0,30.88,0
126.78,6,online,0,1843,2,17.07,0
138.11,16,online,0,1977,1,44.14,0
28.8,20,purchase,0,2007,1,15.45,0
92.89,14,withdrawal,0,1588,1,1.11,0
58.48,10,withdrawal,0,3602,1,5.04,0
88.32,9,purchase,0,2499,1,16.66,0
62.9,15,purchase,0,3338,2,7.1,0
55.42,13,online,0,1596,3,9.41,0
149.79,11,purchase,0,3053,3,4.05,0
336.01,11,purchase,0,586,4,4.53,0
60.5,16,online,1,426,0,12.34,0
32.52,21,online,0,1010,5,1.86,0
5.44,10,transfer,0,292,4,34.0,0
108.55,17,purchase,0,1377,3,13.75,0
177.5,12,transfer,0,1841,2,15.51,0
96.24,17,purchase,0,132,3,0.24,0
53.74,16,purchase,0,809,1,3.6,0
52.64,9,online,0,2121,1,3.79,0
99.1,19,withdrawal,0,249,1,7.51,0
78.56,6,purchase,0,2533,0,3.31,0
159.21,16,transfer,0,542,0,10.53,0
67.91,9,transfer,0,1428,2,9.97,0
88.86,20,purchase,0,813,1,9.27,0
91.35,18,withdrawal,0,2561,3,19.68,0
246.46,8,purchase,0,148,2,16.14,0
108.25,17,withdrawal,0,2334,0,5.11,0
70.14,8,online,0,1942,1,11.41,0
88.88,15,purchase,0,1483,2,4.38,0
54.41,15,purchase,0,590,2,15.43,0
103.81,13,purchase,0,787,1,4.49,0
25.6,14,transfer,0,1755,2,4.92,0
144.01,19,purchase,0,2780,1,16.27,0
165.93,14,purchase,0,1708,5,13.04,0
191.39,20,online,0,46,0,3.74,0
25.41,6,withdrawal,0,2221,2,3.95,0
55.64,8,transfer,0,2007,1,4.15,0
36.21,19,transfer,0,3236,1,58.04,0
76.38,19,purchase,0,63,2,23.33,0
100.56,13,online,0,89,2,6.13,0
138.97,17,purchase,0,2563,1,16.57,0
79.93,7,withdrawal,0,2740,2,6.78,0
47.24,12,withdrawal,0,38,2,14.2,0
4.11,9,purchase,0,37,5,11.22,0
15.28,21,purchase,0,1945,2,20.75,0
85.36,11,purchase,0,318,2,32.94,0
140.89,16,online,0,1252,0,35.67,0
9.21,13,online,0,2561,2,56.38,0
62.19,12,withdrawal,0,173,2,98.67,0
41.68,7,withdrawal,0,2836,4,15.2,0
102.86,9,online,0,1803,5,23.86,0
154.78,14,transfer,1,2895,3,7.13,0
225.37,12,withdrawal,0,728,2,7.97,0
42.07,16,transfer,1,2786,2,60.84,0
93.48,14,withdrawal,0,531,2,64.6,0
116.06,13,online,0,2380,2,1.88,0
97.8,22,purchase,0,3628,0,6.74,0
68.83,6,purchase,0,294,2,2.9,0
85.91,22,online,0,2706,1,13.29,0
10.64,18,withdrawal,0,2314,4,14.66,0
158.99,11,purchase,0,415,1,3.81,0
27.59,10,withdrawal,0,2391,2,11.03,0
59.2,9,purchase,0,1476,1,24.18,0
26.86,21,withdrawal,0,826,6,13.37,0
207.09,16,purchase,0,1957,2,2.34,0
117.21,8,purchase,0,2540,2,12.0,0
91.76,17,purchase,0,1503,3,10.45,0
94.62,16,purchase,0,1417,1,10.48,0
17.41,14,transfer,0,460,0,1.58,0
335.62,8,purchase,0,1444,1,27.53,0
107.28,6,purchase,0,753,1,76.74,0
18.73,7,purchase,0,1631,1,9.02,0
170.73,9,online,0,621,2,17.53,0
67.18,15,withdrawal,0,570,2,4.38,0
79.89,11,purchase,0,1647,1,4.58,0
97.88,22,purchase,0,144,2,14.0,0
470.22,23,online,0,286,4,686.1,1
18.1,17,withdrawal,0,1592,1,1.52,0
61.48,7,transfer,0,2788,1,10.19,0
207.38,8,purchase,0,2553,1,0.87,0
106.36,8,purchase,0,433,3,2.58,0
255.24,8,purchase,0,1424,3,21.38,0
234.16,13,purchase,0,3598,3,35.32,0
165.27,12,purchase,0,3626,3,23.94,0
13.92,19,purchase,0,1228,2,31.11,0
20.04,10,purchase,1,3218,1,11.92,0
80.73,10,purchase,0,2155,3,12.6,0
65.95,9,purchase,0,102,1,14.77,0
69.27,11,transfer,0,1841,4,28.04,0
66.12,13,transfer,0,2352,1,10.69,0
138.52,20,online,0,949,1,49.25,0
85.6,22,transfer,0,3352,2,19.94,0
9.47,7,online,0,904,5,6.29,0
65.59,10,purchase,0,3637,3,5.61,0
55.18,18,purchase,0,3468,2,33.26,0
95.2,17,transfer,0,2375,3,2.45,0
1470.7,13,online,1,188,11,10.61,1
58.27,13,purchase,0,1702,1,17.01,0
129.05,17,purchase,1,3168,1,19.71,0
30.21,18,purchase,0,1689,4,5.1,0
15.37,18,withdrawal,0,825,1,31.62,0
106.95,18,online,0,2725,2,0.34,0
59.46,18,purchase,0,2246,4,1.17,0
90.48,14,transfer,1,3593,2,16.57,0
40.11,12,purchase,0,3600,1,15.71,0
101.78,6,online,0,1129,3,7.64,0
54.46,7,purchase,0,2661,2,10.43,0
114.85,21,purchase,0,3583,2,18.52,0
84.7,17,purchase,0,2071,3,5.98,0
38.02,16,withdrawal,0,2939,1,66.99,0
133.77,8,purchase,0,234,1,6.49,0
6.87,20,purchase,0,575,3,41.03,0
137.47,20,purchase,0,2444,2,17.33,0
117.79,8,online,0,1764,3,1.61,0
79.41,18,online,1,999,3,1.23,0
28.79,13,withdrawal,0,259,2,13.91,0
55.72,21,transfer,0,3075,1,19.3,0
118.59,15,online,0,2497,3,16.98,0
120.51,8,purchase,0,2690,2,5.44,0
96.86,9,purchase,0,2183,1,15.95,0
132.85,14,online,0,2757,3,17.77,0
81.58,12,withdrawal,0,3621,3,0.08,0
97.95,17,purchase,0,3286,0,2.76,0
69.51,21,purchase,0,342,0,44.03,0
30.01,14,withdrawal,0,1842,3,6.0,0
41.05,7,purchase,0,2094,4,23.11,0
67.69,10,purchase,0,3515,0,27.23,0
56.99,19,purchase,0,3126,1,2.81,0
172.78,12,purchase,0,1979,2,8.31,0
122.16,22,purchase,0,3153,1,1.78,0
136.85,6,purchase,0,2285,0,26.84,0
119.3,18,purchase,0,2515,1,11.27,0
34.26,11,purchase,0,1668,2,3.85,0
38.8,22,online,0,2089,4,2.02,0
89.42,7,transfer,0,1525,2,14.52,0
129.72,16,online,0,2383,4,19.52,0
97.54,16,purchase,0,228,1,6.64,0
48.58,10,transfer,0,1832,1,2.0,0
34.99,8,purchase,0,2111,1,9.74,0
44.08,22,online,0,3550,1,14.66,0
174.85,21,transfer,0,662,2,59.98,0
53.37,11,purchase,0,2316,2,47.76,0
57.42,15,online,0,1195,2,5.42,0
109.21,15,purchase,0,327,2,1.39,0
22.63,15,purchase,0,3499,2,22.14,0
47.58,10,purchase,0,3463,1,30.78,0
125.87,16,purchase,1,1124,1,4.15,0
137.3,10,withdrawal,0,3312,1,17.89,0
101.45,8,transfer,1,2180,0,13.59,0
131.54,7,withdrawal,0,3041,5,14.27,0
46.84,7,transfer,0,1804,3,10.27,0
61.52,20,withdrawal,0,352,2,7.83,0
59.83,10,withdrawal,0,3094,1,1.25,0
66.52,11,online,0,2099,2,52.99,0
25.94,20,purchase,0,730,3,15.24,0
106.12,17,withdrawal,0,611,5,4.92,0
47.77,8,purchase,0,2645,5,4.06,0
61.18,22,purchase,0,1681,2,41.21,0
61.74,9,transfer,0,2362,2,22.49,0
56.73,19,purchase,0,3092,2,5.38,0
129.01,16,purchase,1,183,2,0.49,0
150.96,9,withdrawal,0,109,3,29.64,0
232.57,21,transfer,0,3478,5,3.22,0
102.3,18,withdrawal,0,779,2,44.07,0
21.68,12,transfer,0,1416,0,8.08,0
159.73,17,withdrawal,1,1453,4,10.74,0
81.2,7,purchase,0,3244,4,10.19,0
39.84,20,transfer,0,3348,2,14.29,0
115.36,14,purchase,0,1229,2,5.45,0
61.69,16,purchase,0,1431,0,20.81,0
617.67,3,online,1,249,5,112.71,1
52.06,13,withdrawal,0,3558,2,1.52,0
101.02,10,transfer,0,1945,1,46.35,0
712.73,3,withdrawal,1,34,9,254.64,1
159.25,12,withdrawal,0,567,3,3.89,0
102.75,10,transfer,0,2220,2,29.62,0
68.65,8,purchase,0,1106,3,2.75,0
103.88,9,withdrawal,0,2228,2,2.35,0
71.35,8,purchase,0,2749,2,6.18,0
236.81,8,purchase,0,1712,3,39.83,0
23.22,16,purchase,0,2757,1,5.24,0
84.5,18,purchase,0,901,0,7.75,0
65.66,14,purchase,0,2983,4,11.44,0
32.8,6,online,0,2405,0,1.54,0
37.92,10,purchase,0,1972,4,7.13,0
79.39,13,purchase,0,55,4,2.61,0
174.52,19,transfer,0,1902,0,3.42,0
49.61,11,withdrawal,0,2816,5,1.44,0
22.39,20,purchase,0,1850,1,25.97,0
254.76,6,purchase,0,3325,2,11.12,0
21.77,15,withdrawal,0,109,0,23.83,0
92.08,16,purchase,0,3479,4,1.08,0
69.83,16,online,0,663,2,24.88,0
12.3,18,withdrawal,1,3272,2,18.48,0
50.41,6,online,0,3432,0,30.86,0
34.11,22,online,0,736,4,40.09,0
65.2,9,purchase,0,3585,8,29.16,0
112.75,18,withdrawal,1,1938,4,1.18,0
103.89,11,transfer,0,2265,1,6.8,0
69.01,9,withdrawal,0,2367,2,36.0,0
14.89,14,withdrawal,0,236,1,11.94,0
17.74,13,withdrawal,0,2922,2,24.44,0
70.87,22,withdrawal,0,2567,0,1.1,0
120.26,8,purchase,0,1390,1,14.92,0
6.26,8,withdrawal,0,2086,1,3.15,0
138.36,10,purchase,0,568,3,16.02,0
83.26,20,online,1,1903,4,24.61,0
35.61,21,purchase,0,3209,3,10.71,0
67.37,15,withdrawal,0,3635,1,9.79,0
66.52,10,withdrawal,0,109,2,23.13,0
23.85,22,purchase,0,3565,1,11.74,0
18.63,17,online,0,1899,0,8.28,0
215.71,14,withdrawal,0,155,1,10.1,0
41.85,17,purchase,0,2054,2,20.53,0
97.49,13,purchase,0,1653,2,17.32,0
62.99,17,purchase,0,583,2,27.38,0
817.14,1,purchase,1,31,6,418.43,1
39.13,6,purchase,0,1891,2,1.19,0
63.11,22,purchase,0,235,4,2.18,0
54.72,12,purchase,0,463,4,4.71,0
86.27,13,purchase,0,1958,1,36.34,0
37.06,17,transfer,0,712,1,19.62,0
29.14,9,online,0,2789,1,1.52,0
467.3,1,online,0,266,6,225.99,1
34.0,9,purchase,0,1212,3,18.01,0
45.17,19,online,0,1144,2,16.58,0
58.04,21,purchase,0,1247,0,25.29,0
40.57,17,transfer,0,3344,1,30.0,0
7.94,15,transfer,0,2842,1,4.97,0
50.14,19,purchase,0,3305,3,9.37,0
30.17,9,purchase,0,3311,5,5.17,0
45.84,8,purchase,0,1754,5,2.31,0
61.7,18,purchase,0,2090,0,22.25,0
119.27,7,withdrawal,0,150,0,8.54,0
71.42,14,transfer,0,659,1,36.79,0
42.56,7,transfer,0,2389,0,0.98,0
129.71,18,purchase,0,1110,2,16.69,0
165.51,18,online,0,1947,1,118.08,0
14.57,12,withdrawal,0,951,3,5.54,0
68.9,18,online,0,958,2,25.65,0
19.4,19,purchase,0,1294,4,8.98,0
46.91,14,purchase,0,120,3,2.03,0
16.24,18,purchase,0,2628,1,11.84,0
1014.68,4,online,1,212,5,79.31,1
117.98,10,purchase,0,1931,1,27.2,0
69.64,9,purchase,0,802,1,3.01,0
140.0,13,purchase,0,3201,1,34.42,0
41.46,22,withdrawal,0,1932,4,7.12,0
139.25,7,withdrawal,0,2687,4,5.61,0
63.57,6,online,0,831,1,0.83,0
109.36,18,purchase,0,422,2,8.03,0
121.24,7,transfer,0,361,2,4.3,0
196.63,10,online,1,340,6,19.61,1
89.04,21,purchase,0,2081,2,26.24,0
119.9,21,online,0,2406,6,3.46,0
40.61,19,purchase,0,1128,1,25.57,0
85.37,10,transfer,0,3112,3,26.57,0
15.41,17,purchase,0,3193,0,1.3,0
162.2,6,withdrawal,0,3220,1,11.14,0
97.25,18,purchase,0,1791,3,17.55,0
85.18,19,transfer,0,303,2,13.42,0
62.15,17,purchase,0,3065,2,46.96,0
100.08,12,withdrawal,0,1229,0,9.04,0
110.55,19,withdrawal,0,3615,2,11.96,0
42.73,7,purchase,0,2090,4,22.26,0
138.33,8,withdrawal,0,3586,1,11.02,0
97.17,12,purchase,0,1377,4,26.6,0
868.61,5,transfer,1,99,4,177.11,1
146.48,6,withdrawal,0,2837,5,15.31,0
94.06,6,purchase,0,2573,1,8.77,0
116.36,9,withdrawal,0,905,0,33.24,0
10.44,18,purchase,0,2679,0,18.45,0
12.76,22,purchase,0,1404,0,28.97,0
257.86,6,transfer,0,637,2,10.89,0
24.97,9,online,0,602,2,11.8,0
71.79,18,online,0,3097,3,52.19,0
42.37,6,purchase,0,3072,6,0.68,0
84.74,11,online,0,3270,2,7.16,0
143.21,17,online,0,2961,2,58.56,0
39.23,12,purchase,0,1767,1,4.3,0
105.72,18,transfer,0,1075,1,56.6,0
54.87,20,purchase,0,3610,0,26.78,0
108.07,21,online,0,1264,1,15.82,0
51.56,6,purchase,0,2552,4,46.67,0
65.5,16,withdrawal,0,3017,2,23.86,0
251.85,11,purchase,0,2250,3,28.38,0
237.34,10,purchase,0,2441,1,5.62,0
17.7,14,online,0,92,2,4.86,0
52.09,22,withdrawal,0,3213,3,18.42,0
52.81,13,purchase,0,2844,5,18.73,0
135.78,20,purchase,0,201,2,0.04,0
374.16,13,withdrawal,0,1624,1,26.9,0
25.15,20,online,0,2592,0,8.35,0
47.96,15,purchase,0,192,2,31.25,0
141.73,21,purchase,0,2659,2,16.17,0
1031.44,13,online,0,129,6,294.85,1
88.68,14,transfer,0,2593,3,1.95,0
83.6,7,purchase,0,2274,0,15.12,0
17.13,19,purchase,0,2982,4,20.88,0
50.76,22,purchase,0,2614,1,8.45,0
49.92,20,transfer,0,345,5,9.31,0
51.68,13,transfer,1,139,3,9.7,0
5.89,10,withdrawal,0,1494,1,19.25,0
88.73,21,purchase,0,2665,3,0.82,0
11.95,14,transfer,0,290,4,3.41,0
18.8,8,purchase,0,3544,4,3.78,0
35.45,20,purchase,0,1365,1,18.65,0
66.91,8,withdrawal,0,3288,2,18.56,0
33.1,21,purchase,0,3354,4,19.81,0
35.04,17,purchase,0,1584,2,7.15,0
28.86,11,online,0,1291,3,3.88,0
424.63,21,purchase,1,72,7,57.92,1
38.75,22,withdrawal,0,849,2,2.89,0
58.28,11,purchase,0,3271,2,10.52,0
88.85,7,purchase,1,3370,1,41.71,0
18.08,6,purchase,0,1197,2,2.7,0
76.63,17,transfer,1,3237,5,3.17,0
72.88,19,purchase,0,2718,0,26.65,0
39.05,9,purchase,0,315,2,6.81,0
74.51,10,withdrawal,0,253,2,6.9,0
172.4,7,purchase,0,2768,3,10.17,0
76.39,13,online,0,911,3,19.82,0
34.7,20,purchase,0,2196,0,20.41,0
189.77,8,purchase,0,2873,1,82.06,0
125.0,10,online,1,3050,2,20.42,0
13.71,20,purchase,0,1691,0,57.87,0
134.53,18,purchase,0,1422,2,2.04,0
34.97,15,purchase,0,2758,0,2.29,0
29.58,10,purchase,0,3280,2,0.96,0
39.69,16,withdrawal,1,2882,0,17.2,0
69.39,16,purchase,0,1284,1,1.62,0
49.14,14,withdrawal,0,2241,2,16.18,0
2555.15,0,withdrawal,0,176,8,435.78,1
196.12,12,purchase,0,2319,1,10.12,0
88.56,11,withdrawal,0,1948,7,30.26,0
23.13,6,purchase,0,1047,2,13.04,0
28.16,19,purchase,0,2106,2,9.8,0
72.02,9,transfer,0,361,3,6.12,0
68.14,12,online,0,439,1,12.87,0
4.59,6,transfer,0,2830,0,0.94,0
251.35,17,transfer,0,81,3,369.32,1
62.29,21,transfer,0,1031,2,6.37,0
110.71,10,online,0,3608,0,20.54,0
8.8,15,purchase,0,1274,8,21.21,0
42.89,16,purchase,0,1437,1,46.41,0
112.89,20,transfer,0,1168,3,3.67,0
23.42,19,transfer,0,3281,0,1.79,0
12.53,6,purchase,0,797,0,32.49,0
166.24,22,purchase,0,1575,3,119.95,0
218.55,18,withdrawal,0,789,2,1.63,0
59.31,12,transfer,0,325,3,5.69,0
48.5,22,purchase,0,134,2,13.0,0
89.86,17,online,0,3575,3,16.03,0
60.2,8,purchase,0,1555,1,39.86,0
223.48,11,transfer,0,166,0,1.64,0
240.01,9,purchase,1,650,0,13.62,0
14.47,6,purchase,0,3285,2,6.26,0
67.59,16,transfer,1,3576,3,32.97,0
116.46,17,online,0,1133,3,24.74,0
51.2,19,withdrawal,0,3559,0,6.03,0
34.3,18,withdrawal,0,588,2,1.42,0
54.69,8,withdrawal,0,1487,2,2.8,0
103.45,13,online,0,2641,2,18.75,0
36.39,9,purchase,0,3125,1,5.03,0
84.65,13,online,0,2526,0,2.72,0
58.93,12,purchase,0,1179,2,18.02,0
23.4,15,withdrawal,0,2688,1,6.31,0
58.87,17,purchase,0,1018,4,35.53,0
133.65,11,transfer,0,2922,5,3.72,0
177.1,21,transfer,1,3510,3,33.55,0
84.29,18,purchase,1,3071,3,2.3,0
30.57,7,withdrawal,0,1105,0,62.17,0
85.84,18,transfer,0,521,0,0.3,0
62.34,22,purchase,0,1456,3,6.99,0
88.05,11,online,0,2423,4,11.5,0
40.18,18,withdrawal,0,397,2,12.37,0
745.78,5,online,0,307,10,673.88,1
239.2,10,withdrawal,0,3178,2,8.04,0
264.55,20,online,0,2658,0,12.47,0
10.63,11,withdrawal,0,1036,2,8.21,0
58.07,8,purchase,0,3179,0,0.69,0
64.08,17,transfer,1,1322,3,27.78,0
216.07,20,purchase,0,1275,3,25.28,0
84.0,8,online,0,2575,4,7.22,0
23.55,18,withdrawal,0,1049,3,0.22,0
142.11,8,withdrawal,0,2084,1,1.81,0
87.38,7,withdrawal,0,1795,1,17.57,0
18.35,14,purchase,0,2919,4,36.64,0
163.29,19,online,0,1467,3,14.44,0
41.27,11,withdrawal,0,2920,1,33.43,0
26.06,20,purchase,0,1787,3,39.6,0
77.38,7,purchase,0,2288,5,6.54,0
18.33,19,purchase,0,1041,0,2.03,0
65.89,14,withdrawal,1,1565,1,31.69,0
56.05,12,withdrawal,0,1579,1,1.86,0
104.75,16,purchase,0,1924,1,13.47,0
85.06,11,withdrawal,0,1389,1,4.15,0
63.53,15,purchase,0,1037,1,17.57,0
20.02,15,online,1,689,1,7.96,0
703.23,2,online,1,318,6,519.53,1
132.68,17,withdrawal,0,2800,1,46.66,0
101.23,14,transfer,0,2974,3,8.67,0
102.32,14,withdrawal,0,1623,2,3.92,0
175.36,21,purchase,0,254,3,1.29,0
8.08,19,online,0,942,1,2.65,0
67.71,19,withdrawal,0,1075,1,5.85,0
152.0,18,withdrawal,0,2489,3,2.0,0
23.2,11,withdrawal,0,2733,1,1.24,0
162.77,21,online,0,2631,4,24.08,0
39.33,17,purchase,0,1031,3,4.35,0
102.78,16,purchase,1,577,2,64.44,0
22.69,20,purchase,0,2405,4,30.78,0
116.16,18,withdrawal,0,1269,0,5.79,0
162.85,22,purchase,0,3532,2,27.94,0
75.22,19,online,0,896,2,33.09,0
189.58,13,online,0,3285,1,5.57,0
168.36,6,purchase,0,1979,2,10.19,0
29.17,14,purchase,0,3292,1,60.23,0
92.76,19,online,0,1446,0,20.39,0
11.47,7,purchase,0,3625,2,12.72,0
66.36,15,purchase,0,2717,3,23.58,0
62.09,10,online,0,67,2,3.43,0
177.33,8,withdrawal,0,979,2,24.68,0
70.97,9,online,0,977,1,4.91,0
85.28,16,transfer,0,1315,2,12.37,0
30.82,19,purchase,0,3097,1,1.27,0
28.08,20,purchase,0,3223,4,9.12,0
170.29,17,purchase,0,2528,3,43.34,0
32.06,17,online,0,2607,4,1.04,0
70.29,17,purchase,0,1093,0,16.05,0
25.4,13,purchase,0,339,4,3.27,0
36.61,14,transfer,0,2291,4,20.16,0
94.87,10,purchase,0,1921,1,8.61,0
50.73,19,transfer,0,3600,1,45.78,0
40.64,11,purchase,0,2447,5,10.84,0
133.16,8,online,0,1117,1,3.46,0
90.54,6,withdrawal,0,3025,2,11.11,0
115.76,7,online,0,613,1,9.34,0
71.54,9,purchase,0,1774,1,13.52,0
39.25,15,online,0,3637,4,3.31,0
35.62,18,online,0,2430,2,9.51,0
111.19,12,transfer,0,550,2,13.95,0
597.09,16,transfer,0,217,6,161.07,1
136.11,15,transfer,0,1165,2,7.8,0
39.97,16,purchase,0,2913,2,12.53,0
149.84,7,transfer,0,3006,5,0.16,0
49.34,12,purchase,0,2574,1,16.57,0
44.64,18,transfer,0,2931,2,5.34,0
92.87,17,withdrawal,0,2709,1,0.3,0
13.66,13,purchase,0,755,3,1.49,0
30.79,18,withdrawal,0,2483,1,4.03,0
219.71,13,purchase,0,2427,2,9.46,0
160.98,20,purchase,1,3463,4,3.4,0
161.42,12,purchase,0,51,1,21.59,0
182.17,11,purchase,0,1040,2,12.81,0
159.27,7,purchase,0,203,3,2.16,0
27.23,14,purchase,0,786,4,1.76,0
28.95,16,purchase,0,274,0,13.31,0
14.86,9,purchase,0,3343,2,2.18,0
71.49,17,withdrawal,0,1892,2,11.66,0
124.96,8,purchase,0,2614,5,2.19,0
81.65,15,withdrawal,0,2089,3,11.5,0
149.32,6,purchase,1,1150,0,27.17,0
74.39,17,online,0,3459,1,3.21,0
151.18,15,purchase,1,3384,3,1.78,0
35.76,12,withdrawal,0,3444,1,10.53,0
11.65,16,purchase,0,1581,2,3.45,0
132.81,8,withdrawal,0,825,5,0.68,0
39.84,8,online,0,167,0,19.91,0
29.14,12,online,0,1006,4,10.08,0
21.84,19,online,0,3330,1,0.46,0
115.1,11,purchase,0,3042,1,18.11,0
95.14,16,transfer,0,2506,2,24.89,0
107.02,13,purchase,0,316,1,72.52,0
223.25,11,transfer,0,761,2,24.81,0
103.7,15,purchase,0,278,2,32.25,0
72.72,19,online,0,3550,1,23.52,0
46.18,8,purchase,0,1589,2,6.0,0
38.65,19,transfer,0,2258,0,24.66,0
256.88,9,purchase,0,139,3,12.7,0
12.96,9,withdrawal,1,2819,3,1.85,0
43.89,19,purchase,0,2260,1,4.01,0
85.46,12,purchase,0,3114,6,3.91,0
43.59,17,online,0,826,0,40.38,0
37.46,12,purchase,0,1954,3,10.22,0
56.3,12,transfer,0,2957,4,11.18,0
102.81,17,transfer,1,2046,2,7.78,0
43.78,9,purchase,0,2732,3,15.78,0
112.1,12,transfer,0,2309,1,1.55,0
68.57,15,transfer,0,3643,0,23.56,0
141.74,21,purchase,0,3007,0,27.19,0
792.22,6,withdrawal,1,35,6,145.93,1
51.15,12,online,0,1941,2,11.14,0
197.01,20,online,0,1714,2,5.61,0
44.39,20,transfer,0,2566,1,41.8,0
46.06,12,online,0,1659,1,19.19,0
214.22,22,purchase,0,2650,0,18.3,0
42.74,7,withdrawal,0,2806,1,35.55,0
89.66,17,purchase,0,1624,0,3.18,0
27.83,15,purchase,0,2156,2,63.74,0
72.78,11,purchase,0,997,3,6.09,0
139.19,21,purchase,0,1250,1,9.49,0
77.55,8,purchase,0,815,1,27.2,0
37.4,15,transfer,0,666,2,0.67,0
86.57,6,withdrawal,0,423,1,6.61,0
39.22,10,transfer,0,3445,2,4.73,0
420.77,19,purchase,0,230,0,605.64,1
152.11,11,transfer,0,916,4,11.01,0
32.38,12,transfer,0,783,3,31.21,0
39.08,11,online,0,2605,2,19.28,0
54.27,12,transfer,0,276,0,6.28,0
62.1,12,withdrawal,0,159,2,6.11,0
111.69,16,transfer,0,2988,1,6.95,0
126.72,17,purchase,1,1629,2,20.52,0
37.73,19,purchase,0,448,1,3.76,0
113.24,8,purchase,0,2690,1,6.7,0
74.65,6,transfer,0,1151,2,8.55,0
83.6,18,purchase,0,2211,2,17.77,0
67.88,6,online,0,2100,0,4.76,0
213.39,16,transfer,0,596,0,12.03,0
33.49,16,purchase,0,3519,0,18.18,0
50.69,17,purchase,0,3503,1,3.83,0
54.23,14,withdrawal,0,643,4,28.64,0
72.9,15,withdrawal,0,478,2,35.44,0
29.22,11,online,0,726,1,18.08,0
20.68,21,purchase,0,252,1,2.35,0
75.26,6,purchase,0,1809,2,31.99,0
97.28,15,transfer,0,1759,1,4.29,0
132.29,12,withdrawal,0,1619,1,10.34,0
39.26,8,withdrawal,0,2454,4,13.01,0
26.99,6,purchase,0,2343,2,7.48,0
131.1,20,withdrawal,0,3199,0,3.45,0
89.1,19,withdrawal,0,3360,0,16.26,0
127.11,12,online,0,35,8,30.76,0
15.69,10,purchase,0,1203,1,6.27,0
8.84,22,withdrawal,0,3612,4,13.23,0
35.12,18,purchase,0,2809,3,1.52,0
184.19,11,purchase,0,3091,2,7.43,0
55.26,10,purchase,0,3152,5,4.94,0
71.15,12,online,0,2927,2,13.59,0
196.09,8,purchase,0,1183,5,0.49,0
102.19,8,purchase,0,1373,1,3.71,0
180.21,7,transfer,0,277,1,17.96,0
50.01,6,online,0,2126,0,0.55,0
92.02,12,online,0,1956,2,5.85,0
44.77,6,purchase,0,2987,0,27.8,0
62.75,19,withdrawal,0,3035,0,2.03,0
17.54,22,purchase,0,1669,2,7.63,0
116.71,8,purchase,1,78,3,2.73,0
93.71,7,withdrawal,0,2001,3,71.75,0
96.04,7,online,0,1848,3,6.12,0
283.18,17,online,0,2863,2,3.42,0
137.33,12,transfer,1,3449,1,23.83,0
44.4,17,purchase,0,1196,2,7.52,0
20.5,16,purchase,0,1703,4,7.21,0
56.96,21,withdrawal,0,2196,3,7.7,0
100.8,6,purchase,1,2264,1,14.66,0
17.16,6,purchase,0,1150,4,4.27,0
58.47,6,purchase,0,992,2,16.21,0
121.41,17,online,1,2290,1,4.76,0
91.37,19,withdrawal,1,2675,2,1.48,0
632.08,12,online,1,311,8,59.3,1
60.02,12,purchase,0,788,3,20.44,0
60.92,8,online,0,1419,1,7.53,0
32.88,11,purchase,0,1502,2,16.55,0
17.31,6,purchase,0,782,2,17.45,0
56.89,10,purchase,0,3301,2,23.9,0
188.11,12,purchase,0,387,3,5.8,0
97.7,8,purchase,0,2560,2,11.24,0
141.44,15,purchase,0,2798,4,77.34,0
164.96,16,purchase,1,3242,4,0.19,0
79.78,22,purchase,0,1893,3,21.79,0
189.99,16,purchase,0,3444,2,5.89,0
89.34,8,purchase,0,1026,4,50.14,0
38.23,18,withdrawal,0,579,1,12.99,0
88.94,20,purchase,0,2385,1,22.82,0
48.02,11,online,0,1541,2,17.95,0
84.13,8,withdrawal,0,3043,3,23.51,0
67.25,11,purchase,1,1856,3,1.65,0
148.23,14,withdrawal,0,1686,0,21.07,0
25.7,15,transfer,0,1783,1,74.98,0
91.9,10,transfer,0,2412,4,9.67,0
50.16,19,purchase,0,593,3,7.62,0
96.16,6,purchase,0,2775,0,24.34,0
149.7,6,purchase,0,2150,0,3.5,0
32.83,13,purchase,0,1777,1,0.69,0
127.94,7,purchase,0,3589,5,1.78,0
152.44,21,withdrawal,0,3560,1,22.05,0
89.36,17,purchase,0,3055,1,34.98,0
43.02,19,purchase,0,884,1,6.77,0
60.06,17,online,0,3602,2,3.59,0
130.51,18,online,0,1122,5,12.66,0
52.53,21,transfer,0,2483,2,3.61,0
133.14,10,withdrawal,0,1398,1,6.38,0
44.28,14,online,0,1934,3,34.38,0
106.77,6,online,0,850,0,24.01,0
60.36,9,withdrawal,0,2608,2,6.72,0
52.44,16,transfer,0,999,3,54.6,0
122.82,22,withdrawal,0,1936,3,8.81,0
23.57,19,purchase,0,1510,1,7.77,0
168.41,22,purchase,0,506,6,31.61,0
105.19,21,online,0,1188,4,24.82,0
25.72,15,purchase,0,3346,4,63.98,0
140.9,11,withdrawal,0,2549,4,18.61,0
66.83,10,purchase,0,3615,3,1.98,0
46.88,11,purchase,0,450,0,66.89,0
179.6,11,purchase,0,97,3,10.72,0
109.08,12,purchase,0,1824,2,2.02,0
121.4,7,transfer,1,2305,0,57.87,0
56.2,14,purchase,0,1461,1,28.96,0
134.12,10,withdrawal,0,971,1,4.41,0
116.96,19,purchase,0,3341,0,45.47,0
39.51,15,purchase,0,432,7,37.89,0
123.76,17,purchase,0,1397,1,30.87,0
29.45,21,purchase,0,1582,3,5.04,0
188.31,21,transfer,0,1254,4,27.02,0
74.56,8,purchase,0,771,3,14.44,0
67.05,18,transfer,0,1240,2,34.63,0
65.6,8,purchase,0,2407,1,1.52,0
50.71,8,purchase,0,1808,2,32.29,0
133.51,18,purchase,0,1965,1,18.55,0
79.37,10,purchase,0,2840,3,2.63,0
253.07,9,online,0,3273,6,0.06,0
34.87,15,purchase,0,923,1,83.08,0
82.43,16,withdrawal,0,3386,1,9.34,0
30.79,22,transfer,0,157,0,13.41,0
10.1,12,withdrawal,0,584,1,6.4,0
5.75,18,withdrawal,0,343,2,26.6,0
44.91,6,online,0,927,2,22.6,0
98.81,12,purchase,0,880,4,26.29,0
209.24,13,transfer,0,2821,2,7.71,0
831.09,0,online,1,229,9,925.26,1
136.98,14,purchase,0,424,1,0.94,0
59.16,21,purchase,0,1241,2,10.18,0
66.93,16,online,0,1687,1,19.79,0
250.76,22,purchase,0,2987,1,0.98,0
22.19,6,purchase,0,2642,1,30.36,0
175.71,22,withdrawal,1,361,4,274.86,1
77.67,21,withdrawal,0,523,3,23.41,0
115.53,22,transfer,0,908,1,2.93,0
62.44,11,purchase,0,1388,0,46.05,0
69.99,21,withdrawal,0,1768,3,37.9,0
74.19,12,purchase,0,74,0,10.63,0
56.82,12,purchase,0,2868,3,0.69,0
185.37,22,online,0,791,1,0.16,0
75.68,11,transfer,0,2495,3,8.38,0
110.56,20,purchase,0,530,5,20.93,0
62.3,19,purchase,0,1731,1,5.18,0
97.19,21,transfer,0,945,2,1.64,0
94.99,18,purchase,0,934,1,13.99,0
123.75,20,transfer,0,2362,0,42.09,0
156.81,16,purchase,0,759,0,22.19,0
807.68,0,withdrawal,1,81,11,359.06,1
80.33,15,purchase,0,1232,1,6.77,0
85.6,11,online,0,236,1,1.37,0
49.45,16,online,0,3054,4,5.35,0
63.35,18,online,0,3074,4,82.5,0
91.15,22,online,0,2653,2,1.92,0
41.19,12,withdrawal,0,2440,0,6.21,0
41.26,11,transfer,0,2305,3,18.59,0
46.27,18,purchase,0,2533,3,14.53,0
96.32,9,purchase,0,232,2,9.11,0
42.56,19,online,0,1970,1,70.87,0
64.05,7,purchase,0,2138,2,21.93,0
107.3,9,withdrawal,0,145,2,26.85,0
106.47,18,withdrawal,0,2642,3,10.31,0
22.25,19,withdrawal,0,2599,5,8.6,0
61.39,11,purchase,0,765,4,3.7,0
155.44,16,purchase,0,3451,1,62.12,0
66.3,12,purchase,0,617,2,0.35,0
256.92,13,purchase,0,3482,1,30.12,0
40.36,18,transfer,0,3276,5,3.97,0
112.18,18,purchase,0,1708,3,30.86,0
127.49,11,purchase,0,1967,5,31.05,0
32.84,13,transfer,0,1796,0,3.85,0
68.38,20,purchase,0,1617,3,4.51,0
10.5,17,purchase,1,260,4,13.56,0
45.58,12,purchase,0,367,5,1.21,0
143.63,8,online,0,1348,2,4.89,0
67.71,10,withdrawal,0,3442,0,6.3,0
30.91,7,withdrawal,0,2431,2,1.92,0
86.05,15,withdrawal,0,1365,1,31.97,0
20.21,14,transfer,0,3213,1,5.77,0
219.01,9,online,0,945,2,2.2,0
32.61,16,transfer,0,2654,0,38.13,0
54.34,20,purchase,1,1873,2,13.43,0
43.37,19,online,0,1445,0,3.78,0
41.18,17,withdrawal,0,330,3,35.93,0
79.71,16,purchase,0,2753,1,4.77,0
23.01,20,online,1,3187,1,11.07,0
26.16,16,transfer,0,365,3,9.35,0
17.89,11,purchase,0,3246,2,14.38,0
18.37,11,purchase,0,1710,1,0.94,0
30.13,7,withdrawal,0,881,5,0.87,0
208.47,17,purchase,0,1533,1,61.48,0
31.58,10,withdrawal,0,1241,1,73.15,0
69.02,18,withdrawal,0,598,2,16.0,0
72.38,6,purchase,0,189,0,21.09,0
29.75,7,transfer,0,3579,3,1.45,0
28.17,8,purchase,0,3140,3,36.84,0
70.66,8,withdrawal,0,1773,2,6.69,0
42.29,21,transfer,0,1013,0,11.97,0
20.37,9,purchase,0,3282,4,0.47,0
246.12,12,purchase,0,49,2,5.08,0
101.65,14,transfer,0,3307,2,11.85,0
19.32,8,transfer,0,2921,0,27.36,0
102.53,18,purchase,0,1020,2,1.14,0
21.92,16,withdrawal,0,3377,4,18.33,0
57.43,22,withdrawal,1,2029,4,8.37,0
80.84,7,online,0,216,4,11.45,0
71.84,22,transfer,0,187,5,36.78,0
39.02,6,purchase,0,309,3,10.04,0
51.09,15,online,0,2781,1,2.37,0
176.2,22,transfer,0,1314,2,2.2,0
19.91,12,purchase,0,237,3,5.06,0
59.65,9,purchase,0,3625,3,9.86,0
153.3,9,purchase,0,1083,2,1.91,0
117.11,16,purchase,0,650,1,24.88,0
73.31,8,purchase,0,1463,0,40.1,0
124.84,14,online,0,1118,2,21.8,0
80.4,13,purchase,0,2604,1,15.65,0
113.58,9,transfer,0,1010,5,0.12,0
44.67,6,purchase,0,3295,2,20.22,0
93.98,12,purchase,0,3194,0,4.01,0
11.33,22,purchase,0,191,3,1.12,0
70.54,17,transfer,0,3291,1,0.7,0
119.45,18,transfer,0,439,1,1.49,0
46.87,17,purchase,0,2282,3,2.93,0
188.35,16,purchase,0,3211,4,10.63,0
68.95,11,purchase,0,1608,1,29.72,0
30.76,18,online,0,2116,4,0.82,0
66.51,15,purchase,0,3375,0,13.24,0
74.43,21,purchase,1,3019,2,25.23,0
46.39,9,transfer,0,988,1,16.65,0
617.17,16,withdrawal,0,329,4,215.7,1
20.29,14,online,0,957,2,14.46,0
136.75,13,withdrawal,0,216,1,24.91,0
8.05,6,transfer,0,751,2,14.59,0
202.96,12,purchase,0,2420,2,7.46,0
197.23,7,transfer,0,2608,3,3.05,0
17.93,20,withdrawal,0,712,0,18.21,0
163.36,14,withdrawal,0,3388,1,8.45,0
147.07,11,transfer,0,1796,1,13.02,0
11.21,11,purchase,0,364,1,9.85,0
89.16,15,purchase,0,217,0,2.66,0
68.89,13,purchase,0,1893,0,17.68,0
23.84,13,purchase,0,2328,3,5.39,0
113.81,12,purchase,0,397,2,11.5,0
32.86,7,purchase,0,195,2,13.35,0
99.51,20,purchase,0,1794,4,17.68,0
87.9,6,purchase,0,1994,5,3.01,0
154.6,12,online,0,3010,2,1.51,0
50.16,17,purchase,0,3323,1,22.28,0
163.09,13,transfer,0,1112,2,23.41,0
102.99,6,withdrawal,0,3224,3,6.6,0
82.76,14,purchase,0,1996,2,15.12,0
81.88,12,withdrawal,1,3641,3,10.19,0
214.06,10,withdrawal,0,3287,2,33.4,0
126.39,13,purchase,0,889,0,4.04,0
80.02,12,purchase,0,646,2,6.55,0
81.0,10,online,0,2461,2,1.95,0
90.34,9,online,0,1589,4,1.41,0
112.41,8,online,0,286,0,22.93,0
97.48,10,purchase,0,2207,2,4.08,0
16.85,8,withdrawal,0,2144,2,6.65,0
64.8,22,withdrawal,0,2980,5,57.04,0
129.62,19,purchase,0,2062,2,2.16,0
100.43,6,purchase,0,193,3,28.33,0
120.55,19,transfer,0,2534,5,15.37,0
116.59,7,withdrawal,0,3134,2,28.39,0
225.62,18,transfer,0,2278,0,8.13,0
54.83,11,purchase,0,3489,2,10.92,0
71.46,13,withdrawal,0,1653,4,0.15,0
105.78,12,withdrawal,0,2196,1,28.83,0
80.09,21,withdrawal,0,3207,4,5.42,0
53.68,19,purchase,0,2029,2,6.78,0
75.99,7,purchase,0,339,1,2.7,0
36.4,22,purchase,0,3037,3,3.16,0
5.4,14,transfer,0,2647,1,0.06,0
101.82,14,transfer,0,258,0,13.74,0
67.42,20,withdrawal,0,3547,0,13.61,0
93.55,14,transfer,0,2523,1,43.05,0
96.23,21,withdrawal,0,3087,2,0.13,0
61.73,9,online,0,45,3,4.21,0
71.42,19,purchase,0,2132,0,9.9,0
126.92,8,withdrawal,0,2403,0,31.86,0
111.25,18,withdrawal,1,522,5,0.03,0
163.25,10,purchase,0,1356,3,5.93,0
95.89,12,purchase,1,1359,1,3.22,0
17.16,12,purchase,0,1825,4,3.29,0
17.22,11,purchase,0,2248,3,19.12,0
80.83,13,purchase,0,1747,1,21.88,0
31.0,6,purchase,0,2221,2,7.32,0
58.18,19,purchase,0,109,0,17.33,0
76.97,9,online,0,2796,1,9.74,0
99.12,21,online,0,2077,3,11.73,0
69.85,15,purchase,1,2502,1,10.7,0
874.9,3,purchase,1,245,5,148.05,1
314.75,0,transfer,1,43,8,25.19,1
253.29,17,purchase,0,1592,4,11.93,0
126.24,18,purchase,0,432,0,11.97,0
16.57,19,withdrawal,0,2353,1,10.07,0
149.51,19,purchase,0,287,2,14.44,0
98.15,6,withdrawal,0,2284,4,47.24,0
105.25,17,withdrawal,0,990,0,15.33,0
98.11,18,withdrawal,1,2334,6,7.17,0
87.22,21,purchase,0,1132,1,15.85,0
60.7,7,purchase,0,1270,2,1.09,0
88.37,14,withdrawal,0,1611,2,0.47,0
880.93,14,withdrawal,1,338,3,33.42,1
17.79,22,purchase,0,952,3,57.58,0
91.24,14,transfer,0,1250,4,2.38,0
59.34,11,purchase,0,2650,3,9.28,0
104.44,20,withdrawal,0,1900,1,3.06,0
523.56,11,online,1,135,14,416.7,1
26.6,19,transfer,0,684,2,4.95,0
41.69,11,purchase,0,2094,5,21.78,0
108.88,9,purchase,0,3586,3,28.13,0
58.44,6,purchase,0,2992,3,7.95,0
88.03,10,withdrawal,0,3439,8,11.74,0
54.63,8,online,0,978,1,0.82,0
89.7,14,withdrawal,0,2892,3,22.38,0
25.65,20,purchase,0,3095,3,2.23,0
36.0,14,purchase,0,1218,2,16.82,0
5.81,8,purchase,0,3519,3,8.02,0
40.21,21,purchase,0,2261,2,26.0,0
77.6,14,online,0,3299,3,6.02,0
190.09,8,purchase,0,213,3,7.86,0
69.51,14,withdrawal,0,136,7,10.91,0
46.3,13,purchase,0,3281,0,5.29,0
115.91,7,withdrawal,0,1375,3,1.97,0
373.76,3,withdrawal,1,92,2,239.54,1
141.64,21,purchase,0,1262,3,2.23,0
60.84,8,purchase,0,1543,3,21.49,0
70.62,9,purchase,0,2581,2,1.79,0
87.31,9,transfer,0,2699,3,15.75,0
22.95,19,online,0,1301,3,20.62,0
175.84,8,withdrawal,0,3117,5,1.43,0
63.01,22,purchase,0,3344,2,43.6,0
62.09,17,transfer,1,862,2,32.18,0
60.23,16,online,0,2708,3,3.93,0
67.64,7,purchase,0,2309,1,11.55,0
63.25,12,online,0,1974,1,5.6,0
73.56,15,online,0,183,4,37.26,0
122.63,9,withdrawal,0,2584,1,1.12,0
98.42,13,purchase,0,1262,4,8.72,0
81.62,13,purchase,0,60,3,10.53,0
26.36,22,withdrawal,0,1996,3,3.19,0
30.08,10,transfer,0,2382,1,41.7,0
182.1,8,purchase,0,3137,1,4.5,0
157.82,8,online,0,1084,2,13.71,0
107.04,12,purchase,0,397,1,6.48,0
45.96,17,transfer,0,1092,2,23.1,0
27.56,14,online,0,2216,3,16.08,0
17.33,20,online,0,3378,2,11.09,0
279.36,18,purchase,0,2635,2,37.83,0
23.3,8,online,0,286,1,23.59,0
80.36,21,withdrawal,0,2310,1,26.04,0
40.16,14,online,0,1071,3,0.71,0
168.0,14,withdrawal,0,2653,2,6.43,0
77.72,16,transfer,0,2099,1,31.4,0
81.22,11,purchase,0,1011,2,14.2,0
38.81,21,purchase,0,1737,4,16.5,0
122.5,10,purchase,0,2517,1,0.38,0
84.26,16,purchase,0,2228,1,86.45,0
59.98,11,online,0,622,2,0.09,0
17.14,17,online,0,2407,3,9.07,0
120.15,11,purchase,0,2271,4,22.31,0
189.6,10,withdrawal,0,2181,1,2.49,0
94.74,20,withdrawal,0,2981,3,5.72,0
72.01,9,withdrawal,0,305,2,0.07,0
74.26,14,purchase,0,1166,0,2.67,0
88.1,13,transfer,1,2736,1,47.75,0
25.05,11,purchase,0,2877,1,7.56,0
28.69,10,online,0,1585,0,29.31,0
71.79,19,purchase,0,848,2,0.45,0
73.4,6,transfer,0,813,3,5.25,0
55.43,8,purchase,0,3074,1,5.9,0
71.3,11,purchase,0,1414,2,13.97,0
92.75,8,purchase,0,1423,2,5.76,0
68.84,10,purchase,0,2626,4,8.45,0
95.2,12,purchase,0,724,1,3.14,0
197.59,6,purchase,1,2518,3,3.26,0
141.55,10,withdrawal,0,2968,2,18.82,0
28.99,18,online,0,3146,1,21.92,0
337.8,11,withdrawal,0,2418,1,2.72,0
103.44,6,purchase,0,1629,1,50.69,0
133.5,12,purchase,0,2832,1,24.77,0
34.18,15,purchase,0,3612,5,3.01,0
25.05,9,purchase,0,843,1,20.47,0
118.25,22,transfer,0,2894,2,8.54,0
60.38,6,purchase,0,1984,4,63.11,0
126.43,3,online,1,83,1,92.09,1
184.74,7,purchase,0,199,4,14.07,0
87.89,12,withdrawal,0,3072,4,10.99,0
264.42,18,purchase,0,2129,0,9.78,0
68.02,6,online,0,1899,5,2.81,0
25.16,9,online,0,187,3,2.91,0
79.39,17,transfer,0,1181,1,13.15,0
173.52,11,purchase,0,1707,3,11.55,0
31.21,22,transfer,0,2074,2,29.14,0
131.67,12,transfer,0,49,3,43.25,0
26.35,21,purchase,0,2474,2,0.31,0
48.26,21,online,0,2889,3,3.19,0
50.33,22,purchase,0,120,0,2.14,0
945.07,7,transfer,0,10,9,530.84,1
65.93,9,withdrawal,0,573,0,9.59,0
147.7,16,purchase,0,2114,0,19.89,0
817.85,14,withdrawal,1,347,6,585.23,1
138.96,19,withdrawal,0,2866,2,11.99,0
43.63,7,purchase,0,1861,1,1.53,0
44.56,19,purchase,0,366,2,6.49,0
121.64,11,withdrawal,0,869,1,25.39,0
71.96,21,purchase,0,2079,1,16.5,0
58.66,21,purchase,0,1093,2,13.75,0
176.8,6,withdrawal,0,1840,1,3.06,0
10.18,15,withdrawal,0,704,4,4.31,0
41.89,7,purchase,0,3590,0,11.93,0
258.43,16,withdrawal,0,1399,2,12.31,0
190.87,22,purchase,0,1373,3,12.83,0
52.7,20,online,0,2168,0,10.45,0
4.72,22,withdrawal,0,1553,3,8.39,0
75.52,17,withdrawal,0,3595,3,13.3,0
73.61,10,purchase,0,1377,3,9.32,0
88.48,21,transfer,0,1577,3,4.31,0
76.35,6,withdrawal,0,2146,3,18.11,0
91.68,13,purchase,0,3091,1,1.5,0
57.42,21,purchase,0,2669,1,45.14,0
86.32,19,purchase,0,491,3,16.49,0
148.32,8,purchase,0,995,0,2.7,0
71.26,10,online,0,2556,0,16.08,0
55.07,12,purchase,0,2312,0,7.83,0
12.79,18,online,0,2466,2,22.91,0
53.08,11,purchase,0,439,0,2.36,0
21.83,22,withdrawal,0,180,2,27.41,0
14.07,7,purchase,1,870,3,6.7,0
49.07,13,transfer,0,2853,7,34.42,0
100.77,12,online,1,736,1,1.68,0
93.05,19,purchase,1,915,4,7.17,0
81.31,11,online,0,2295,4,19.4,0
62.66,10,online,0,2826,2,3.8,0
44.06,17,withdrawal,0,2706,3,2.71,0
166.6,20,transfer,0,1813,2,6.51,0
38.38,17,purchase,0,2135,3,4.31,0
105.57,9,transfer,0,1690,3,7.7,0
117.25,10,withdrawal,0,945,4,21.01,0
10.3,11,purchase,0,1335,0,24.19,0
20.57,19,purchase,0,279,4,5.2,0
66.3,6,online,0,3628,0,5.22,0
25.59,20,withdrawal,0,253,3,18.46,0
90.59,14,purchase,0,1487,1,6.66,0
77.58,20,withdrawal,0,2654,0,15.07,0
25.12,12,purchase,0,2176,3,25.06,0
45.0,17,purchase,0,3331,2,6.02,0
68.75,16,transfer,0,523,3,2.23,0
45.78,12,withdrawal,0,2494,3,18.03,0
113.47,22,transfer,0,2567,2,14.09,0
139.05,20,purchase,0,1528,4,4.8,0
117.85,12,purchase,1,1062,0,5.9,0
37.49,14,purchase,0,3220,3,6.2,0
79.79,17,purchase,1,1798,3,53.86,0
12.68,6,online,0,1590,1,0.72,0
37.46,10,withdrawal,0,3128,6,20.03,0
49.84,17,withdrawal,0,1946,1,7.79,0
62.7,20,transfer,0,1883,2,0.19,0
61.47,11,purchase,0,1536,0,57.17,0
92.59,15,withdrawal,1,2009,1,2.36,0
51.14,12,purchase,0,2570,5,14.45,0
158.09,15,online,1,1199,2,18.78,0
14.71,7,purchase,0,1948,3,2.68,0
16.9,22,online,0,209,1,9.74,0
42.77,7,purchase,0,2854,0,43.51,0
219.49,10,purchase,0,2219,2,34.72,0
50.27,22,transfer,0,3069,5,11.73,0
86.58,20,online,0,375,5,18.92,0
80.74,16,purchase,0,3498,1,11.93,0
59.12,7,withdrawal,0,3387,1,18.2,0
17.86,19,purchase,0,2672,3,3.61,0
36.41,20,purchase,1,1035,1,3.75,0
73.74,12,withdrawal,0,296,1,13.07,0
51.78,14,transfer,0,1832,2,14.07,0
75.18,21,purchase,0,3388,1,9.32,0
56.87,12,purchase,0,1127,1,1.71,0
41.07,16,purchase,0,2689,3,15.9,0
73.55,14,purchase,0,3492,4,0.25,0
146.09,10,withdrawal,0,1676,2,6.86,0
72.1,20,online,0,2067,0,17.85,0
95.35,14,withdrawal,0,1345,4,20.74,0
57.87,11,online,0,1875,3,3.04,0
19.21,20,purchase,0,1048,3,29.73,0
13.85,15,purchase,1,2170,2,49.23,0
62.05,8,withdrawal,1,3072,1,44.38,0
105.76,9,withdrawal,0,2858,5,13.26,0
49.77,20,purchase,0,1524,2,9.12,0
30.32,18,purchase,0,3010,0,1.51,0
25.01,8,purchase,0,3071,2,2.57,0
121.91,9,withdrawal,0,147,2,1.17,0
212.84,22,purchase,0,3474,3,20.06,0
63.36,12,purchase,0,2369,0,20.46,0
135.73,10,purchase,0,560,3,6.81,0
28.86,13,purchase,0,977,3,17.27,0
47.27,15,transfer,0,2618,3,9.57,0
28.91,14,purchase,0,651,0,28.84,0
119.3,6,withdrawal,0,573,2,15.16,0
193.97,11,purchase,0,983,2,10.68,0
94.87,14,purchase,0,2567,2,4.44,0
25.86,22,transfer,0,1236,1,0.62,0
54.76,19,withdrawal,1,576,1,9.42,0
10.23,18,withdrawal,0,1247,2,5.38,0
123.88,11,transfer,0,1523,3,61.2,0
192.23,15,purchase,0,2103,3,0.27,0
148.07,8,online,0,2569,0,15.85,0
82.3,12,transfer,0,395,4,0.5,0
71.17,19,withdrawal,0,224,2,2.5,0
192.92,6,purchase,0,667,1,6.62,0
95.17,6,online,0,76,0,7.97,0
44.36,10,online,1,1355,0,3.37,0
63.53,13,purchase,0,152,2,18.04,0
135.83,13,purchase,0,2784,3,30.06,0
32.6,16,purchase,0,3073,0,7.74,0
162.9,15,online,0,1866,1,23.41,0
17.83,11,purchase,0,3015,2,8.47,0
31.3,14,purchase,0,3573,1,8.33,0
110.0,14,purchase,0,995,1,9.73,0
71.84,18,purchase,0,804,3,14.83,0
124.38,13,purchase,0,572,0,12.6,0
151.25,7,transfer,0,2936,2,2.83,0
194.81,11,withdrawal,0,1236,3,1.21,0
18.91,8,withdrawal,0,665,0,5.71,0
70.0,7,purchase,0,570,1,10.61,0
93.4,7,purchase,0,2436,1,12.49,0
23.09,13,purchase,0,361,5,22.18,0
79.64,16,withdrawal,0,1488,1,30.27,0
31.04,9,withdrawal,0,2618,1,18.28,0
153.69,17,purchase,1,2880,1,23.44,0
21.29,16,transfer,0,1843,2,7.02,0
38.23,15,purchase,0,2124,2,1.54,0
66.55,16,purchase,0,502,1,17.76,0
68.46,7,online,0,3420,3,7.89,0
163.62,10,purchase,0,582,5,9.23,0
80.13,14,withdrawal,0,596,6,13.27,0
824.44,9,transfer,1,195,6,15.65,1
43.19,19,withdrawal,0,813,4,7.04,0
66.97,17,purchase,0,1703,3,1.06,0
81.33,20,purchase,0,276,3,0.88,0
77.43,15,purchase,0,3104,1,19.01,0
41.76,7,withdrawal,0,2581,3,0.08,0
29.15,13,purchase,0,2769,3,15.28,0
60.84,13,purchase,0,3363,0,25.18,0
133.31,16,purchase,0,2058,3,7.5,0
58.13,14,transfer,0,684,4,21.28,0
19.92,13,purchase,0,2062,2,9.72,0
47.2,12,withdrawal,0,2461,5,32.03,0
25.04,13,withdrawal,0,3127,0,32.03,0
75.69,13,purchase,0,2696,1,11.23,0
75.33,13,purchase,0,2238,2,2.77,0
102.39,8,purchase,0,1716,2,16.27,0
81.05,10,online,0,2839,4,0.98,0
77.49,12,transfer,0,3435,0,18.49,0
32.31,17,withdrawal,1,654,4,20.23,0
6.01,17,withdrawal,0,1150,2,6.68,0
31.79,20,purchase,1,1350,4,2.13,0
39.72,18,purchase,0,1540,0,3.72,0
33.77,22,purchase,0,3244,5,10.41,0
38.79,11,purchase,0,2799,0,16.45,0
43.2,19,purchase,0,2238,2,29.35,0
143.47,11,purchase,0,472,2,22.21,0
70.49,22,online,0,716,1,8.73,0
78.15,9,purchase,0,2349,4,18.64,0
54.15,15,transfer,0,3498,3,14.52,0
34.44,15,purchase,0,2809,4,5.43,0
24.56,21,transfer,0,3210,1,15.46,0
67.86,16,transfer,0,2366,1,9.4,0
15.72,15,purchase,0,1737,1,8.99,0
35.77,11,transfer,0,302,1,24.03,0
65.18,14,purchase,1,2681,1,36.23,0
154.87,14,transfer,0,1658,1,9.26,0
68.08,22,purchase,0,2437,0,50.96,0
152.85,10,transfer,1,2648,1,1.53,0
9.57,11,purchase,0,654,0,8.71,0
40.27,15,withdrawal,0,1854,2,9.74,0
55.54,8,purchase,0,2840,3,3.4,0
18.28,22,transfer,0,359,0,0.66,0
48.48,6,transfer,0,3616,0,53.75,0
77.7,20,purchase,0,1427,1,5.12,0
135.19,11,withdrawal,0,3632,1,41.51,0
143.4,14,withdrawal,0,2699,2,1.51,0
35.84,8,purchase,0,881,6,12.11,0
62.3,10,purchase,0,619,3,25.09,0
83.66,16,purchase,0,2662,4,7.21,0
25.34,9,purchase,0,2581,5,20.12,0
23.15,11,purchase,0,3263,1,68.65,0
29.8,22,purchase,1,3300,3,1.82,0
25.46,6,purchase,0,2595,3,25.18,0
87.76,14,online,0,1254,2,27.53,0
37.85,8,purchase,0,1063,5,29.89,0
29.97,14,purchase,0,3129,3,44.38,0
30.84,13,withdrawal,0,298,2,8.15,0
47.83,8,purchase,0,1805,1,30.51,0
156.29,19,transfer,0,135,2,17.97,0
43.51,19,purchase,0,281,0,9.74,0
52.47,20,purchase,0,2784,1,23.77,0
108.02,14,transfer,0,476,4,5.97,0
20.44,18,withdrawal,0,386,0,8.77,0
71.37,20,purchase,0,556,1,8.55,0
61.37,18,withdrawal,0,3033,3,0.57,0
14.98,11,transfer,0,317,0,11.25,0
215.37,16,purchase,0,3026,4,27.07,0
159.39,13,withdrawal,0,3144,3,40.37,0
8.82,15,transfer,0,2131,5,11.8,0
70.76,11,transfer,0,2785,4,25.44,0
98.76,21,withdrawal,0,3599,3,6.64,0
47.83,15,purchase,0,2395,2,37.57,0
191.16,7,purchase,0,124,0,3.49,0
35.03,22,purchase,0,931,2,4.7,0
24.67,9,withdrawal,1,1288,2,8.6,0
43.81,16,withdrawal,0,2045,2,0.45,0
30.2,10,purchase,0,2480,1,10.07,0
31.68,16,withdrawal,0,1551,3,1.33,0
16.67,18,purchase,0,419,3,5.71,0
12.19,16,purchase,0,301,1,14.03,0
86.52,20,purchase,0,2207,3,1.58,0
140.39,10,purchase,0,3318,5,3.0,0
54.24,14,purchase,0,2389,1,3.64,0
9.51,22,purchase,0,2187,1,6.97,0
14.09,21,withdrawal,0,2395,0,0.49,0
110.82,9,purchase,0,3457,3,12.74,0
59.79,10,online,0,3303,1,7.41,0
99.1,16,purchase,0,2424,2,6.9,0
54.79,12,purchase,0,1752,4,4.59,0
100.54,16,online,0,352,2,43.76,0
67.74,17,transfer,0,3285,2,2.17,0
59.82,12,purchase,0,2874,2,2.76,0
84.41,20,purchase,0,704,2,3.54,0
93.39,22,purchase,0,2255,2,5.57,0
58.81,6,transfer,0,2641,3,0.65,0
22.74,12,online,0,3287,1,18.77,0
500.25,23,purchase,1,347,10,315.92,1
43.15,7,purchase,0,2386,6,1.17,0
21.39,14,purchase,0,2892,0,29.15,0
51.28,20,withdrawal,0,457,2,0.68,0
144.74,20,purchase,0,126,3,9.37,0
70.95,17,purchase,0,3536,2,4.11,0
118.91,7,online,0,2598,3,7.73,0
147.89,8,purchase,0,2663,4,11.43,0
34.49,19,purchase,0,1352,3,43.23,0
214.77,11,transfer,0,1209,2,1.11,0
32.52,10,purchase,0,352,1,66.06,0
60.72,16,withdrawal,0,2989,5,1.14,0
58.45,17,transfer,0,2422,4,7.3,0
97.69,11,online,0,2965,1,4.31,0
20.42,7,purchase,0,1840,1,19.36,0
204.9,7,withdrawal,0,844,1,1.87,0
32.0,14,purchase,0,2947,2,0.92,0
94.41,18,withdrawal,0,1906,2,31.82,0
45.38,11,purchase,0,2932,4,32.1,0
27.13,12,purchase,0,2313,3,7.01,0
205.21,9,online,0,2431,3,12.09,0
70.19,8,purchase,0,3342,3,7.77,0
37.32,15,purchase,0,2784,1,1.74,0
78.85,6,purchase,0,635,1,27.08,0
67.71,19,purchase,0,2617,4,12.08,0
32.43,6,purchase,0,1920,2,0.5,0
54.33,18,withdrawal,0,2031,4,23.62,0
48.74,13,online,0,2444,5,17.88,0
128.5,11,purchase,0,3187,2,7.65,0
102.37,9,transfer,0,503,1,47.03,0
40.73,17,withdrawal,0,2969,2,12.35,0
42.53,18,online,0,101,0,3.51,0
49.19,22,transfer,0,358,1,1.16,0
171.11,8,purchase,0,881,2,6.65,0
60.31,17,withdrawal,0,2904,0,14.74,0
93.53,17,transfer,0,108,3,2.25,0
106.85,15,transfer,0,1051,1,10.41,0
71.64,14,transfer,0,1447,3,18.53,0
7.57,22,purchase,0,1774,4,7.92,0
51.24,9,purchase,0,2143,0,7.57,0
24.16,13,withdrawal,0,1581,3,46.65,0
124.0,7,withdrawal,0,2214,0,20.13,0
25.49,14,withdrawal,0,346,2,10.88,0
29.52,15,purchase,0,3460,0,14.79,0
88.9,11,withdrawal,0,2294,1,19.92,0
14.03,14,withdrawal,0,3175,0,16.58,0
51.31,11,purchase,0,2402,1,8.26,0
984.42,18,online,1,204,6,81.1,1
86.28,20,withdrawal,1,3512,3,1.72,0
70.79,22,online,0,2544,4,3.5,0
91.24,6,purchase,0,1234,3,7.15,0
40.31,9,withdrawal,0,1592,1,4.39,0
71.45,19,purchase,0,3365,1,0.23,0
32.67,6,withdrawal,0,2806,3,12.11,0
56.34,7,purchase,0,3538,3,3.67,0
191.88,18,purchase,0,1186,4,24.1,0
11.32,12,purchase,0,811,4,2.53,0
29.3,6,withdrawal,0,176,2,10.88,0
11.65,18,purchase,0,3614,2,2.69,0
63.03,16,withdrawal,0,76,0,1.46,0
90.25,13,purchase,0,2816,3,10.82,0
113.39,22,withdrawal,1,2452,4,43.45,0
120.23,22,withdrawal,0,491,0,13.1,0
62.23,18,withdrawal,0,2807,3,0.69,0
32.6,14,transfer,0,2317,2,9.66,0
52.87,6,purchase,0,3147,0,34.05,0
39.2,13,transfer,0,899,1,0.13,0
168.33,18,purchase,0,590,3,9.79,0
71.15,9,withdrawal,0,52,4,7.47,0
35.74,13,transfer,0,353,3,7.72,0
29.42,11,purchase,0,3529,0,2.12,0
12.86,10,purchase,0,1966,1,21.69,0
50.86,18,purchase,0,3530,3,3.8,0
34.05,22,purchase,0,3393,0,0.44,0
49.95,15,online,0,3154,2,17.1,0
71.24,7,purchase,0,3416,3,32.44,0
108.03,8,withdrawal,0,1514,3,41.52,0
77.65,17,transfer,0,3269,2,18.05,0
114.36,13,purchase,0,3199,1,31.2,0
47.04,8,purchase,0,2669,2,11.21,0
33.54,17,transfer,0,3054,1,4.41,0
107.04,9,online,0,2169,2,0.63,0
32.43,19,purchase,0,176,3,5.21,0
24.85,13,transfer,0,3305,1,21.68,0
166.7,22,purchase,0,564,1,3.8,0
63.48,14,purchase,0,780,3,2.65,0
26.09,17,withdrawal,0,2776,2,22.05,0
104.94,16,purchase,0,2567,0,3.86,0
122.63,19,purchase,0,1055,3,36.73,0
159.5,18,purchase,0,737,1,4.61,0
145.3,20,purchase,0,2103,0,0.44,0
33.02,9,online,0,3280,1,25.7,0
84.49,11,purchase,0,3036,2,8.95,0
68.05,8,online,0,2479,1,39.09,0
118.55,21,withdrawal,0,1020,1,5.1,0
40.38,16,online,0,3484,1,2.26,0
108.26,14,purchase,0,1034,5,2.61,0
8.98,20,purchase,0,214,4,4.97,0
91.84,12,online,0,3259,4,3.73,0
55.25,13,purchase,1,46,1,1.42,0
187.37,16,purchase,0,1521,2,6.5,0
46.33,21,purchase,1,3624,1,2.0,0
22.88,22,purchase,0,2726,3,7.05,0
43.62,14,withdrawal,0,2613,1,3.89,0
113.36,15,purchase,0,3610,2,28.04,0
160.4,12,transfer,0,2880,2,25.21,0
44.89,10,purchase,0,456,4,22.1,0
64.72,18,withdrawal,1,2226,5,11.73,0
64.07,16,purchase,1,2808,4,23.44,0
102.07,7,purchase,0,987,4,19.01,0
1612.0,17,purchase,0,249,9,188.69,1
25.06,20,purchase,0,2111,1,23.97,0
63.48,12,purchase,0,3614,1,7.88,0
135.64,18,transfer,0,2384,1,25.49,0
43.07,13,purchase,0,289,3,4.07,0
168.68,9,purchase,0,195,1,7.0,0
94.99,21,transfer,0,2249,3,0.76,0
206.62,8,purchase,0,1042,5,14.18,0
64.72,9,online,0,3421,3,11.59,0
91.43,7,purchase,0,2873,3,38.05,0
505.31,10,transfer,0,97,5,533.23,1
137.6,22,purchase,0,3156,4,4.17,0
245.3,21,purchase,0,3398,3,1.65,0
55.63,21,purchase,0,104,1,1.57,0
38.21,20,online,0,1935,7,13.91,0
178.98,14,online,0,317,1,3.81,0
113.6,9,purchase,0,75,3,17.76,0
16.24,10,purchase,0,141,0,3.02,0
94.53,14,withdrawal,0,953,2,3.53,0
90.68,17,purchase,0,560,4,6.72,0
48.39,8,purchase,0,488,3,0.97,0
35.81,8,online,0,1718,4,7.91,0
95.42,8,purchase,0,3017,3,1.11,0
93.1,10,online,0,1908,2,0.55,0
60.71,12,purchase,0,1768,1,4.2,0
151.88,21,withdrawal,0,1721,1,9.09,0
87.8,6,purchase,0,1137,5,17.45,0
15.2,16,purchase,0,2296,2,32.59,0
93.73,11,transfer,0,501,1,3.8,0
22.57,22,purchase,1,860,4,0.35,0
48.88,18,withdrawal,0,3067,0,23.55,0
76.87,16,online,0,695,3,27.14,0
46.07,21,withdrawal,0,2363,2,14.06,0
36.96,11,transfer,0,151,4,30.34,0
107.23,13,purchase,0,2930,1,68.95,0
39.47,14,purchase,0,2400,5,55.98,0
116.3,10,transfer,0,1928,1,2.76,0
107.11,6,purchase,0,3010,4,19.5,0
15.03,18,purchase,0,2819,4,8.29,0
182.04,10,online,1,232,7,435.73,1
191.52,11,online,0,517,3,39.76,0
44.28,18,purchase,0,291,2,7.17,0
74.6,6,transfer,0,3368,3,55.03,0
99.64,13,purchase,0,1205,1,48.81,0
63.75,12,purchase,0,715,1,2.0,0
6.28,22,withdrawal,0,1815,2,19.28,0
102.5,21,withdrawal,0,2420,3,11.14,0
121.22,19,withdrawal,0,385,3,1.69,0
60.56,21,purchase,0,2448,0,10.65,0
100.78,10,online,0,1523,2,10.11,0
173.34,13,online,0,1511,0,11.55,0
14.37,18,purchase,1,80,2,2.63,0
134.22,11,purchase,0,1353,4,16.22,0
171.28,8,online,0,3241,1,61.57,0
20.44,19,purchase,0,1093,3,2.74,0
35.77,6,purchase,0,1924,2,29.63,0
57.78,19,purchase,1,2169,3,40.48,0
69.06,9,transfer,0,970,2,5.94,0
84.75,10,withdrawal,0,3596,2,1.23,0
969.48,2,purchase,1,22,3,122.14,1
36.51,11,purchase,0,1402,1,53.41,0
64.09,19,purchase,0,1547,2,12.3,0
82.63,17,purchase,0,269,2,5.97,0
163.28,11,online,0,2086,5,9.51,0
270.91,16,withdrawal,0,651,2,24.03,0
74.57,7,withdrawal,0,3140,1,7.13,0
50.33,13,online,0,491,0,37.62,0
67.33,10,withdrawal,0,551,1,7.58,0
29.64,10,online,0,1907,0,8.91,0
47.69,6,withdrawal,0,1559,1,22.19,0
138.1,9,purchase,0,3168,1,4.48,0
48.46,8,withdrawal,0,912,1,28.96,0
26.2,16,transfer,0,1687,3,13.09,0
1019.96,12,purchase,1,339,6,447.14,1
97.38,9,purchase,0,2733,3,1.04,0
136.67,9,purchase,0,297,3,15.9,0
50.6,19,withdrawal,0,2037,2,7.21,0
54.91,6,withdrawal,0,3036,1,44.83,0
76.4,8,purchase,1,1661,0,0.83,0
63.18,11,purchase,0,355,0,4.6,0
14.23,11,purchase,0,1220,1,7.09,0
89.46,12,transfer,0,796,1,16.27,0
28.39,17,purchase,0,920,5,12.57,0
44.04,21,online,0,2312,3,6.0,0
20.1,21,purchase,0,2919,2,3.04,0
53.31,11,online,0,142,3,6.28,0
12.57,19,purchase,0,2517,1,18.99,0
34.07,17,transfer,0,1649,1,43.35,0
33.53,6,purchase,0,2326,0,4.37,0
440.41,10,online,1,119,2,354.68,1
56.95,9,purchase,0,696,2,7.69,0
191.26,6,withdrawal,1,2341,2,13.96,0
95.27,7,purchase,1,1447,1,4.19,0
58.16,20,purchase,0,805,1,9.98,0
93.29,9,purchase,0,308,1,18.96,0
139.36,21,online,0,2733,1,16.27,0
112.41,17,transfer,0,2039,0,19.41,0
185.05,22,transfer,0,2561,2,8.56,0
159.28,6,online,1,2314,0,5.46,0
33.97,22,withdrawal,0,2516,2,29.27,0
39.81,6,purchase,0,821,1,21.49,0
4.25,19,purchase,0,48,0,51.41,0
54.81,9,withdrawal,0,2385,4,1.36,0
42.55,14,purchase,0,1246,1,12.75,0
100.67,8,purchase,0,627,2,3.21,0
93.01,14,purchase,0,2818,2,8.0,0
80.74,13,purchase,0,828,3,17.14,0
34.04,6,withdrawal,0,2182,5,5.07,0
246.27,16,purchase,0,541,0,40.18,0
107.83,21,online,0,327,0,7.1,0
51.93,7,purchase,0,2854,1,5.97,0
120.29,20,withdrawal,0,2269,7,2.96,0
1429.37,4,online,1,319,5,102.82,1
46.36,10,withdrawal,0,3018,1,14.29,0
74.57,10,purchase,0,1463,4,47.51,0
30.78,15,online,0,224,2,7.52,0
93.95,6,purchase,0,255,1,14.97,0
118.66,7,purchase,0,679,0,2.02,0
79.7,18,online,0,2345,3,2.47,0
116.59,20,transfer,0,3505,3,3.31,0
65.69,13,transfer,0,3177,3,5.02,0
83.51,19,purchase,0,3188,4,7.82,0
31.85,13,purchase,0,412,1,16.62,0
38.43,17,withdrawal,0,1033,1,1.77,0
128.2,13,purchase,0,160,4,39.78,0
49.52,16,online,0,1293,2,33.75,0
167.77,9,transfer,0,2337,1,4.73,0
139.86,9,purchase,0,2291,2,6.24,0
132.95,12,purchase,0,164,3,15.22,0
196.42,12,transfer,0,2453,2,36.62,0
68.55,19,purchase,0,909,2,24.76,0
126.89,9,withdrawal,0,2179,4,18.0,0
56.48,21,purchase,0,3576,4,34.42,0
204.38,11,online,0,1797,4,23.2,0
119.8,17,withdrawal,0,263,3,55.53,0
63.67,11,withdrawal,0,2624,1,8.33,0
84.9,7,withdrawal,0,1272,3,35.37,0
128.15,19,transfer,0,1956,1,29.99,0
116.5,13,online,0,1311,3,7.92,0
60.83,19,purchase,0,439,2,0.12,0
31.33,10,withdrawal,0,209,1,8.44,0
73.36,11,purchase,0,3317,3,22.84,0
62.31,10,purchase,0,777,5,9.57,0
38.54,20,purchase,1,293,0,2.68,0
108.04,9,purchase,0,3484,1,2.91,0
42.58,21,purchase,0,202,3,6.35,0
94.9,8,transfer,0,2439,5,2.05,0
55.28,15,purchase,0,1552,1,32.41,0
52.86,6,withdrawal,0,1477,4,64.37,0
801.29,2,online,0,323,2,907.49,1
8.85,15,transfer,0,543,2,0.82,0
83.62,19,withdrawal,0,2287,2,24.87,0
10.86,13,withdrawal,0,1173,1,18.31,0
1.81,6,transfer,0,3185,3,10.65,0
140.41,19,withdrawal,0,1779,2,13.96,0
14.99,7,purchase,0,3170,1,9.07,0
88.81,18,transfer,0,1191,1,4.68,0
9.71,21,withdrawal,0,343,3,16.71,0
9.66,8,transfer,0,3547,4,20.83,0
101.4,15,purchase,0,2373,1,9.75,0
13.85,18,purchase,0,2830,2,23.73,0
75.92,10,purchase,0,2721,1,2.42,0
88.73,11,withdrawal,0,1667,2,22.89,0
43.04,9,purchase,1,128,4,38.61,0
384.63,18,purchase,0,1583,0,6.66,0
18.82,6,transfer,0,395,2,2.7,0
124.14,18,online,0,1462,4,1.55,0
115.13,18,purchase,0,2646,1,38.71,0
89.52,21,online,0,2937,2,34.64,0
57.12,22,purchase,0,3337,1,16.46,0
73.65,15,purchase,0,1634,3,4.56,0
54.43,8,online,1,2577,3,3.46,0
50.29,20,purchase,1,2861,1,11.58,0
70.31,18,withdrawal,0,89,1,2.01,0
64.6,14,purchase,0,2816,1,18.28,0
99.75,19,withdrawal,0,1214,1,44.82,0
84.45,20,online,1,488,1,41.99,0
66.44,18,transfer,0,267,2,1.79,0
66.41,12,withdrawal,0,2218,2,3.53,0
33.07,16,withdrawal,0,2264,1,1.11,0
126.21,13,online,0,3370,0,3.6,0
103.03,8,purchase,0,1255,0,4.67,0
393.89,1,transfer,0,58,10,83.51,1
35.34,21,online,0,348,2,28.57,0
49.95,14,transfer,0,3077,1,2.97,0
78.4,17,purchase,0,183,0,6.08,0
118.38,10,withdrawal,0,1251,1,10.31,0
16.9,11,purchase,0,3286,3,1.32,0
29.18,19,online,0,1460,5,43.78,0
69.42,18,transfer,0,818,2,4.66,0
12.86,22,purchase,1,3522,1,2.86,0
42.9,13,withdrawal,0,1620,4,40.63,0
52.75,7,purchase,0,1760,1,4.49,0
93.25,9,purchase,0,2282,1,10.85,0
187.72,17,transfer,0,465,1,38.9,0
26.88,21,purchase,0,3406,0,1.48,0
103.6,21,purchase,0,1795,1,5.23,0
77.07,18,transfer,0,2773,3,55.32,0
166.71,20,purchase,0,2274,3,6.67,0
22.91,18,withdrawal,0,1360,2,25.46,0
11.7,9,online,0,2337,1,15.35,0
52.94,7,purchase,0,3432,1,26.99,0
59.31,22,online,0,2563,3,9.0,0
18.45,14,purchase,0,1206,4,4.22,0
125.26,12,purchase,0,2819,3,0.05,0
97.58,15,purchase,0,1689,0,41.61,0
154.33,10,purchase,1,2973,0,9.13,0
18.58,7,transfer,0,2331,0,23.04,0
42.91,7,withdrawal,0,764,1,0.77,0
116.26,9,purchase,0,2197,4,18.17,0
32.99,18,online,0,273,0,16.26,0
72.29,13,withdrawal,0,2655,3,9.18,0
33.64,20,withdrawal,0,1467,2,1.57,0
54.29,8,transfer,0,2836,1,3.2,0
21.31,7,purchase,0,640,1,19.79,0
129.18,10,purchase,0,1217,1,10.16,0
85.07,10,transfer,0,2640,2,14.62,0
36.46,7,purchase,0,1876,1,2.9,0
47.51,6,online,0,1284,1,19.44,0
144.92,19,online,0,1374,3,14.99,0
128.91,11,purchase,0,3610,1,39.55,0
96.88,6,purchase,0,1802,1,26.32,0
87.16,21,purchase,0,2231,1,1.62,0
43.81,15,transfer,0,3393,3,1.89,0
143.64,22,withdrawal,0,2666,5,38.45,0
52.97,15,purchase,0,1216,3,8.96,0
19.58,21,purchase,1,1700,0,8.03,0
185.38,12,transfer,0,32,2,10.25,0
140.58,15,purchase,0,2130,5,18.72,0
341.54,6,transfer,0,34,8,32.12,1
49.24,11,withdrawal,0,866,2,4.98,0
61.71,12,purchase,0,3470,5,19.61,0
24.18,20,withdrawal,1,1897,1,5.9,0
56.32,16,withdrawal,0,2412,2,43.76,0
16.23,12,withdrawal,1,2232,2,2.42,0
84.4,21,purchase,0,2968,1,9.74,0
35.76,22,online,0,3114,0,11.48,0
44.94,19,purchase,0,3217,1,22.26,0
72.94,18,purchase,0,3138,3,8.51,0
129.27,19,withdrawal,0,992,3,9.45,0
24.83,10,withdrawal,0,952,1,2.4,0
82.72,14,withdrawal,0,1613,2,10.04,0
168.62,9,online,0,3136,3,17.13,0
72.43,9,withdrawal,0,543,0,42.45,0
135.38,17,purchase,0,1010,2,7.52,0
95.03,22,purchase,0,2229,3,4.8,0
25.37,12,online,0,3299,1,34.63,0
146.8,16,purchase,0,59,1,21.8,0
69.28,15,purchase,0,2500,0,3.78,0
249.42,9,withdrawal,1,5,7,22.48,1
107.38,18,withdrawal,0,2094,0,57.87,0
120.73,20,purchase,0,3079,1,6.46,0
98.37,8,transfer,0,766,3,49.58,0
75.1,7,online,0,289,1,7.55,0
69.87,21,withdrawal,0,964,2,0.56,0
189.28,9,purchase,0,1092,1,41.25,0
28.52,7,purchase,0,818,5,32.38,0
54.19,14,transfer,0,3508,2,9.21,0
56.71,11,purchase,0,550,1,11.85,0
14.76,13,withdrawal,1,473,4,3.49,0
34.66,10,withdrawal,0,2918,1,23.01,0
46.43,18,purchase,0,2357,1,1.86,0
165.84,15,purchase,0,2426,4,11.84,0
98.55,18,transfer,0,1633,3,12.21,0
61.2,14,purchase,0,1736,2,14.44,0
27.39,8,transfer,0,3184,1,3.34,0
100.52,14,transfer,0,2587,1,4.74,0
64.29,10,transfer,0,831,1,1.32,0
142.28,17,purchase,0,2262,1,4.26,0
47.79,22,transfer,0,1593,1,2.44,0
2.67,14,withdrawal,0,796,2,2.78,0
28.27,21,withdrawal,0,2276,3,5.34,0
29.37,8,purchase,0,1801,3,5.08,0
35.73,10,purchase,0,3244,1,4.18,0
60.18,19,online,0,3578,2,1.69,0
9.0,16,online,1,124,0,22.38,0
619.01,15,online,0,42,4,414.58,1
22.15,19,online,0,397,1,12.41,0
34.37,21,transfer,0,598,0,1.0,0
89.46,14,transfer,0,2790,0,41.7,0
101.66,13,purchase,0,2406,1,27.49,0
31.2,19,purchase,0,2035,2,4.7,0
56.51,14,withdrawal,0,1571,5,36.16,0
96.8,10,transfer,0,3511,1,29.81,0
245.96,21,purchase,0,2140,5,17.07,0
73.72,18,withdrawal,0,902,1,6.03,0
42.52,17,purchase,0,1500,2,2.56,0
94.82,16,purchase,0,360,1,2.37,0
180.93,12,purchase,0,762,2,72.05,0
60.73,17,purchase,0,373,1,41.06,0
78.41,21,purchase,0,72,1,0.24,0
19.06,17,online,0,2011,2,18.4,0
82.91,20,withdrawal,0,2026,2,61.91,0
134.96,11,transfer,0,1706,1,0.96,0
13.82,16,purchase,0,272,0,12.98,0
144.18,18,purchase,0,2482,3,16.91,0
18.4,16,online,0,1634,1,1.4,0
80.76,19,purchase,0,2341,0,44.2,0
121.65,9,withdrawal,0,1894,1,13.08,0
76.39,22,purchase,0,3578,5,8.02,0
137.95,17,purchase,0,2680,2,4.12,0
43.88,9,online,0,3527,0,20.81,0
100.57,17,transfer,0,591,1,6.93,0
146.27,17,online,0,683,1,20.82,0
34.48,17,transfer,0,1235,3,14.93,0
171.54,9,online,0,292,5,6.71,0
65.15,19,transfer,0,1741,2,13.71,0
69.34,10,purchase,0,2749,1,2.14,0
135.27,21,purchase,0,318,5,19.96,0
97.86,17,withdrawal,0,2325,3,22.95,0
187.68,16,purchase,0,647,1,3.23,0
46.11,8,purchase,0,2371,0,34.54,0
143.41,10,transfer,0,468,0,14.34,0
97.29,7,online,0,2290,1,24.76,0
148.71,20,purchase,1,467,3,12.46,0
61.34,17,transfer,0,547,1,2.07,0
50.78,7,online,0,682,3,0.24,0
17.26,20,withdrawal,0,2910,3,34.5,0
76.1,9,purchase,0,1915,0,1.42,0
103.3,6,purchase,0,2823,0,0.38,0
190.2,18,withdrawal,0,503,2,0.7,0
135.94,14,online,0,919,0,10.92,0
175.81,14,withdrawal,0,1445,2,6.71,0
119.75,7,online,0,3044,4,1.98,0
78.17,20,purchase,0,3164,4,15.46,0
135.82,20,transfer,0,648,2,7.91,0
256.75,22,purchase,0,2636,0,35.4,0
99.03,13,transfer,0,553,2,48.21,0
31.61,19,transfer,0,2973,3,1.22,0
131.72,10,purchase,0,3080,2,14.99,0
51.87,18,purchase,0,2193,1,3.33,0
99.02,10,purchase,0,669,1,68.68,0
53.42,10,withdrawal,0,3146,2,52.1,0
86.24,11,withdrawal,0,1328,4,27.54,0
84.51,19,withdrawal,0,1222,0,2.75,0
82.72,11,purchase,0,3382,0,17.52,0
102.96,22,purchase,0,527,3,2.32,0
10.76,10,online,0,1071,1,11.74,0
36.51,12,online,0,3263,3,7.38,0
114.08,16,transfer,0,3472,2,10.74,0
91.35,15,transfer,0,234,2,13.42,0
21.4,16,online,0,2807,2,47.56,0
54.21,11,transfer,0,1168,3,2.46,0
41.48,19,withdrawal,0,3190,1,0.71,0
59.59,22,purchase,0,98,2,28.91,0
75.15,11,purchase,0,2275,1,25.04,0
101.47,16,online,0,2597,0,5.93,0
60.02,10,purchase,0,364,3,11.85,0
150.78,20,online,0,116,1,30.38,0
492.87,4,withdrawal,1,248,7,152.58,1
20.22,20,purchase,0,780,1,43.43,0
70.77,21,purchase,0,1218,3,15.19,0
90.82,16,withdrawal,0,2725,1,0.94,0
142.24,19,transfer,0,3292,8,7.73,0
70.04,11,transfer,0,260,2,8.86,0
106.26,8,transfer,0,308,3,0.31,0
55.35,15,purchase,0,3541,0,11.66,0
22.28,11,purchase,0,1479,1,21.56,0
350.79,13,online,0,1460,2,15.34,0
82.08,8,purchase,0,1313,4,8.24,0
60.24,22,online,0,1837,1,43.83,0
163.72,12,online,0,2260,1,1.8,0
22.52,16,withdrawal,0,806,3,13.84,0
112.91,20,purchase,0,1382,2,9.96,0
115.64,14,withdrawal,0,144,0,13.65,0
182.98,17,withdrawal,0,135,1,15.13,0
177.86,15,purchase,0,1488,2,3.77,0
16.23,15,withdrawal,0,1788,1,4.83,0
41.08,7,purchase,0,473,3,0.97,0
141.95,9,withdrawal,0,3259,1,4.04,0
37.0,14,purchase,0,2469,3,6.82,0
62.7,9,purchase,0,673,0,17.34,0
126.39,13,purchase,0,3582,2,4.16,0
114.47,9,purchase,0,145,3,14.81,0
49.37,7,purchase,0,884,3,2.75,0
56.94,21,purchase,0,2590,3,0.71,0
33.07,6,purchase,0,2796,2,8.03,0
36.41,16,purchase,0,3630,0,1.45,0
197.96,19,purchase,0,2703,1,12.39,0
39.58,9,purchase,0,1204,2,0.52,0
238.77,12,purchase,0,3249,6,0.42,0
39.2,9,withdrawal,0,400,1,10.69,0
11.49,9,purchase,0,171,4,9.41,0
62.72,21,transfer,0,831,1,9.08,0
60.48,8,withdrawal,0,1333,0,13.4,0
39.84,13,purchase,0,1550,1,2.34,0
68.4,7,purchase,0,239,1,35.01,0
85.56,17,purchase,0,2051,0,28.55,0
124.11,18,purchase,0,1674,4,5.29,0
121.23,20,transfer,0,2885,1,38.88,0
34.97,7,purchase,0,2804,2,2.01,0
7.95,11,online,0,1810,3,2.9,0
96.36,9,transfer,0,2532,1,41.33,0
168.29,9,transfer,0,2012,1,10.57,0
19.41,13,transfer,0,3338,0,2.61,0
56.47,22,purchase,1,2222,1,7.92,0
33.55,20,withdrawal,1,2065,2,5.32,0
66.3,6,withdrawal,0,3486,0,23.14,0
21.02,8,online,0,3451,2,28.96,0
30.32,14,withdrawal,0,2798,1,25.1,0
127.9,15,withdrawal,0,726,3,15.68,0
44.48,16,purchase,0,3195,2,22.89,0
73.89,10,purchase,0,3550,2,5.85,0
43.17,7,purchase,0,2035,2,31.15,0
51.62,21,withdrawal,0,3053,3,26.46,0
156.04,18,purchase,0,527,2,2.92,0
24.48,17,withdrawal,0,3005,4,68.78,0
42.7,13,purchase,0,1518,2,12.42,0
102.88,10,transfer,1,1545,0,0.78,0
68.74,18,online,0,275,4,5.73,0
70.16,15,purchase,0,3380,1,0.57,0
126.31,8,purchase,0,2255,0,9.69,0
113.39,10,purchase,0,150,2,3.71,0
118.27,8,purchase,0,2207,3,6.03,0
100.4,15,purchase,0,1373,3,12.33,0
68.12,21,purchase,0,1692,2,8.16,0
5.9,20,online,0,2833,1,11.4,0
14.6,10,online,0,168,3,28.36,0
20.45,17,purchase,0,2747,1,0.14,0
36.44,22,withdrawal,0,1922,3,1.37,0
32.79,8,withdrawal,0,905,6,8.36,0
99.11,18,purchase,0,674,2,6.24,0
161.57,17,purchase,0,1853,4,8.73,0
26.08,9,withdrawal,0,2145,0,26.69,0
35.17,19,transfer,1,187,1,32.72,0
26.71,21,purchase,0,2559,3,61.13,0
27.19,20,online,0,1020,2,6.55,0
62.16,9,online,0,1938,4,3.17,0
115.59,11,purchase,0,2108,0,12.83,0
180.73,22,purchase,0,994,4,44.23,0
31.59,8,online,0,2266,2,42.85,0
45.56,10,purchase,0,2970,2,14.16,0
79.02,18,purchase,0,199,0,5.09,0
67.83,22,purchase,0,233,3,4.99,0
98.61,21,purchase,0,2433,1,1.92,0
3.39,11,transfer,0,161,1,33.14,0
41.07,15,purchase,0,687,1,9.29,0
66.48,17,withdrawal,0,1879,0,12.41,0
15.76,7,online,0,486,0,5.75,0
185.98,8,withdrawal,0,1740,1,35.82,0
6.08,22,online,0,1304,3,3.35,0
45.21,16,transfer,0,288,5,3.19,0
70.09,14,withdrawal,0,162,2,66.63,0
7.95,9,purchase,0,3296,0,3.33,0
134.91,7,online,0,2290,0,5.62,0
227.91,19,purchase,0,2337,0,0.45,0
31.39,19,purchase,0,1069,2,11.77,0
19.07,7,online,0,3582,1,4.46,0
19.24,8,purchase,0,794,1,10.03,0
85.66,21,purchase,0,2514,1,16.2,0
9.22,12,purchase,0,2609,1,13.61,0
58.3,17,transfer,0,2725,1,0.76,0
3.51,13,purchase,0,2686,3,20.85,0
70.67,15,purchase,0,3015,1,11.32,0
166.57,9,withdrawal,0,3480,3,17.2,0
67.93,7,purchase,0,3149,0,37.4,0
13.23,8,purchase,0,1218,1,7.58,0
24.88,19,withdrawal,0,2086,0,10.06,0
53.02,6,purchase,0,2712,2,1.58,0
65.03,8,online,0,3396,0,4.12,0
24.41,20,purchase,0,1553,4,12.37,0
16.67,22,transfer,0,2164,3,2.61,0
18.74,13,withdrawal,0,1710,0,27.49,0
18.85,15,withdrawal,0,2318,4,7.08,0
81.82,15,purchase,0,601,0,3.14,0
98.08,7,withdrawal,0,3223,2,8.42,0
54.08,7,purchase,1,1531,1,13.28,0
166.85,20,withdrawal,0,2403,0,38.05,0
77.33,13,purchase,0,3563,2,5.04,0
4.97,7,withdrawal,1,361,1,14.36,0
18.63,11,purchase,0,2900,4,12.29,0
26.97,20,purchase,0,2207,2,0.92,0
20.99,20,transfer,0,3562,4,17.96,0
100.77,12,purchase,0,155,1,7.87,0
16.36,10,purchase,0,113,4,38.1,0
8.5,8,withdrawal,0,1598,2,16.85,0
57.37,7,purchase,0,344,1,2.45,0
52.14,20,purchase,0,2344,1,16.27,0
93.75,13,withdrawal,0,1086,2,3.13,0
66.52,20,online,0,2053,4,1.7,0
137.34,22,online,0,1952,2,12.82,0
29.27,15,transfer,0,2819,2,25.72,0
134.42,9,purchase,0,2341,1,24.76,0
35.39,13,online,0,2856,0,45.12,0
47.07,15,purchase,0,748,1,22.12,0
45.27,9,withdrawal,0,906,2,2.44,0
80.25,11,purchase,0,2858,0,9.86,0
134.35,14,transfer,0,3215,0,4.38,0
108.13,18,purchase,0,2122,2,14.38,0
180.94,15,purchase,0,2667,3,26.55,0
57.8,14,purchase,0,2144,2,11.88,0
60.36,16,withdrawal,0,1972,3,31.36,0
92.54,12,transfer,0,3435,2,6.57,0
80.28,22,withdrawal,0,287,1,1.98,0
71.57,13,transfer,0,430,1,0.72,0
53.81,19,withdrawal,0,1458,0,25.3,0
83.54,15,transfer,0,2992,4,3.61,0
88.57,20,purchase,0,591,4,5.59,0
151.08,10,purchase,0,404,1,1.81,0
36.97,14,purchase,0,346,1,5.83,0
108.76,10,purchase,0,1430,1,10.67,0
27.7,17,purchase,0,1703,2,8.25,0
32.47,17,purchase,0,143,2,17.12,0
34.36,14,withdrawal,0,574,0,1.22,0
68.42,14,withdrawal,0,3227,4,5.5,0
56.62,7,transfer,0,962,2,4.41,0
102.62,20,withdrawal,0,1053,5,24.39,0
1061.43,2,withdrawal,0,330,5,73.15,1
65.2,21,online,0,3382,2,2.45,0
79.09,13,transfer,0,2951,0,25.09,0
14.44,22,purchase,0,1517,1,0.09,0
49.33,7,purchase,0,3568,1,23.86,0
127.0,9,purchase,0,2558,2,9.38,0
78.36,13,withdrawal,0,1525,5,12.59,0
275.66,19,transfer,0,54,1,4.67,0
109.05,16,online,0,1118,5,15.28,0
179.64,15,online,0,920,2,12.5,0
34.42,11,purchase,0,701,4,13.53,0
75.72,7,withdrawal,0,3161,1,1.82,0
158.79,20,purchase,0,3083,1,5.73,0
87.44,15,purchase,0,2986,4,1.68,0
36.21,11,withdrawal,0,3084,2,40.53,0
132.97,12,online,0,3166,3,11.97,0
10.81,21,transfer,0,2180,3,15.21,0
51.43,9,online,0,2078,2,0.53,0
135.62,14,purchase,0,78,3,23.45,0
58.96,7,transfer,0,1483,3,21.64,0
81.34,7,purchase,0,794,0,1.65,0
15.53,17,purchase,0,2820,0,13.56,0
71.35,21,transfer,0,994,8,20.86,0
76.66,11,withdrawal,0,580,2,18.21,0
227.21,18,purchase,0,1092,3,32.69,0
5.84,8,purchase,0,1574,2,9.82,0
154.22,11,purchase,0,1327,2,11.08,0
73.98,8,purchase,0,1899,2,23.72,0
12.08,21,purchase,0,2174,2,11.04,0
52.76,6,purchase,0,3569,2,6.65,0
27.37,10,online,0,697,1,22.72,0
87.28,20,purchase,0,637,1,38.5,0
105.22,6,purchase,0,191,1,10.52,0
91.42,15,purchase,0,880,0,9.24,0
141.69,9,purchase,0,2629,2,160.41,0
227.36,15,transfer,0,888,1,0.59,0
43.14,13,transfer,0,1580,1,26.99,0
48.73,10,purchase,0,2919,3,14.5,0
87.94,10,purchase,0,2047,1,1.76,0
45.02,18,transfer,0,575,1,12.85,0
49.45,11,purchase,0,3609,3,2.12,0
17.92,21,purchase,0,2797,3,21.58,0
43.84,19,transfer,0,792,0,28.36,0
160.82,8,purchase,0,1500,1,16.51,0
98.89,16,withdrawal,0,776,3,18.68,0
123.09,10,purchase,0,624,2,5.13,0
107.74,19,purchase,0,923,1,18.92,0
171.77,22,purchase,0,457,2,0.77,0
57.71,17,withdrawal,0,1943,0,26.68,0
294.72,18,purchase,1,1181,2,60.3,0
138.0,15,transfer,0,673,2,8.53,0
197.7,17,purchase,0,2305,1,3.81,0
221.12,21,transfer,0,132,3,6.22,0
70.61,16,withdrawal,0,2432,2,7.73,0
2.14,20,transfer,0,3270,2,5.11,0
41.83,18,withdrawal,0,2602,4,0.04,0
163.24,11,online,0,985,3,11.5,0
53.08,9,transfer,0,2480,3,8.06,0
141.68,14,purchase,0,3375,3,5.88,0
49.21,22,online,0,1405,1,21.52,0
11.08,17,withdrawal,0,2270,1,15.44,0
62.28,15,purchase,0,91,5,31.37,0
97.17,22,purchase,0,3086,1,7.94,0
53.14,7,online,0,575,0,22.47,0
40.08,6,online,0,100,2,3.15,0
156.99,11,purchase,0,2842,4,33.73,0
206.99,21,transfer,0,2988,3,1.33,0
40.78,10,purchase,0,769,1,9.77,0
120.43,7,withdrawal,0,2228,2,10.41,0
5.37,8,transfer,0,842,2,4.9,0
103.67,15,purchase,0,2057,3,16.76,0
43.17,7,transfer,0,3117,2,10.21,0
146.13,12,purchase,0,777,1,3.42,0
177.16,13,purchase,0,2637,4,15.12,0
123.12,13,withdrawal,0,1700,8,1.97,0
89.71,20,online,0,2535,3,20.96,0
21.91,15,purchase,0,3066,0,4.77,0
70.64,20,purchase,0,2357,1,23.84,0
117.22,17,withdrawal,0,3029,2,1.07,0
68.98,13,transfer,0,910,1,22.1,0
74.61,16,online,0,1841,1,14.36,0
313.26,12,purchase,0,180,3,31.72,0
93.73,16,transfer,0,2777,0,3.02,0
53.31,8,withdrawal,0,1869,1,3.96,0
24.83,11,withdrawal,0,3542,1,15.84,0
52.22,13,withdrawal,0,2472,1,19.4,0
43.91,18,purchase,0,548,2,1.46,0
12.96,6,purchase,0,2408,3,10.74,0
29.71,11,transfer,0,983,4,2.33,0
17.59,20,purchase,0,1661,2,12.5,0
146.22,9,transfer,1,3417,2,4.17,0
47.53,22,purchase,0,3109,2,3.06,0
88.73,17,transfer,0,2373,1,4.47,0
203.04,7,purchase,0,2512,1,7.9,0
44.26,19,withdrawal,0,941,3,3.29,0
15.12,17,online,0,2403,4,14.82,0
66.25,20,online,0,3390,5,21.96,0
124.61,7,transfer,0,187,2,21.21,0
61.29,8,purchase,0,3556,2,22.65,0
113.75,18,purchase,0,766,2,14.09,0
138.32,19,purchase,0,425,1,13.73,0
3.99,20,withdrawal,0,347,2,18.73,0
22.02,19,withdrawal,0,1219,4,7.47,0
181.99,22,online,0,2288,4,17.81,0
13.74,12,purchase,0,3291,1,32.89,0
24.65,15,purchase,0,2703,2,6.73,0
24.28,20,purchase,0,3607,2,16.13,0
132.53,6,online,0,349,4,15.03,0
125.49,10,transfer,0,116,1,2.57,0
68.6,7,transfer,0,473,1,2.94,0
95.11,11,withdrawal,0,2541,1,18.69,0
50.01,11,purchase,0,2643,5,14.8,0
72.79,10,purchase,0,357,5,1.34,0
141.06,9,online,0,2300,1,11.59,0
153.29,10,withdrawal,0,1057,4,46.32,0
54.59,11,purchase,0,351,2,22.65,0
126.48,18,online,0,97,4,20.89,0
60.26,6,online,0,868,3,2.82,0
50.08,11,purchase,0,1498,1,11.0,0
178.32,10,purchase,0,1753,2,10.37,0
101.34,17,online,0,395,1,5.15,0
21.68,18,purchase,0,268,0,21.04,0
72.11,20,withdrawal,0,2798,2,2.73,0
93.64,9,withdrawal,0,310,2,3.18,0
342.45,22,transfer,1,3156,3,4.08,0
8.69,7,transfer,0,2928,4,42.48,0
85.74,11,withdrawal,0,2976,1,5.31,0
23.11,22,purchase,0,3152,2,8.12,0
634.59,4,purchase,0,128,5,1018.48,1
20.26,13,purchase,0,3239,3,18.8,0
113.89,9,purchase,0,386,3,31.55,0
57.73,18,purchase,0,1663,0,6.18,0
24.42,12,withdrawal,0,3538,1,24.56,0
130.07,21,purchase,0,654,2,7.54,0
88.88,7,purchase,0,1515,3,29.44,0
97.99,8,purchase,0,2238,0,9.08,0
9.73,18,transfer,0,315,2,17.54,0
55.19,11,purchase,0,1300,1,56.84,0
51.27,21,purchase,0,3452,1,28.46,0
50.87,13,withdrawal,0,846,1,19.25,0
200.19,15,purchase,0,2156,2,18.93,0
84.75,7,purchase,0,621,3,2.34,0
53.96,19,transfer,1,94,1,24.4,0
175.32,19,purchase,0,946,0,8.95,0
185.99,18,purchase,0,1429,2,3.35,0
59.87,9,transfer,1,3366,0,6.33,0
63.33,6,purchase,0,1665,3,23.28,0
37.19,14,online,1,2790,3,4.3,0
2.41,11,transfer,0,215,1,7.19,0
19.28,21,withdrawal,0,2119,3,2.01,0
73.5,21,purchase,0,211,1,22.18,0
66.01,9,purchase,0,1932,3,22.75,0
146.56,22,purchase,0,1104,1,6.69,0
101.65,8,purchase,0,1567,0,7.25,0
67.82,12,withdrawal,0,2365,1,12.95,0
132.44,6,purchase,0,1206,0,32.1,0
14.44,6,withdrawal,0,1642,3,6.35,0
146.35,20,transfer,0,3367,2,15.02,0
25.58,18,purchase,0,2539,8,7.48,0
70.81,15,transfer,0,2332,1,4.16,0
108.02,21,purchase,0,2338,1,5.2,0
113.44,10,transfer,0,1979,1,1.25,0
60.65,17,withdrawal,0,3329,2,0.52,0
139.82,19,transfer,0,2229,3,37.87,0
225.76,12,online,0,1493,3,26.88,0
96.5,16,purchase,0,51,1,6.4,0
9.22,10,purchase,0,2521,3,10.11,0
36.01,19,transfer,0,2688,2,10.11,0
73.27,16,withdrawal,0,1724,3,7.97,0
42.92,18,transfer,0,574,3,3.73,0
75.48,14,withdrawal,0,32,3,21.06,0
61.51,19,purchase,0,2192,0,16.87,0
53.83,19,withdrawal,0,608,2,18.13,0
125.66,19,transfer,0,2424,1,10.8,0
202.1,7,transfer,0,2347,0,47.43,0
49.51,17,purchase,0,1531,5,14.18,0
165.26,14,purchase,0,1813,2,1.79,0
92.91,20,withdrawal,0,3310,2,18.24,0
94.43,10,transfer,0,1817,3,6.9,0
113.61,22,purchase,0,2822,2,28.85,0
17.26,11,purchase,0,395,1,30.7,0
27.56,10,purchase,0,741,3,17.05,0
17.08,21,purchase,0,2067,2,3.98,0
155.28,22,withdrawal,0,88,1,14.05,0
74.82,13,withdrawal,0,1992,1,0.69,0
209.9,13,withdrawal,0,144,2,11.67,0
104.55,17,purchase,0,3198,3,13.25,0
54.07,6,purchase,0,3628,4,8.41,0
68.49,9,online,0,2678,3,34.06,0
49.57,6,transfer,0,1811,1,6.64,0
96.75,10,withdrawal,0,2993,1,3.93,0
60.58,7,withdrawal,0,1210,1,1.73,0
114.96,13,transfer,0,1368,2,2.76,0
66.5,20,purchase,0,2721,1,27.66,0
79.05,8,withdrawal,0,1053,3,30.31,0
42.7,10,purchase,0,2860,3,12.38,0
100.61,10,withdrawal,0,1875,2,0.09,0
33.55,11,transfer,0,3323,1,7.01,0
55.09,7,withdrawal,0,2052,1,19.84,0
148.48,6,transfer,0,832,3,14.93,0
38.78,18,purchase,0,1918,2,11.58,0
11.02,6,transfer,0,2311,1,10.97,0
106.39,13,purchase,0,2152,1,7.23,0
63.07,14,transfer,0,2220,3,16.37,0
97.49,19,purchase,0,2569,2,0.41,0
31.65,11,transfer,0,1713,2,3.77,0
249.83,12,transfer,0,449,1,10.64,0
107.06,11,purchase,0,2833,2,9.92,0
76.64,19,purchase,0,2227,4,46.96,0
19.27,13,transfer,0,2954,1,26.99,0
132.38,19,withdrawal,0,105,3,1.14,0
176.26,18,online,1,2564,2,8.54,0
15.32,20,withdrawal,0,361,4,7.86,0
28.15,17,purchase,0,721,2,25.0,0
85.2,13,withdrawal,0,2248,1,18.29,0
60.91,18,online,0,708,5,65.92,0
958.62,14,online,1,111,3,1081.47,1
15.64,12,purchase,0,837,1,5.56,0
117.87,6,purchase,0,1562,2,9.76,0
50.71,17,withdrawal,0,1530,2,12.24,0
50.21,6,online,0,505,1,4.52,0
77.86,11,online,1,1561,1,14.63,0
49.13,21,purchase,0,1938,1,2.3,0
36.87,10,purchase,0,2142,5,24.54,0
64.76,21,purchase,0,1248,0,47.64,0
59.3,13,purchase,0,980,2,23.57,0
51.96,21,purchase,0,1848,2,14.65,0
146.43,19,transfer,0,620,0,29.64,0
19.48,18,purchase,0,2664,5,14.05,0
616.13,10,purchase,0,140,5,225.62,1
15.76,17,withdrawal,0,3050,5,26.69,0
62.23,9,online,0,2755,3,14.48,0
68.52,21,withdrawal,1,3414,2,20.49,0
114.57,15,purchase,0,2461,0,8.59,0
54.93,13,purchase,0,1691,1,19.73,0
89.68,21,online,0,1731,3,9.1,0
51.13,12,transfer,0,2473,1,1.25,0
186.88,13,online,1,229,5,478.94,1
88.55,18,withdrawal,0,1823,0,15.19,0
59.45,9,withdrawal,0,2023,3,2.22,0
58.78,15,purchase,0,3112,3,39.7,0
30.51,11,purchase,0,3097,2,5.41,0
219.94,22,withdrawal,0,726,4,8.99,0
58.32,6,purchase,0,1740,4,5.97,0
138.23,19,purchase,0,713,0,0.79,0
21.62,17,purchase,0,1878,3,42.35,0
149.45,20,withdrawal,0,1910,4,5.97,0
73.48,22,purchase,0,574,1,28.76,0
38.12,15,withdrawal,0,1718,1,14.07,0
99.66,15,withdrawal,0,2323,1,4.57,0
429.88,21,online,1,45,5,6.19,1
45.0,8,purchase,0,300,3,18.52,0
145.67,21,purchase,0,1490,0,5.5,0
18.71,22,online,0,1968,4,9.03,0
52.92,16,purchase,0,2249,1,17.9,0
174.37,6,withdrawal,0,3511,2,3.77,0
116.02,22,purchase,0,431,3,1.41,0
125.38,22,purchase,0,2680,3,66.63,0
75.02,14,purchase,0,3237,2,10.14,0
143.44,17,purchase,0,195,1,7.97,0
60.96,18,transfer,0,513,0,43.94,0
144.04,20,purchase,0,3063,0,3.45,0
34.19,20,withdrawal,0,2969,2,8.26,0
20.57,10,transfer,0,857,1,54.57,0
8.4,13,withdrawal,0,2054,2,4.63,0
96.6,13,purchase,0,3455,2,7.78,0
63.95,9,transfer,0,585,1,21.4,0
128.15,22,withdrawal,0,1052,1,1.81,0
50.38,18,purchase,0,915,1,21.48,0
93.54,18,purchase,0,3265,3,0.22,0
86.42,16,purchase,0,2241,2,7.37,0
407.31,5,transfer,0,107,7,39.28,1
149.54,7,transfer,0,68,1,3.56,0
155.41,10,purchase,0,3452,2,11.39,0
97.44,20,purchase,0,2782,2,0.96,0
168.0,21,purchase,0,345,3,53.85,0
51.2,15,online,0,1359,4,20.93,0
12.02,11,purchase,0,3438,1,47.45,0
161.48,12,online,0,2914,2,2.1,0
189.25,22,withdrawal,0,479,3,0.13,0
29.92,17,purchase,0,1801,1,2.7,0
201.38,13,transfer,0,3558,6,11.6,0
24.99,6,transfer,0,1028,3,7.25,0
17.4,21,purchase,0,992,3,5.72,0
27.7,18,withdrawal,0,539,4,17.23,0
68.78,14,transfer,0,247,2,1.5,0
109.11,19,purchase,0,2107,1,27.28,0
155.26,8,purchase,0,3564,2,32.99,0
49.73,10,purchase,0,688,1,0.54,0
72.1,16,transfer,0,51,1,1.45,0
90.15,8,online,0,2954,1,18.42,0
40.44,20,purchase,0,3062,3,8.45,0
130.33,12,transfer,0,2260,1,17.67,0
83.85,9,transfer,0,1980,1,9.27,0
30.45,21,purchase,0,3457,1,1.2,0
25.62,6,transfer,0,573,2,9.74,0
36.21,12,purchase,0,1899,3,28.07,0
80.32,8,purchase,0,3427,1,15.36,0
66.4,16,online,0,1489,4,26.93,0
161.92,9,purchase,0,1860,1,8.67,0
218.9,15,withdrawal,0,1406,0,24.02,0
65.34,11,withdrawal,0,1218,1,19.57,0
44.63,12,purchase,0,1891,1,11.17,0
143.81,15,withdrawal,0,486,1,21.76,0
49.74,21,withdrawal,0,131,2,2.65,0
7.75,17,online,0,1641,4,10.52,0
26.72,16,withdrawal,0,2016,2,31.15,0
27.98,21,transfer,0,583,0,12.02,0
217.44,6,transfer,0,1268,1,0.15,0
97.99,9,purchase,0,1326,4,6.82,0
72.53,21,withdrawal,0,430,0,6.09,0
525.13,6,withdrawal,0,45,8,138.97,1
180.09,6,withdrawal,0,133,1,0.99,0
67.65,7,purchase,0,2382,4,5.43,0
106.42,7,purchase,0,1406,0,17.75,0
97.96,21,withdrawal,0,1355,2,33.9,0
332.32,15,withdrawal,0,1591,0,8.95,0
14.02,10,purchase,0,1111,0,2.31,0
10.42,18,withdrawal,0,626,2,7.59,0
89.03,12,purchase,0,881,3,16.27,0
80.08,17,purchase,0,3132,4,10.62,0
145.08,15,purchase,0,2853,2,9.9,0
79.15,17,online,0,484,3,5.69,0
23.84,9,online,0,2259,4,7.26,0
129.23,7,online,0,2648,7,1.55,0
19.16,20,transfer,0,3607,3,5.93,0
74.88,17,online,0,2328,2,8.76,0
93.77,13,purchase,0,3421,5,2.98,0
5.82,20,purchase,0,657,2,4.17,0
2.74,15,purchase,0,289,7,1.57,0
128.96,22,purchase,0,1972,2,30.77,0
60.38,16,purchase,0,2359,1,11.94,0
74.68,10,purchase,0,89,2,16.1,0
33.27,12,withdrawal,0,3213,4,2.27,0
279.69,15,transfer,0,1822,4,18.9,0
15.53,8,purchase,0,561,1,2.28,0
63.8,21,online,0,184,2,4.49,0
64.81,8,withdrawal,0,829,2,15.59,0
23.14,21,purchase,0,3630,1,8.15,0
67.71,9,withdrawal,0,1802,3,18.74,0
71.5,18,purchase,0,315,2,3.18,0
87.97,22,purchase,0,2360,3,4.38,0
128.03,18,purchase,0,2688,3,10.73,0
140.44,20,purchase,0,2397,5,39.57,0
94.03,18,purchase,0,89,1,4.62,0
37.8,8,online,0,2406,4,16.5,0
94.85,8,withdrawal,0,392,3,12.81,0
17.69,18,purchase,0,585,3,14.22,0
99.7,15,online,0,2419,3,23.28,0
38.12,14,online,0,566,3,17.65,0
110.79,6,online,0,506,4,32.69,0
58.25,12,purchase,0,1123,1,10.08,0
20.91,16,purchase,0,3021,1,4.72,0
152.75,14,transfer,1,2784,5,8.92,0
100.78,21,purchase,0,1323,2,7.88,0
4.29,17,purchase,0,1856,1,12.3,0
109.82,13,online,1,3285,1,14.72,0
146.54,21,purchase,0,565,0,6.58,0
71.96,16,online,0,3351,3,15.62,0
55.58,13,withdrawal,0,993,2,19.22,0
53.51,13,withdrawal,0,1510,2,2.9,0
58.4,7,transfer,0,2399,2,3.22,0
123.17,19,withdrawal,0,3425,3,16.0,0
256.61,18,purchase,0,2789,2,44.18,0
193.66,17,purchase,0,2380,3,0.24,0
54.73,11,withdrawal,0,881,3,4.11,0
167.96,13,withdrawal,0,477,3,13.11,0
110.8,22,withdrawal,0,2110,1,4.31,0
159.1,13,withdrawal,0,2950,0,14.94,0
23.33,18,purchase,0,731,1,22.68,0
50.41,15,withdrawal,0,499,1,9.74,0
88.33,7,purchase,0,718,3,10.29,0
58.24,12,purchase,0,3344,2,3.35,0
115.74,6,purchase,0,2533,2,18.6,0
43.57,14,withdrawal,0,1392,0,6.26,0
35.4,21,purchase,0,1830,1,7.03,0
94.22,18,purchase,0,3352,2,0.45,0
109.56,12,purchase,1,3290,0,43.91,0
97.25,8,purchase,0,2692,6,0.89,0
28.7,9,withdrawal,0,2179,2,3.06,0
69.66,18,purchase,1,2832,0,1.39,0
17.69,16,purchase,0,2826,1,50.36,0
20.41,18,purchase,0,3374,1,12.64,0
29.39,20,purchase,0,3318,1,20.7,0
22.25,17,transfer,1,3418,2,1.84,0
37.98,14,withdrawal,0,494,1,4.55,0
24.77,22,purchase,0,873,1,25.53,0
39.67,10,online,0,3585,2,25.1,0
58.97,17,purchase,0,777,0,2.04,0
332.34,16,withdrawal,1,1209,2,35.03,0
198.17,7,withdrawal,0,267,1,5.69,0
208.36,9,withdrawal,0,1139,1,28.48,0
123.17,21,purchase,0,1991,1,14.28,0
3.76,17,withdrawal,0,878,2,27.41,0
69.61,17,purchase,0,774,2,4.72,0
67.15,20,transfer,0,2475,2,1.41,0
41.09,7,transfer,0,2023,3,1.16,0
10.69,10,purchase,0,1160,1,18.69,0
159.82,8,online,0,1860,1,8.53,0
13.03,15,purchase,0,2285,2,24.46,0
86.77,15,online,0,1097,1,5.13,0
61.57,18,transfer,0,697,1,5.41,0
19.45,12,transfer,0,974,0,10.77,0
116.71,12,purchase,0,2575,2,8.89,0
32.83,9,purchase,1,710,3,3.5,0
121.97,6,purchase,0,44,3,1.54,0
61.43,16,transfer,0,2643,4,14.28,0
65.55,21,withdrawal,0,1274,1,16.19,0
40.4,12,purchase,0,786,2,8.46,0
292.39,19,purchase,0,1475,2,11.84,0
127.97,7,transfer,0,3566,1,0.2,0
92.9,18,purchase,0,3109,3,1.11,0
64.58,6,purchase,0,53,3,31.11,0
14.23,20,withdrawal,0,2228,2,11.42,0
84.73,19,purchase,0,1739,1,10.16,0
37.6,12,withdrawal,0,2934,2,20.69,0
162.32,7,purchase,0,2622,2,5.61,0
19.08,8,transfer,0,1471,1,14.76,0
77.64,14,online,0,2287,5,7.45,0
26.25,16,purchase,0,827,3,5.98,0
53.97,15,withdrawal,0,3528,1,9.77,0
68.68,13,online,0,1174,3,5.71,0
62.34,15,purchase,0,2929,3,30.06,0
46.29,21,purchase,0,3403,2,26.56,0
42.55,22,purchase,0,137,3,18.74,0
96.06,11,withdrawal,0,3234,3,10.55,0
24.97,16,transfer,0,3065,4,1.66,0
85.07,6,withdrawal,0,1321,0,24.43,0
48.11,13,purchase,0,3006,4,4.8,0
47.78,6,online,0,2055,2,3.7,0
121.44,6,withdrawal,0,1250,1,23.11,0
34.67,15,purchase,0,1147,0,17.07,0
30.21,7,online,0,1661,2,5.04,0
47.1,13,withdrawal,1,1982,5,4.66,0
72.1,19,purchase,0,2790,1,1.93,0
41.02,12,withdrawal,0,3225,2,3.26,0
89.59,19,purchase,0,2824,0,10.86,0
236.32,8,purchase,0,1920,2,0.44,0
15.2,7,transfer,0,2186,2,0.21,0
17.18,9,withdrawal,0,3648,2,30.96,0
175.29,13,purchase,0,1398,1,12.41,0
98.22,10,purchase,0,2625,2,15.86,0
177.99,13,online,0,3431,1,5.12,0
85.39,8,transfer,0,2720,3,4.23,0
15.34,8,purchase,0,1625,2,1.73,0
249.26,6,purchase,0,3074,1,10.45,0
199.25,11,purchase,0,1410,1,40.12,0
106.81,16,transfer,0,3130,2,6.96,0
40.23,14,transfer,0,3111,0,15.17,0
28.78,18,purchase,0,3005,3,5.62,0
89.55,19,purchase,0,2949,1,0.04,0
49.34,21,online,0,3124,2,3.48,0
33.74,18,purchase,0,110,2,11.99,0
128.12,15,purchase,0,1547,3,7.94,0
73.2,22,withdrawal,0,76,2,10.47,0
169.63,8,online,0,2783,3,42.34,0
143.19,9,transfer,0,40,0,8.46,0
218.8,16,purchase,0,3032,3,0.52,0
114.81,19,withdrawal,0,654,5,9.28,0
33.47,13,purchase,0,3277,4,3.46,0
78.13,7,purchase,0,2698,6,0.08,0
89.2,7,purchase,0,2013,1,21.18,0
263.16,13,online,1,157,4,239.22,1
61.13,15,purchase,0,3117,0,6.88,0
100.51,17,purchase,0,1631,1,41.63,0
103.03,7,purchase,0,1178,3,37.74,0
11.96,16,purchase,0,3171,5,0.41,0
151.0,13,withdrawal,0,476,2,47.71,0
157.18,15,online,0,3187,0,17.66,0
90.44,13,purchase,0,3056,0,7.27,0
49.78,20,purchase,0,2358,1,18.89,0
134.55,13,withdrawal,0,618,2,20.95,0
64.42,22,purchase,0,608,2,10.46,0
33.28,10,purchase,1,224,0,11.2,0
536.18,3,online,0,161,8,193.93,1
65.46,20,online,0,2152,2,10.33,0
19.17,11,purchase,0,1627,2,21.21,0
74.64,20,purchase,0,1294,2,5.42,0
209.57,19,purchase,0,3082,3,3.9,0
47.17,13,purchase,0,2215,4,5.41,0
53.44,20,purchase,0,723,2,3.0,0
92.15,7,purchase,0,1966,2,6.81,0
19.17,17,purchase,0,2901,5,7.82,0
63.44,8,online,0,666,3,26.33,0
34.15,22,purchase,0,1302,2,4.18,0
24.71,11,purchase,0,3052,1,13.6,0
65.09,9,online,0,3282,0,6.21,0
37.96,11,online,0,1140,2,86.48,0
218.05,6,transfer,0,2126,2,0.13,0
97.71,8,transfer,0,2854,0,6.81,0
68.81,11,purchase,0,2291,2,3.82,0
17.34,19,purchase,0,1414,2,36.77,0
57.8,21,online,0,108,1,19.64,0
39.87,16,transfer,0,2026,3,14.63,0
50.09,10,online,1,677,2,5.38,0
69.73,6,purchase,0,885,2,25.44,0
34.9,14,online,0,2171,2,20.01,0
548.42,22,purchase,1,13,10,16.13,1
44.28,13,purchase,0,2772,1,17.98,0
560.32,0,transfer,0,321,8,593.64,1
96.02,13,purchase,0,142,0,20.46,0
22.54,22,transfer,0,933,0,13.59,0
32.89,18,withdrawal,0,1501,1,34.16,0
139.79,22,purchase,0,3191,2,15.75,0
132.43,10,online,0,1391,3,2.43,0
63.98,14,withdrawal,0,131,4,29.26,0
118.56,13,purchase,0,3130,2,12.43,0
59.06,10,online,0,317,1,79.31,0
85.2,8,online,0,759,4,7.27,0
66.35,12,purchase,0,3456,2,8.88,0
52.25,7,purchase,0,2776,0,0.9,0
66.24,15,transfer,0,853,3,8.86,0
38.52,19,purchase,1,1933,2,76.78,0
43.36,12,withdrawal,0,1140,1,1.75,0
166.6,20,withdrawal,0,1283,2,1.62,0
212.82,20,transfer,0,1232,5,9.48,0
90.19,10,online,1,1580,7,3.1,0
17.6,13,purchase,0,2566,3,8.37,0
93.55,12,purchase,0,1679,1,7.34,0
14.53,16,withdrawal,1,769,0,0.09,0
38.83,21,purchase,0,742,0,16.07,0
114.97,19,withdrawal,0,1351,5,19.06,0
72.58,7,purchase,0,269,3,0.69,0
146.75,20,online,1,1849,1,1.99,0
42.44,14,online,0,1752,3,34.77,0
102.48,15,withdrawal,0,2106,2,6.31,0
5.66,22,purchase,0,671,3,11.31,0
112.89,8,withdrawal,0,525,1,35.08,0
92.69,21,online,0,253,1,17.75,0
123.66,12,purchase,0,3115,5,4.88,0
56.73,11,transfer,0,2636,2,5.25,0
75.08,15,purchase,0,480,3,18.49,0
96.08,14,withdrawal,0,1747,2,1.19,0
72.73,14,withdrawal,0,2710,0,43.62,0
56.26,15,purchase,0,1328,0,1.98,0
34.39,12,withdrawal,0,303,1,6.41,0
1561.88,5,online,0,238,2,19.39,1
107.34,20,purchase,0,3598,3,25.44,0
95.58,9,withdrawal,1,1450,3,27.95,0
75.87,21,purchase,0,1036,2,2.54,0
119.56,21,withdrawal,0,3075,4,0.15,0
53.16,10,withdrawal,0,155,2,22.88,0
213.08,15,purchase,0,2248,5,29.26,0
98.46,11,purchase,0,2421,2,5.22,0
6.13,14,withdrawal,0,324,2,9.61,0
35.41,20,withdrawal,0,1727,2,14.24,0
91.2,6,transfer,0,845,0,50.94,0
41.76,14,purchase,0,844,1,10.82,0
33.79,8,withdrawal,0,3077,2,6.52,0
28.21,18,purchase,0,3465,2,8.46,0
129.9,10,transfer,0,265,0,19.93,0
50.14,18,purchase,0,2909,2,11.71,0
48.39,18,transfer,0,647,0,7.25,0
241.42,12,withdrawal,0,267,3,4.61,0
97.38,19,purchase,1,3297,2,10.13,0
30.4,18,purchase,0,2583,3,17.08,0
47.95,17,online,0,2844,2,1.86,0
83.63,13,purchase,0,2359,4,39.37,0
91.67,8,purchase,0,1904,1,21.54,0
127.97,7,online,0,1160,2,8.15,0
46.27,20,online,0,584,0,14.05,0
106.1,12,transfer,0,311,1,5.78,0
69.44,13,purchase,0,2073,1,15.3,0
56.01,11,purchase,0,3615,0,17.37,0
87.15,21,purchase,0,2569,2,2.1,0
24.45,15,purchase,0,2737,1,8.0,0
102.35,15,transfer,0,1063,1,40.32,0
31.52,13,online,0,1418,0,18.06,0
84.01,17,purchase,0,2631,1,1.79,0
82.22,16,online,0,237,7,10.64,0
70.41,18,withdrawal,0,2279,0,1.7,0
202.4,18,withdrawal,0,1418,0,12.93,0
42.66,20,online,0,2035,1,4.26,0
34.64,9,purchase,0,3524,0,0.9,0
156.96,19,online,0,3051,3,20.42,0
25.95,16,purchase,0,1027,0,34.09,0
68.14,22,purchase,0,825,2,19.86,0
29.16,22,purchase,0,3594,2,12.57,0
54.19,10,withdrawal,0,1926,3,5.22,0
60.84,15,purchase,0,134,1,49.24,0
115.2,14,purchase,0,3024,6,1.97,0
19.07,16,purchase,0,294,3,6.27,0
96.16,19,transfer,0,402,3,37.97,0
40.58,22,online,0,2766,2,4.03,0
33.38,10,purchase,0,2151,4,5.0,0
31.21,8,transfer,0,726,4,18.46,0
137.09,15,purchase,0,3035,1,46.44,0
65.3,16,online,0,1187,2,10.6,0
145.1,10,purchase,0,115,1,4.56,0
126.75,11,transfer,0,1361,0,15.17,0
48.32,20,purchase,1,362,3,49.65,0
91.35,22,purchase,0,3612,2,35.94,0
41.61,6,purchase,0,2030,1,39.65,0
96.49,22,purchase,1,609,2,2.18,0
89.64,22,transfer,0,1648,2,2.16,0
34.54,19,withdrawal,0,3267,4,20.97,0
177.05,13,purchase,0,437,0,0.45,0
38.3,15,withdrawal,0,2950,2,6.91,0
76.42,9,transfer,0,3268,6,34.03,0
1559.95,20,online,0,349,4,88.58,1
99.74,9,purchase,0,2169,0,8.49,0
41.86,19,withdrawal,0,1091,2,5.19,0
67.94,11,transfer,0,902,2,42.33,0
37.88,6,online,0,1701,1,3.45,0
50.04,22,purchase,0,2156,3,1.96,0
54.56,7,withdrawal,0,3292,1,7.96,0
258.69,15,withdrawal,1,2796,4,18.14,0
42.82,20,transfer,0,1152,3,5.83,0
51.89,20,transfer,1,2155,1,39.49,0
14.15,12,purchase,0,880,4,4.62,0
203.12,6,withdrawal,0,2712,2,13.43,0
53.65,10,withdrawal,0,1396,3,14.35,0
31.3,12,purchase,0,1412,3,16.77,0
127.33,15,purchase,0,971,4,25.26,0
50.95,6,purchase,0,890,0,5.94,0
78.19,12,transfer,0,2345,0,18.09,0
49.99,11,purchase,0,461,3,2.11,0
182.25,20,purchase,0,2766,1,10.98,0
97.23,9,withdrawal,0,2806,2,2.11,0
8.17,11,withdrawal,0,2016,1,3.07,0
130.95,11,withdrawal,0,2319,0,7.23,0
85.31,14,online,0,970,1,10.74,0
170.39,8,withdrawal,0,1827,1,5.57,0
172.62,8,withdrawal,0,2458,0,20.3,0
19.59,11,purchase,1,1995,1,31.8,0
51.24,20,purchase,0,1320,3,12.33,0
133.6,6,online,0,759,3,12.97,0
167.64,13,transfer,0,2990,3,0.84,0
22.28,14,purchase,0,642,4,6.64,0
3.1,19,purchase,0,2996,1,6.43,0
7.71,15,transfer,0,1084,3,20.4,0
3.1,7,purchase,0,1232,2,4.79,0
45.41,21,transfer,0,1285,3,0.49,0
49.71,18,purchase,0,2239,1,3.04,0
62.08,9,purchase,0,1651,1,5.41,0
76.6,6,transfer,0,1644,0,36.01,0
69.39,7,purchase,0,1223,3,4.47,0
41.24,16,purchase,0,2014,1,2.78,0
9.65,12,withdrawal,1,2941,1,8.95,0
130.95,13,transfer,0,2577,4,10.63,0
128.18,7,transfer,0,905,3,27.02,0
68.98,19,purchase,1,149,3,1.01,0
43.17,10,withdrawal,0,2457,2,26.73,0
15.9,15,purchase,0,2388,0,1.68,0
949.9,5,withdrawal,0,44,12,112.45,1
45.1,18,purchase,0,294,2,7.37,0
119.4,16,transfer,0,1689,5,8.41,0
123.42,11,purchase,0,661,0,6.65,0
115.35,7,purchase,0,2630,2,0.59,0
396.67,6,transfer,0,966,1,1.98,0
40.49,22,online,0,674,1,11.63,0
19.98,14,withdrawal,0,2746,4,16.83,0
38.48,11,purchase,0,1652,2,19.3,0
64.15,16,withdrawal,0,321,0,20.55,0
26.56,6,online,0,2003,4,15.57,0
19.09,10,withdrawal,0,2525,2,2.47,0
97.24,6,transfer,0,1258,1,5.66,0
82.67,21,purchase,0,3147,1,5.84,0
146.45,16,transfer,0,1871,3,10.61,0
153.75,22,purchase,0,1324,5,2.54,0
142.92,13,purchase,0,959,2,25.82,0
105.19,10,purchase,0,3459,2,21.25,0
25.79,9,purchase,0,518,1,5.51,0
123.1,22,transfer,1,579,3,1.67,0
93.55,12,withdrawal,0,1586,2,3.48,0
90.7,19,transfer,0,876,1,26.82,0
64.95,13,purchase,0,1805,4,2.6,0
6.89,15,withdrawal,0,3332,0,13.37,0
40.37,7,online,0,3382,2,8.65,0
186.94,8,transfer,0,3419,5,1.33,0
161.27,20,purchase,0,340,4,1.9,0
165.62,19,purchase,0,166,1,2.52,0
41.13,15,transfer,0,1308,1,14.28,0
79.26,19,withdrawal,0,3009,2,30.87,0
109.42,10,purchase,0,3527,1,0.74,0
86.52,12,withdrawal,0,692,1,3.87,0
98.7,7,withdrawal,0,241,3,16.89,0
44.84,9,purchase,0,1333,2,0.09,0
118.84,7,purchase,0,72,3,5.09,0
99.23,13,online,0,3123,1,1.85,0
82.64,14,purchase,0,2691,2,9.32,0
94.98,17,purchase,0,2682,4,5.64,0
86.01,20,withdrawal,0,1218,5,12.73,0
20.23,16,purchase,0,2820,1,11.51,0
18.81,10,purchase,0,2361,1,20.96,0
47.54,17,purchase,0,1422,2,34.77,0
53.42,22,online,0,255,3,14.58,0
55.44,8,purchase,0,2653,1,0.68,0
37.67,11,withdrawal,0,2631,2,11.41,0
68.31,13,purchase,0,1127,2,22.49,0
101.97,11,purchase,0,3363,1,13.6,0
57.69,6,online,0,1547,1,10.55,0
38.02,8,withdrawal,0,2356,0,9.86,0
114.39,13,purchase,0,3638,2,5.15,0
92.91,11,transfer,0,294,3,28.66,0
59.62,7,transfer,0,3476,3,15.81,0
2087.76,5,purchase,1,31,4,201.02,1
17.21,19,purchase,0,2009,2,0.6,0
36.55,8,purchase,0,1083,4,21.16,0
89.7,6,transfer,0,443,1,5.8,0
458.8,8,withdrawal,1,309,8,262.55,1
98.76,16,online,0,2434,5,15.74,0
6.29,8,purchase,1,3537,3,8.45,0
11.38,14,transfer,0,2976,6,11.62,0
8.71,19,withdrawal,1,519,2,3.39,0
82.84,13,online,0,736,3,12.88,0
49.77,14,online,0,900,2,31.57,0
92.19,12,transfer,0,2808,1,0.99,0
108.48,21,purchase,0,2809,2,14.21,0
48.44,9,purchase,0,1286,2,0.12,0
76.72,16,transfer,1,2065,3,2.52,0
111.93,9,online,0,1040,1,18.98,0
104.48,14,purchase,1,2815,0,13.59,0
142.19,16,purchase,0,2575,2,6.6,0
63.55,9,purchase,0,1606,2,6.32,0
57.49,12,transfer,1,1328,4,6.13,0
95.68,20,purchase,0,2337,1,12.17,0
21.88,7,purchase,0,777,2,0.28,0
91.97,19,purchase,0,2280,2,70.07,0
185.56,10,online,0,866,1,19.37,0
1186.06,5,online,1,145,9,281.34,1
35.85,17,transfer,0,730,0,2.53,0
248.11,14,purchase,0,1125,2,20.44,0
99.6,11,purchase,0,2165,1,14.07,0
371.78,19,withdrawal,0,1941,2,0.7,0
101.51,21,purchase,0,2509,2,17.79,0
55.19,6,transfer,0,85,3,10.79,0
98.11,19,online,0,804,1,26.03,0
157.07,8,online,0,2840,2,8.55,0
37.72,18,transfer,1,711,4,23.43,0
34.01,20,transfer,0,1540,4,17.14,0
27.03,19,purchase,0,2196,3,34.81,0
64.91,21,online,0,3060,1,17.27,0
23.43,11,purchase,0,2586,1,3.71,0
17.27,13,purchase,0,1083,2,24.65,0
36.84,12,purchase,0,1164,1,1.79,0
54.18,20,purchase,0,2937,1,10.77,0
67.62,6,purchase,0,108,2,22.83,0
82.12,20,purchase,0,224,0,53.89,0
10.88,21,purchase,0,2154,2,2.14,0
77.08,18,online,0,114,0,33.57,0
47.32,20,withdrawal,0,2565,2,40.15,0
69.26,21,purchase,0,1846,3,10.72,0
72.72,12,withdrawal,0,2081,4,0.21,0
75.36,14,purchase,0,2731,3,7.14,0
71.37,13,transfer,0,1257,1,3.32,0
27.12,9,withdrawal,0,1238,0,11.08,0
60.31,22,withdrawal,0,2955,2,39.37,0
26.22,17,withdrawal,0,1258,2,9.63,0
80.77,14,purchase,0,877,3,5.2,0
139.04,7,purchase,0,804,1,3.58,0
63.82,19,purchase,0,649,3,22.02,0
26.57,8,purchase,0,2591,2,5.72,0
181.13,18,transfer,0,880,4,11.62,0
27.3,15,withdrawal,0,3088,2,0.19,0
43.26,16,withdrawal,0,882,4,9.71,0
27.69,20,online,0,2729,0,6.97,0
58.53,7,purchase,0,1535,1,18.03,0
153.58,17,online,0,2030,2,2.84,0
71.27,11,purchase,0,1418,1,0.8,0
176.95,21,online,0,267,2,9.81,0
120.09,7,purchase,0,2036,2,9.69,0
26.14,18,transfer,0,218,2,40.12,0
7.67,9,transfer,1,277,0,6.18,0
88.76,22,purchase,0,875,3,12.54,0
130.48,20,purchase,0,249,2,3.63,0
41.53,9,purchase,0,1797,1,8.52,0
154.39,17,purchase,1,1524,4,14.04,0
28.44,13,online,1,1701,2,5.68,0
173.59,17,purchase,0,313,1,19.26,0
96.79,20,purchase,0,1829,2,25.61,0
79.25,17,purchase,0,1560,2,21.95,0
90.78,7,purchase,0,650,2,24.39,0
89.19,19,transfer,1,2959,1,0.3,0
132.55,20,purchase,0,2970,3,2.35,0
37.85,11,purchase,0,242,0,26.88,0
156.94,12,purchase,0,2413,1,32.07,0
78.45,16,purchase,0,2524,5,48.78,0
33.77,11,online,0,2650,1,3.51,0
205.58,7,online,0,313,6,18.94,1
44.62,7,purchase,0,2993,2,0.25,0
96.25,21,purchase,0,2577,3,18.46,0
174.28,11,withdrawal,0,449,1,10.87,0
162.6,18,online,0,1620,1,4.34,0
189.12,19,withdrawal,0,2441,1,8.52,0
32.37,7,purchase,0,1560,2,2.6,0
98.03,18,purchase,0,2814,0,6.69,0
44.55,11,online,0,769,0,23.96,0
71.83,15,transfer,0,589,2,1.05,0
85.67,22,online,0,252,0,28.24,0
35.21,9,online,0,342,2,13.48,0
24.1,19,purchase,0,2078,2,0.64,0
63.08,16,purchase,0,2604,1,25.37,0
55.22,13,transfer,0,384,2,0.59,0
28.96,8,withdrawal,0,3183,0,9.21,0
101.31,19,withdrawal,0,3281,2,8.15,0
37.89,22,online,0,1082,0,2.84,0
5.45,15,purchase,0,2146,0,9.2,0
46.54,7,withdrawal,0,1039,2,26.7,0
20.29,6,online,0,2509,0,7.92,0
724.54,21,transfer,0,221,5,170.37,1
46.52,13,purchase,0,1642,3,21.91,0
83.31,11,online,0,1904,3,6.58,0
34.39,21,purchase,0,667,4,2.67,0
80.69,13,transfer,0,3546,1,3.56,0
269.08,18,transfer,0,434,1,26.59,0
66.88,22,online,0,2445,5,28.9,0
125.62,7,withdrawal,1,647,2,2.58,0
96.64,21,withdrawal,0,278,3,31.36,0
52.78,7,transfer,0,1119,1,6.79,0
20.86,7,purchase,0,3134,3,12.35,0
86.71,19,transfer,0,1687,2,4.76,0
14.84,12,purchase,1,3270,2,14.89,0
96.49,16,purchase,0,2311,2,44.51,0
73.4,18,transfer,0,854,0,26.68,0
69.1,18,purchase,0,3168,2,27.57,0
57.69,8,withdrawal,0,2866,2,22.57,0
54.91,17,transfer,0,2350,0,3.23,0
51.58,18,purchase,0,2193,6,2.05,0
108.29,10,online,0,728,6,5.61,0
23.87,21,purchase,0,225,3,5.7,0
57.69,11,withdrawal,0,1291,2,7.37,0
53.78,10,purchase,0,2486,0,38.58,0
20.04,16,online,0,1460,1,10.63,0
213.58,14,withdrawal,0,1758,2,14.08,0
190.04,11,withdrawal,0,689,5,1.81,0
77.25,15,online,0,685,1,12.99,0
63.67,7,transfer,0,3249,2,13.58,0
130.97,6,withdrawal,0,2537,5,33.73,0
65.59,7,online,0,1370,1,26.8,0
81.56,20,withdrawal,0,3488,0,10.56,0
40.46,17,purchase,1,679,1,7.75,0
53.92,13,purchase,0,575,3,1.67,0
137.15,10,transfer,0,2714,5,19.95,0
111.15,15,purchase,0,604,0,0.77,0
15.96,21,purchase,0,928,2,18.62,0
46.93,22,purchase,0,2994,1,19.05,0
167.49,19,purchase,0,1818,2,14.73,0
52.36,12,purchase,0,992,2,0.23,0
37.5,20,transfer,0,1273,1,17.9,0
26.53,12,online,1,1134,3,3.15,0
276.99,14,online,1,1005,3,7.08,0
67.91,18,withdrawal,0,2575,1,25.58,0
54.93,16,purchase,0,1077,3,13.55,0
84.62,8,purchase,0,936,3,3.81,0
691.56,2,online,1,254,9,965.1,1
55.12,16,online,0,1141,1,7.61,0
46.09,20,transfer,0,1509,2,5.76,0
106.13,9,online,0,1499,3,25.48,0
88.77,10,purchase,0,1413,3,25.3,0
140.56,8,withdrawal,0,3382,3,6.21,0
24.33,16,purchase,0,75,5,6.72,0
116.72,13,purchase,0,1150,1,3.53,0
60.88,11,online,0,2390,0,3.11,0
110.77,20,online,0,231,4,21.14,0
67.15,8,purchase,0,300,2,15.65,0
45.21,13,transfer,0,71,1,24.62,0
31.8,9,withdrawal,0,2171,2,4.04,0
15.8,21,purchase,0,2482,1,8.66,0
68.62,9,withdrawal,0,2480,1,3.59,0
42.34,9,purchase,0,471,3,4.73,0
194.9,19,withdrawal,0,431,4,5.78,0
40.91,22,purchase,0,385,3,8.41,0
9.22,17,purchase,0,2100,2,5.81,0
63.63,12,purchase,0,3545,0,12.58,0
235.78,22,purchase,0,2914,1,77.1,0
11.71,10,purchase,0,3351,2,12.78,0
84.69,8,transfer,0,3353,1,11.69,0
141.66,18,purchase,0,79,0,7.06,0
33.91,13,purchase,0,251,0,26.82,0
1143.92,2,withdrawal,1,9,3,49.11,1
40.8,20,purchase,0,647,2,14.99,0
70.63,22,purchase,0,2890,2,14.96,0
90.87,12,online,0,1898,4,3.7,0
83.58,7,purchase,0,2029,3,29.06,0
96.35,21,purchase,0,2623,2,59.31,0
39.07,6,purchase,0,1319,0,16.24,0
163.2,22,purchase,0,3516,1,14.44,0
52.51,9,purchase,0,1752,4,10.58,0
128.76,7,purchase,0,1933,1,13.76,0
27.51,8,online,0,1461,3,11.5,0
56.32,22,withdrawal,0,1033,4,0.97,0
113.41,12,purchase,0,3061,0,9.08,0
15.19,22,online,0,358,1,12.03,0
78.07,17,withdrawal,0,393,1,46.61,0
268.72,22,online,0,1898,2,4.47,0
176.26,19,purchase,0,3458,4,13.35,0
90.55,15,transfer,0,2625,1,1.47,0
180.28,18,transfer,0,1858,1,90.74,0
39.47,22,purchase,0,870,2,0.87,0
81.94,16,purchase,0,2819,2,17.32,0
39.08,12,purchase,0,3133,0,22.2,0
76.53,11,withdrawal,0,3208,1,49.46,0
137.61,6,purchase,1,3538,1,6.3,0
40.68,13,purchase,0,2863,3,0.97,0
110.36,20,withdrawal,0,2924,2,6.78,0
128.83,18,purchase,0,826,1,2.05,0
25.22,16,withdrawal,0,3147,1,23.56,0
20.36,10,purchase,0,1580,2,41.99,0
102.2,7,online,0,2935,2,37.89,0
16.17,17,purchase,0,2123,1,20.92,0
49.6,13,withdrawal,0,2095,0,1.31,0
98.46,11,withdrawal,0,1956,0,17.83,0
172.23,18,transfer,0,144,1,6.78,0
149.96,10,withdrawal,0,1374,1,13.84,0
55.1,12,purchase,0,1908,1,30.69,0
236.74,15,online,0,2813,1,12.53,0
34.27,19,purchase,0,2931,1,1.8,0
11.72,20,purchase,0,490,2,0.07,0
186.31,19,purchase,0,207,2,1.75,0
14.46,7,purchase,0,477,1,0.53,0
65.16,14,purchase,0,3304,5,5.41,0
183.76,11,purchase,0,55,2,16.22,0
123.64,21,purchase,1,792,4,1.64,0
148.16,20,purchase,0,1213,2,77.38,0
137.63,21,purchase,0,419,0,24.78,0
24.7,13,withdrawal,0,1454,1,14.69,0
116.77,17,purchase,0,1767,2,19.81,0
116.36,6,withdrawal,0,202,4,1.79,0
22.32,20,purchase,0,2573,4,21.01,0
145.49,11,purchase,0,2648,1,0.37,0
26.68,13,purchase,0,59,1,3.11,0
74.37,10,purchase,0,3161,2,7.93,0
65.06,7,transfer,0,600,2,40.09,0
234.59,13,purchase,0,3328,1,9.33,0
102.09,17,purchase,0,3020,2,2.36,0
81.36,13,transfer,0,584,1,0.45,0
57.93,8,purchase,0,52,1,10.38,0
52.24,7,withdrawal,0,953,1,11.41,0
92.49,15,purchase,0,1086,4,29.83,0
1056.81,3,transfer,1,155,5,544.18,1
45.58,22,purchase,0,2332,3,54.89,0
35.84,22,purchase,0,59,1,0.55,0
156.01,8,online,0,2788,1,33.13,0
92.7,21,purchase,0,3515,1,16.11,0
50.19,14,purchase,0,3266,1,9.63,0
29.32,20,transfer,0,2295,3,3.09,0
64.84,12,online,0,2368,3,4.34,0
105.38,19,online,0,1325,3,11.11,0
77.91,9,purchase,0,3515,2,16.79,0
24.91,14,withdrawal,0,1966,0,18.38,0
29.31,12,withdrawal,0,3028,0,33.47,0
22.63,16,purchase,0,515,3,2.32,0
89.03,15,online,0,480,2,20.35,0
13.04,11,purchase,0,518,1,17.12,0
227.16,16,purchase,0,771,3,7.31,0
240.63,20,withdrawal,0,1686,2,15.76,0
15.07,11,withdrawal,0,1874,1,20.71,0
46.91,11,transfer,0,893,1,13.99,0
178.96,16,purchase,0,2972,1,14.92,0
93.79,8,transfer,0,1106,1,41.16,0
219.56,11,purchase,0,235,1,7.6,0
65.17,18,transfer,0,1162,3,6.63,0
64.09,12,purchase,0,1686,6,8.17,0
64.75,16,purchase,0,3537,1,1.21,0
7.1,7,transfer,0,2737,2,6.65,0
19.46,7,withdrawal,0,1410,1,13.72,0
57.2,12,purchase,0,888,3,1.02,0
91.73,6,purchase,0,100,3,1.89,0
138.42,17,purchase,0,648,3,7.63,0
98.21,21,online,0,1648,0,29.81,0
69.23,17,purchase,0,1302,1,10.19,0
123.63,19,withdrawal,0,475,0,6.23,0
86.83,9,purchase,0,3404,1,10.44,0
129.8,10,purchase,0,1500,4,29.8,0
138.08,15,purchase,0,2706,3,3.63,0
29.93,12,transfer,0,2985,2,10.13,0
31.92,8,purchase,0,1426,3,8.03,0
33.39,17,purchase,0,828,2,3.97,0
71.47,12,transfer,0,1301,1,25.76,0
82.07,17,withdrawal,0,1466,2,9.26,0
64.42,7,purchase,0,494,3,3.71,0
40.44,6,purchase,0,2528,1,7.6,0
5.23,13,withdrawal,0,3409,1,17.02,0
4.61,6,online,0,1888,1,2.9,0
83.57,9,withdrawal,0,1121,6,2.75,0
87.31,21,withdrawal,0,2501,2,21.55,0
376.26,5,online,1,358,3,362.93,1
93.98,15,transfer,0,2461,1,22.36,0
52.55,12,purchase,0,2321,1,1.71,0
39.21,11,purchase,1,3383,4,16.11,0
73.99,11,transfer,0,950,1,16.03,0
76.82,11,transfer,0,838,5,20.06,0
65.23,11,purchase,0,607,1,7.22,0
108.64,19,online,0,1446,2,49.16,0
149.71,12,purchase,0,2007,6,1.38,0
65.7,6,withdrawal,0,1932,1,13.02,0
90.4,9,online,0,1697,1,2.67,0
204.05,14,withdrawal,0,3364,2,4.67,0
39.39,6,purchase,0,3064,1,5.76,0
52.47,22,purchase,0,217,2,5.26,0
93.94,11,transfer,0,3378,3,12.54,0
58.44,17,purchase,0,2021,2,17.51,0
111.29,9,purchase,0,2750,1,4.22,0
33.32,16,withdrawal,0,632,1,18.76,0
292.79,15,purchase,0,2512,1,4.94,0
24.93,13,purchase,0,403,0,8.03,0
38.65,17,transfer,0,1656,1,0.99,0
39.24,11,withdrawal,0,1871,2,8.03,0
92.46,6,transfer,0,1080,3,13.21,0
208.89,22,online,0,822,4,6.95,0
30.18,16,withdrawal,1,2490,3,6.48,0
106.98,16,purchase,1,883,0,1.56,0
968.73,6,purchase,1,196,6,191.62,1
103.52,16,transfer,0,531,2,2.19,0
65.62,11,withdrawal,0,223,1,29.09,0
37.51,16,transfer,0,2121,1,6.14,0
57.44,7,purchase,0,1671,0,0.22,0
63.5,13,purchase,0,542,3,16.21,0
64.44,13,transfer,0,1259,3,2.86,0
226.69,19,withdrawal,0,2414,3,6.4,0
97.63,13,online,0,2087,2,5.7,0
51.26,15,transfer,0,551,3,9.92,0
44.31,6,purchase,0,96,4,3.06,0
58.78,8,online,0,2952,2,3.08,0
64.22,10,online,0,1116,3,7.05,0
142.13,7,withdrawal,0,3359,1,28.01,0
209.72,19,purchase,0,1716,5,0.75,0
35.47,8,purchase,0,2614,3,0.19,0
93.07,18,purchase,0,818,1,0.52,0
88.15,19,purchase,0,2976,3,17.91,0
156.75,11,online,0,1062,3,13.35,0
52.34,15,withdrawal,0,3215,0,2.72,0
76.18,15,purchase,0,649,9,3.14,0
13.77,6,purchase,0,2459,3,21.2,0
61.67,12,purchase,0,1467,6,5.5,0
129.32,12,purchase,0,2810,5,2.66,0
116.5,15,purchase,0,578,0,0.43,0
152.96,15,purchase,0,310,2,1.79,0
53.26,7,purchase,0,2311,2,5.43,0
170.04,19,purchase,0,1681,4,20.0,0
62.89,14,purchase,0,1264,1,1.53,0
99.07,20,withdrawal,0,80,0,10.58,0
74.79,10,purchase,0,2686,0,16.12,0
230.36,6,online,1,44,2,22.79,0
115.63,17,withdrawal,0,2156,1,8.65,0
172.04,18,transfer,1,697,1,4.68,0
95.05,14,purchase,0,718,2,0.94,0
35.37,13,purchase,0,1193,2,20.74,0
173.4,9,withdrawal,0,1926,3,16.35,0
67.24,22,purchase,0,3216,1,3.05,0
85.8,13,transfer,0,1070,1,41.67,0
236.08,18,transfer,0,1655,2,3.22,0
88.75,12,purchase,0,1312,1,9.81,0
84.04,19,purchase,0,2911,2,9.69,0
82.94,10,withdrawal,0,970,2,15.96,0
31.52,21,purchase,0,1938,2,0.02,0
72.1,8,withdrawal,0,1787,1,13.0,0
17.88,20,purchase,0,3312,3,26.69,0
1081.64,5,online,1,54,5,62.8,1
59.21,7,purchase,0,2462,0,33.77,0
207.64,11,purchase,0,161,2,5.1,0
99.84,12,purchase,0,395,3,75.13,0
143.25,11,online,1,2807,1,66.8,0
66.49,22,purchase,0,1345,1,25.88,0
109.83,18,online,0,3439,1,27.2,0
65.45,22,withdrawal,0,2455,0,3.76,0
10.8,8,transfer,0,3514,0,2.23,0
79.39,16,purchase,0,665,2,5.51,0
33.65,14,withdrawal,1,2332,3,18.8,0
12.43,15,purchase,0,1701,1,36.19,0
36.12,19,purchase,0,307,2,17.31,0
17.84,8,purchase,0,2951,1,8.34,0
62.57,18,withdrawal,0,3342,0,6.67,0
121.92,16,purchase,0,2301,3,3.52,0
183.41,18,purchase,0,2893,4,4.5,0
30.36,20,withdrawal,0,3274,2,10.62,0
18.88,11,purchase,0,1861,4,11.12,0
82.75,18,withdrawal,0,1422,3,27.99,0
44.78,17,purchase,0,3305,2,19.58,0
67.15,17,purchase,0,2403,0,9.1,0
102.37,21,purchase,0,272,2,2.36,0
15.84,14,purchase,0,1081,0,5.87,0
133.4,11,online,0,1527,1,1.43,0
68.5,6,purchase,0,1858,2,1.54,0
51.12,6,purchase,0,898,3,4.39,0
92.43,7,purchase,0,381,4,2.89,0
44.35,21,purchase,0,328,1,0.15,0
96.08,20,transfer,0,3456,4,0.14,0
55.15,7,online,0,128,2,24.61,0
24.44,10,withdrawal,0,551,2,18.95,0
65.75,20,transfer,0,1988,2,9.76,0
88.24,20,purchase,0,1899,3,3.35,0
64.78,14,purchase,0,1068,3,10.96,0
9.25,13,purchase,0,399,3,0.34,0
24.97,20,transfer,1,2620,1,4.54,0
33.36,22,purchase,0,450,1,15.72,0
23.02,17,purchase,0,1798,0,0.55,0
163.6,20,purchase,0,1279,1,11.17,0
109.05,21,withdrawal,0,1388,0,6.4,0
162.53,12,online,0,426,2,27.05,0
74.78,17,transfer,0,2379,2,10.83,0
151.56,14,purchase,1,721,2,5.77,0
30.58,22,purchase,0,1919,0,11.13,0
69.28,22,purchase,0,3395,2,36.72,0
41.74,15,withdrawal,0,692,4,14.41,0
46.56,21,purchase,0,591,3,4.53,0
99.48,7,online,0,830,1,28.55,0
303.66,11,withdrawal,0,1193,0,24.67,0
229.67,6,withdrawal,0,54,1,13.67,0
44.55,10,purchase,0,941,2,2.74,0
92.36,12,purchase,0,460,2,13.26,0
54.52,16,purchase,0,2952,0,5.96,0
174.14,7,purchase,0,1138,1,1.58,0
48.85,8,purchase,0,1857,1,24.3,0
131.46,9,online,0,660,1,16.03,0
111.7,17,online,1,726,1,25.26,0
34.15,10,purchase,0,1003,3,19.15,0
46.62,16,withdrawal,0,2515,3,14.18,0
114.9,7,purchase,1,1790,1,1.43,0
4.83,8,purchase,0,2379,5,15.23,0
47.89,20,withdrawal,0,2099,2,11.14,0
61.16,15,purchase,0,1260,3,2.7,0
70.75,15,purchase,0,654,0,22.61,0
34.53,14,purchase,0,1616,2,4.87,0
129.46,17,purchase,0,114,0,4.04,0
137.64,14,transfer,0,2256,2,14.86,0
51.04,12,purchase,0,3191,2,5.03,0
16.51,13,withdrawal,0,1652,2,10.68,0
214.93,15,purchase,0,559,2,29.08,0
24.01,18,withdrawal,0,631,0,24.75,0
54.48,14,transfer,0,1327,1,11.93,0
47.01,15,withdrawal,0,140,5,17.27,0
171.38,9,online,0,278,0,10.13,0
192.37,13,withdrawal,0,2078,2,2.04,0
153.37,20,purchase,0,3117,1,36.67,0
101.74,8,transfer,0,1590,0,15.68,0
107.7,19,purchase,0,1633,2,13.09,0
25.71,15,purchase,0,839,4,2.12,0
54.39,19,withdrawal,0,289,4,45.42,0
156.79,15,purchase,0,1872,4,0.25,0
80.5,9,purchase,0,1864,2,10.27,0
114.28,14,purchase,0,441,0,5.13,0
91.68,19,online,0,3575,2,6.74,0
82.19,14,transfer,1,1731,2,6.87,0
92.47,17,purchase,0,3428,2,6.67,0
86.77,18,purchase,0,927,3,11.02,0
89.41,10,transfer,0,1346,3,22.41,0
26.39,14,withdrawal,0,1140,4,13.98,0
68.15,9,withdrawal,0,1812,1,5.41,0
123.68,22,online,0,1583,4,18.69,0
54.81,22,purchase,0,2115,5,4.46,0
101.06,20,transfer,0,2784,2,38.51,0
70.83,17,online,0,3552,1,16.02,0
57.97,18,withdrawal,0,3153,2,4.72,0
230.34,5,transfer,1,58,6,109.64,1
8.61,20,withdrawal,0,3581,1,39.7,0
40.6,8,purchase,0,900,1,6.97,0
33.72,8,purchase,1,388,0,4.71,0
68.62,22,transfer,0,2122,2,2.69,0
34.05,18,purchase,0,2386,2,1.06,0
40.01,16,withdrawal,0,3438,4,13.2,0
74.55,8,transfer,0,1837,2,11.64,0
41.8,12,purchase,0,608,2,1.95,0
100.24,22,transfer,0,3079,1,1.87,0
207.51,10,transfer,0,1327,0,9.43,0
130.83,6,transfer,0,3062,0,17.31,0
52.93,14,purchase,0,1311,1,15.21,0
36.68,22,online,0,551,2,35.68,0
109.06,19,purchase,0,2088,2,4.77,0
29.52,14,online,1,942,2,6.15,0
48.33,17,purchase,0,1255,5,7.31,0
37.7,17,withdrawal,0,3039,3,1.14,0
89.92,12,purchase,0,2204,2,26.09,0
116.63,17,purchase,0,950,3,17.0,0
202.78,19,withdrawal,0,2743,3,4.33,0
130.09,10,transfer,0,2887,1,39.22,0
38.13,6,purchase,0,2678,4,46.43,0
70.5,16,withdrawal,0,2562,3,25.84,0
147.11,21,withdrawal,0,1177,2,20.31,0
67.36,6,withdrawal,0,1012,0,8.77,0
68.9,21,transfer,0,741,4,15.73,0
54.84,17,transfer,0,3247,1,30.9,0
60.98,14,purchase,0,1665,1,4.2,0
104.04,10,withdrawal,0,729,0,8.31,0
73.01,14,purchase,0,924,0,10.41,0
127.75,22,transfer,0,2831,3,43.22,0
82.66,8,online,1,2447,5,28.39,0
22.43,6,withdrawal,0,1487,3,23.94,0
6.26,11,withdrawal,0,1016,1,6.55,0
37.0,17,purchase,0,410,2,0.51,0
148.0,22,transfer,0,402,3,2.78,0
283.97,9,online,0,1998,2,17.82,0
49.25,13,purchase,0,1933,0,4.09,0
19.33,14,online,0,2009,3,1.18,0
108.72,19,purchase,0,130,0,40.17,0
56.97,18,online,0,2114,1,16.98,0
129.09,19,purchase,0,441,2,21.97,0
71.04,16,transfer,0,1365,4,10.31,0
514.16,11,transfer,1,276,10,10.0,1
56.88,6,purchase,0,1496,0,5.43,0
33.99,11,purchase,0,1067,2,8.73,0
15.02,11,purchase,1,1438,0,1.49,0
29.0,17,transfer,0,2343,4,9.69,0
59.26,11,purchase,0,267,3,12.3,0
83.08,9,withdrawal,0,3511,5,15.24,0
108.71,9,withdrawal,0,2037,5,11.51,0
134.6,20,transfer,0,2062,2,11.02,0
53.18,6,purchase,0,2259,1,18.32,0
57.13,21,transfer,0,57,2,1.75,0
663.36,0,online,1,46,13,23.56,1
157.26,19,withdrawal,0,1642,1,17.7,0
184.06,15,purchase,0,1757,0,27.28,0
61.06,16,purchase,0,1910,1,58.36,0
36.88,21,online,0,2025,2,0.6,0
67.34,13,withdrawal,0,1738,1,3.28,0
218.76,9,transfer,0,1196,2,13.17,0
88.83,16,online,1,3549,4,22.29,0
31.24,22,purchase,0,2424,2,7.85,0
147.03,16,purchase,0,1774,1,7.44,0
36.92,14,purchase,0,3485,5,29.27,0
57.07,20,withdrawal,0,1056,0,0.96,0
222.04,12,purchase,0,2971,1,3.65,0
88.33,15,transfer,0,2197,2,12.56,0
65.14,15,withdrawal,0,1416,1,1.77,0
67.77,19,transfer,0,1439,1,11.54,0
35.79,9,purchase,0,1054,1,11.47,0
7.48,9,online,1,2290,0,27.52,0
95.51,6,purchase,0,1391,1,4.37,0
36.9,14,purchase,0,859,0,19.42,0
65.75,18,purchase,0,559,2,26.3,0
59.22,22,withdrawal,0,2050,1,6.89,0
45.92,12,purchase,0,2163,2,16.37,0
30.13,7,online,0,2675,0,0.49,0
56.67,16,purchase,1,2965,1,13.1,0
77.77,9,purchase,0,2878,0,6.62,0
175.13,21,online,0,494,2,43.19,0
58.88,14,online,0,680,4,12.24,0
64.9,20,purchase,0,1474,4,1.45,0
84.67,20,withdrawal,0,1567,1,25.8,0
32.75,20,withdrawal,0,530,4,6.36,0
15.74,19,purchase,1,1293,2,33.93,0
183.27,18,withdrawal,0,1079,1,4.2,0
15.37,7,online,0,110,2,13.16,0
15.28,15,purchase,0,1724,3,21.93,0
93.33,15,transfer,0,1510,2,38.18,0
66.9,21,transfer,1,35,0,12.44,0
9.4,7,purchase,0,1502,5,2.01,0
21.56,22,purchase,0,2074,1,26.05,0
56.12,10,online,0,268,1,69.22,0
42.53,6,withdrawal,0,1803,4,21.97,0
111.35,15,purchase,0,1761,3,7.26,0
1264.12,18,online,1,224,4,855.78,1
44.86,13,purchase,1,1455,5,37.2,0
54.74,7,withdrawal,1,1164,2,11.93,0
88.28,21,transfer,0,3080,4,6.09,0
106.08,21,transfer,0,2112,1,20.26,0
5.8,8,purchase,0,1315,0,32.74,0
41.88,11,transfer,0,3531,2,6.22,0
200.91,22,online,0,2619,2,7.38,0
45.04,19,withdrawal,0,3133,1,10.73,0
1077.37,16,online,1,207,2,55.84,1
47.82,21,purchase,0,1560,3,23.03,0
83.46,7,purchase,0,226,0,34.0,0
128.05,9,purchase,0,2586,1,18.66,0
37.06,10,purchase,0,3379,2,8.05,0
176.24,13,transfer,0,561,1,0.78,0
57.11,14,online,0,731,4,0.98,0
18.27,14,online,0,3338,2,3.5,0
72.44,19,purchase,0,323,5,27.01,0
52.31,10,purchase,0,1308,1,1.12,0
45.52,11,purchase,0,555,3,22.18,0
68.66,10,purchase,0,896,3,20.28,0
52.59,6,purchase,0,1790,1,6.78,0
47.14,18,online,0,2548,3,39.24,0
139.52,7,purchase,0,3433,2,14.61,0
105.11,16,online,0,3092,3,13.06,0
64.07,10,purchase,0,1426,3,13.46,0
40.47,6,transfer,0,700,0,25.7,0
70.91,16,purchase,0,1484,1,10.09,0
166.6,11,purchase,0,806,3,12.6,0
43.51,11,purchase,0,1620,1,10.71,0
92.91,8,withdrawal,0,1765,0,1.43,0
42.75,19,transfer,0,2748,0,1.39,0
141.55,14,purchase,0,1411,0,6.4,0
68.77,6,purchase,0,324,0,32.96,0
11.53,12,purchase,0,903,1,10.72,0
47.78,9,transfer,0,1540,4,25.07,0
18.95,16,purchase,0,50,1,13.56,0
56.59,21,online,0,2071,2,14.6,0
67.0,21,purchase,0,777,1,8.94,0
40.24,10,online,0,2891,1,2.39,0
79.23,18,withdrawal,0,1264,1,1.55,0
11.53,7,online,0,3456,1,10.84,0
28.3,19,withdrawal,0,1982,3,0.26,0
77.27,13,purchase,0,2520,0,31.51,0
91.35,21,online,1,597,5,12.24,0
143.27,12,purchase,0,2648,3,3.14,0
9.91,9,purchase,0,283,4,52.41,0
58.76,15,withdrawal,0,82,2,68.49,0
118.14,12,withdrawal,0,2843,2,1.03,0
71.16,13,withdrawal,0,2315,2,14.05,0
50.17,19,purchase,0,929,0,22.78,0
49.98,17,transfer,0,3138,1,25.07,0
20.64,7,withdrawal,0,1056,2,40.83,0
77.98,7,purchase,0,973,1,3.66,0
113.04,15,purchase,0,3066,1,16.16,0
127.97,7,online,0,1386,0,3.21,0
17.15,17,purchase,0,473,3,2.81,0
51.49,10,purchase,1,2354,2,19.12,0
16.2,12,withdrawal,0,1308,0,11.25,0
69.85,14,transfer,0,2639,2,28.06,0
74.06,19,purchase,0,1951,3,46.91,0
35.24,7,purchase,0,1510,2,31.65,0
169.88,10,purchase,0,247,2,10.1,0
175.99,16,purchase,0,1711,3,2.71,0
57.8,13,purchase,0,1503,0,13.06,0
63.26,14,withdrawal,0,3374,0,16.78,0
117.2,15,purchase,0,703,0,10.92,0
49.9,18,purchase,0,1604,5,4.28,0
12.56,19,purchase,0,2290,1,3.41,0
14.39,6,purchase,0,864,1,1.9,0
61.36,22,purchase,1,2304,2,6.66,0
7.57,11,purchase,0,3119,2,18.28,0
51.93,14,withdrawal,0,3147,2,0.71,0
85.35,10,purchase,0,926,0,1.25,0
157.19,22,purchase,0,2956,3,1.71,0
56.37,8,withdrawal,0,3404,3,25.98,0
84.81,15,purchase,0,3455,2,17.89,0
20.14,21,online,0,1119,1,4.04,0
79.51,11,purchase,0,2670,1,8.63,0
32.84,9,purchase,0,781,1,37.8,0
15.91,11,withdrawal,0,1212,1,26.49,0
61.39,13,online,0,1878,0,52.48,0
28.41,7,online,0,3009,4,30.12,0
76.74,19,purchase,1,3154,2,11.52,0
126.8,12,purchase,0,2414,1,14.99,0
56.16,7,withdrawal,0,1878,2,9.93,0
63.35,15,purchase,0,3502,6,20.06,0
28.94,7,purchase,0,2630,3,2.79,0
8.96,14,purchase,0,2264,2,10.72,0
119.31,14,withdrawal,0,2990,3,7.15,0
100.61,22,purchase,0,1947,1,12.14,0
42.83,11,withdrawal,0,285,3,14.05,0
110.0,10,purchase,0,1583,0,1.85,0
56.56,21,purchase,0,815,1,12.12,0
13.11,12,withdrawal,0,3464,1,8.47,0
44.11,7,online,0,744,3,3.75,0
106.37,20,transfer,0,3192,6,16.27,0
1144.05,6,transfer,1,210,9,139.18,1
13.41,12,purchase,0,2610,4,14.99,0
64.13,17,withdrawal,0,1188,2,4.59,0
86.64,7,purchase,0,3134,5,2.25,0
28.72,9,transfer,0,1909,2,9.13,0
63.61,11,purchase,0,1631,1,34.08,0
104.54,11,withdrawal,0,1187,0,2.98,0
128.17,9,purchase,0,3129,2,26.11,0
115.83,10,transfer,0,2175,1,1.27,0
404.2,3,online,1,293,5,640.25,1
98.37,7,withdrawal,0,1195,2,20.81,0
118.31,7,online,0,3568,0,5.2,0
66.43,12,purchase,0,312,3,3.11,0
94.49,15,withdrawal,0,2263,2,18.3,0
21.6,6,withdrawal,0,3177,5,17.42,0
2.76,13,withdrawal,0,3010,3,22.34,0
44.81,11,withdrawal,0,822,3,4.41,0
29.61,20,online,0,96,1,25.68,0
122.84,14,online,0,1316,3,8.25,0
1016.53,5,withdrawal,0,110,10,607.88,1
52.23,15,withdrawal,0,3233,2,6.56,0
22.55,17,withdrawal,0,3510,3,0.11,0
23.08,14,purchase,0,1475,3,1.15,0
191.7,17,online,0,2178,0,12.53,0
149.51,6,withdrawal,0,2206,2,17.96,0
23.47,7,purchase,0,2264,0,9.94,0
230.65,11,online,0,957,1,19.28,0
109.28,14,purchase,0,2155,2,11.2,0
167.41,19,withdrawal,0,1644,1,11.26,0
304.62,19,online,0,3217,1,0.87,0
96.2,11,withdrawal,0,3475,0,12.26,0
50.14,10,withdrawal,0,2351,1,18.52,0
26.44,7,online,1,2457,0,6.31,0
51.59,12,purchase,0,434,1,15.16,0
80.04,13,purchase,0,1669,3,0.49,0
113.74,8,transfer,0,2630,1,6.13,0
303.33,10,purchase,0,742,4,2.61,0
46.45,15,purchase,0,2201,2,17.27,0
73.46,10,purchase,0,1003,3,53.77,0
46.32,14,withdrawal,0,2942,2,4.64,0
179.95,6,purchase,0,3223,3,52.09,0
136.41,7,online,0,488,0,3.9,0
55.98,17,purchase,0,2362,3,1.9,0
82.72,21,purchase,0,2204,5,5.27,0
34.03,9,online,1,2427,1,35.6,0
187.22,22,withdrawal,0,2018,3,7.72,0
19.43,15,withdrawal,0,1643,2,26.26,0
30.55,8,withdrawal,0,2359,0,1.63,0
81.09,11,online,0,1323,5,16.94,0
42.72,10,transfer,0,2436,2,37.9,0
143.88,20,transfer,0,2221,2,79.71,0
20.04,20,transfer,0,1835,2,8.45,0
100.53,19,purchase,0,544,0,53.37,0
126.59,12,withdrawal,0,3375,3,4.06,0
45.87,15,online,0,1710,3,34.2,0
52.56,15,withdrawal,0,1417,1,3.25,0
332.65,6,online,1,49,4,221.7,1
46.17,10,purchase,0,463,1,15.21,0
44.68,14,transfer,0,2961,2,0.75,0
188.68,19,withdrawal,0,3541,4,11.19,0
102.28,10,purchase,0,391,1,6.29,0
64.64,15,purchase,0,2122,1,39.22,0
50.15,6,purchase,0,2886,3,39.55,0
57.29,10,withdrawal,0,3495,5,16.81,0
61.07,12,transfer,0,2775,2,0.3,0
71.17,16,withdrawal,0,99,2,2.97,0
41.65,8,purchase,0,2381,1,15.51,0
95.12,15,purchase,0,2052,2,53.68,0
70.12,13,online,0,1087,0,1.9,0
147.5,11,purchase,0,1662,1,28.65,0
29.13,22,purchase,0,1510,2,1.49,0
81.95,22,purchase,0,2428,0,9.35,0
72.18,20,purchase,1,356,4,16.47,0
102.67,17,purchase,0,2146,1,4.86,0
120.84,13,purchase,0,2315,2,5.56,0
41.35,6,withdrawal,0,2581,2,20.5,0
98.89,16,transfer,0,1588,2,13.24,0
752.36,16,online,0,68,5,222.09,1
53.3,16,purchase,0,716,4,7.59,0
79.02,17,transfer,0,3219,3,6.08,0
558.2,8,online,1,278,6,67.39,1
117.45,21,purchase,0,1890,1,7.38,0
66.3,8,purchase,0,2186,1,7.23,0
398.24,9,withdrawal,0,2576,2,2.89,0
6.08,10,online,0,1492,1,1.73,0
37.85,11,purchase,1,1797,4,8.22,0
106.03,11,purchase,0,1873,4,17.95,0
883.3,17,online,0,72,6,195.29,1
148.59,15,purchase,1,1249,1,24.99,0
149.87,13,online,0,966,2,3.73,0
35.29,8,purchase,0,2580,2,31.89,0
115.08,14,transfer,0,1156,1,57.65,0
143.76,16,online,0,1431,4,89.04,0
78.78,21,transfer,0,657,1,13.07,0
68.3,20,purchase,0,1651,1,36.73,0
44.64,12,withdrawal,0,67,1,11.93,0
16.88,20,purchase,0,2295,4,24.62,0
77.29,10,transfer,0,2144,2,3.2,0
34.53,8,purchase,0,1517,2,8.49,0
86.73,16,withdrawal,0,3383,2,0.44,0
6.99,7,online,0,2836,2,5.02,0
52.99,8,online,0,2377,3,26.41,0
4.08,13,purchase,0,303,2,28.6,0
97.77,8,purchase,0,458,2,10.66,0
53.27,7,withdrawal,0,414,1,16.0,0
63.6,8,purchase,0,1015,3,66.32,0
234.94,13,online,1,3575,4,10.0,0
62.57,14,purchase,0,1743,2,26.38,0
129.19,6,withdrawal,0,662,2,3.31,0
63.04,11,withdrawal,0,3313,1,41.86,0
118.02,13,withdrawal,0,2535,2,3.52,0
2071.35,11,transfer,0,235,9,119.34,1
50.78,9,withdrawal,0,1859,0,1.53,0
92.4,13,online,0,714,2,0.75,0
75.53,11,purchase,0,1064,0,18.42,0
58.64,11,purchase,0,3379,3,54.21,0
160.36,6,purchase,0,2644,2,1.45,0
126.06,19,withdrawal,0,421,0,1.71,0
19.08,19,purchase,0,2153,2,2.11,0
18.06,17,transfer,0,2415,0,13.2,0
96.06,12,purchase,0,3439,2,2.7,0
104.24,11,purchase,0,477,3,11.57,0
124.45,17,online,0,4,6,723.94,1
78.91,17,withdrawal,0,3390,3,34.2,0
34.99,22,withdrawal,0,316,0,21.91,0
104.09,12,purchase,0,1221,3,2.14,0
25.94,14,purchase,0,573,1,17.03,0
41.55,10,transfer,0,1096,4,1.28,0
54.84,8,purchase,0,2490,6,22.94,0
170.06,6,purchase,1,546,0,21.46,0
18.88,14,withdrawal,0,1755,2,21.1,0
23.88,12,purchase,0,135,4,27.25,0
43.51,12,transfer,0,3622,0,8.23,0
141.53,22,withdrawal,0,307,1,23.25,0
92.47,18,purchase,0,1893,2,0.34,0
143.11,19,purchase,0,3017,2,11.33,0
316.27,14,purchase,0,213,2,25.69,0
41.56,19,purchase,0,3054,1,31.26,0
67.38,22,online,0,3391,0,24.03,0
85.54,12,purchase,0,2245,2,13.3,0
179.67,7,online,0,2314,0,14.33,0
15.24,14,online,0,1615,6,10.43,0
32.96,17,purchase,0,2897,5,22.58,0
141.92,9,purchase,0,775,6,1.3,0
73.87,13,transfer,0,624,0,12.06,0
44.62,15,purchase,0,962,2,9.53,0
7.58,11,purchase,0,2705,4,27.34,0
110.03,11,transfer,0,1064,2,1.97,0
53.29,14,purchase,0,1493,2,15.72,0
116.31,14,transfer,0,506,3,1.07,0
57.46,11,purchase,0,2773,3,15.4,0
100.8,8,transfer,0,458,1,2.97,0
130.57,12,online,0,2792,2,9.7,0
46.33,19,transfer,0,1855,3,3.26,0
131.72,18,purchase,0,348,2,9.01,0
48.05,14,withdrawal,0,3223,2,20.49,0
105.26,16,transfer,0,2441,0,21.01,0
205.0,9,purchase,0,184,2,27.57,0
41.09,14,purchase,0,160,3,53.28,0
67.86,12,purchase,0,2614,3,4.98,0
25.69,12,purchase,0,133,4,7.73,0
182.68,21,purchase,0,897,2,8.74,0
287.75,21,purchase,0,1141,4,35.97,0
85.29,15,purchase,0,3033,1,11.22,0
84.21,6,purchase,0,3493,1,13.88,0
75.53,8,withdrawal,0,3587,2,16.29,0
104.05,11,purchase,0,1702,3,23.47,0
3.88,18,withdrawal,0,689,0,33.34,0
172.46,14,withdrawal,0,1266,1,13.97,0
20.03,22,purchase,0,1738,1,3.64,0
10.47,21,online,0,825,5,4.91,0
44.57,13,purchase,0,3551,1,2.92,0
132.38,16,online,0,2478,1,10.98,0
33.63,21,withdrawal,0,1534,3,1.44,0
219.72,19,purchase,0,1892,1,3.06,0
765.62,0,online,1,191,5,567.09,1
146.28,11,purchase,0,850,0,9.12,0
68.0,19,transfer,0,152,0,2.99,0
40.66,11,online,0,3396,7,1.81,0
56.37,14,purchase,0,1446,4,22.59,0
17.65,11,purchase,0,1569,2,5.52,0
7.94,12,purchase,0,1891,0,10.63,0
102.88,17,online,0,2912,1,0.12,0
42.96,16,purchase,0,2781,4,0.19,0
92.55,16,purchase,0,2448,0,10.66,0
94.02,13,online,1,1745,2,49.87,0
25.08,12,purchase,0,3443,1,1.51,0
102.54,14,purchase,0,2823,1,5.49,0
124.02,20,purchase,0,1812,2,14.98,0
111.06,11,transfer,1,1016,1,4.9,0
61.58,14,purchase,0,58,3,2.2,0
93.72,21,online,0,2134,2,40.71,0
89.8,9,purchase,0,2983,2,1.31,0
8.81,9,online,0,430,3,15.65,0
22.23,11,transfer,0,3471,1,4.33,0
33.39,21,purchase,1,2511,4,29.06,0
76.78,15,withdrawal,0,1417,2,56.24,0
58.27,10,online,0,3144,4,7.25,0
50.14,14,purchase,1,3451,1,27.64,0
135.54,21,purchase,0,783,1,14.6,0
33.3,17,online,0,1786,3,37.22,0
33.55,10,transfer,1,3451,4,33.38,0
1388.17,15,online,1,245,4,472.4,1
87.25,19,purchase,0,2617,3,17.83,0
75.54,17,online,0,3084,1,6.38,0
39.41,20,purchase,0,732,4,11.58,0
9.38,14,purchase,0,2266,0,13.22,0
91.15,6,purchase,0,451,1,14.6,0
47.86,14,transfer,0,1245,2,18.76,0
205.21,20,withdrawal,0,1928,1,10.37,0
41.31,9,purchase,0,36,2,2.44,0
41.76,16,transfer,1,1318,2,27.18,0
47.18,8,withdrawal,1,1566,1,18.35,0
122.52,7,purchase,0,1065,3,17.49,0
87.93,6,online,0,1855,2,5.17,0
77.17,16,transfer,0,3257,1,2.5,0
149.97,16,withdrawal,0,1187,1,0.41,0
24.21,9,withdrawal,0,1007,0,32.47,0
7.05,12,online,0,3357,2,1.76,0
99.88,6,purchase,0,3580,3,1.92,0
106.14,16,purchase,0,300,1,4.08,0
23.78,17,transfer,0,1252,2,22.6,0
100.81,11,purchase,0,283,3,23.14,0
56.45,19,withdrawal,0,1414,1,15.95,0
43.83,22,online,0,1336,3,41.45,0
23.85,9,online,0,1560,3,24.64,0
120.53,20,transfer,0,3443,3,9.88,0
99.3,10,purchase,0,2767,1,12.31,0
143.21,6,purchase,0,206,1,66.93,0
60.53,13,transfer,0,3644,1,1.37,0
235.15,22,purchase,0,1456,1,13.1,0
56.97,16,purchase,0,3120,1,1.55,0
31.77,15,online,0,128,3,13.58,0
88.88,19,transfer,0,1629,1,25.63,0
78.16,15,purchase,0,3300,0,2.23,0
11.36,11,purchase,0,2331,0,13.05,0
177.61,6,purchase,0,2847,1,11.9,0
99.32,7,online,0,2542,3,8.46,0
107.72,17,online,0,3068,4,18.2,0
34.92,15,purchase,0,1632,4,6.87,0
130.66,17,purchase,0,2349,2,47.7,0
104.74,13,purchase,0,313,1,0.22,0
245.73,8,purchase,0,1389,3,5.89,0
121.31,16,withdrawal,0,659,3,32.28,0
55.11,16,purchase,0,3323,4,19.75,0
246.81,7,online,0,2208,3,2.12,0
18.58,6,purchase,0,1202,0,20.04,0
20.06,18,transfer,0,1527,1,25.88,0
24.51,8,withdrawal,0,2444,1,19.06,0
102.91,10,purchase,0,100,1,2.61,0
64.53,9,purchase,0,3497,3,18.63,0
27.38,12,online,0,1726,1,1.73,0
155.85,17,online,0,1122,2,0.71,0
123.48,14,purchase,0,2359,3,34.56,0
98.65,21,withdrawal,0,53,1,9.24,0
54.8,6,purchase,0,328,0,14.95,0
4.85,20,purchase,0,1894,1,45.1,0
68.2,15,withdrawal,0,818,2,4.8,0
66.95,22,withdrawal,0,2304,1,14.44,0
22.15,8,withdrawal,0,1990,2,10.05,0
153.47,19,online,0,560,5,12.42,0
49.95,17,purchase,0,2424,1,15.48,0
24.39,19,withdrawal,0,2264,4,12.78,0
63.62,20,withdrawal,0,1127,2,2.91,0
124.56,10,online,0,2674,3,12.44,0
22.09,15,purchase,0,3601,2,36.71,0
10.39,20,purchase,0,1161,1,1.53,0
121.03,17,transfer,1,1198,4,2.26,0
91.03,18,online,0,3071,0,29.66,0
14.13,18,purchase,0,3375,4,2.6,0
110.44,15,withdrawal,0,1349,0,3.09,0
65.77,22,purchase,0,2118,4,20.66,0
118.99,22,purchase,0,2458,2,7.18,0
38.9,9,purchase,0,2676,3,52.52,0
255.34,7,purchase,0,1478,3,43.05,0
717.88,3,online,1,153,6,38.56,1
59.37,12,online,0,1397,5,4.3,0
153.21,14,online,0,1474,4,5.5,0
15.22,14,purchase,0,190,1,15.09,0
79.25,16,purchase,0,229,0,30.14,0
237.43,8,purchase,0,1161,3,12.53,0
34.45,11,purchase,0,2410,0,2.09,0
61.17,9,withdrawal,0,1824,1,6.76,0
72.82,7,purchase,0,2627,2,1.29,0
6.92,9,purchase,0,1834,2,6.52,0
16.09,8,purchase,0,2540,4,10.52,0
87.88,6,online,0,1385,2,9.82,0
15.31,14,withdrawal,0,967,1,5.99,0
117.96,11,online,0,2094,3,8.72,0
202.46,13,purchase,0,2835,2,25.02,0
79.23,15,withdrawal,0,441,2,25.65,0
162.4,13,purchase,0,205,4,4.48,0
68.74,9,withdrawal,0,2819,1,5.04,0
324.87,5,purchase,1,357,6,42.2,1
126.29,7,transfer,0,787,4,13.71,0
47.69,19,withdrawal,0,3417,1,7.8,0
132.38,9,purchase,0,2563,3,47.73,0
1198.64,2,purchase,0,228,6,352.91,1
75.68,20,purchase,0,2607,0,28.65,0
189.23,20,purchase,0,2137,0,2.1,0
69.44,20,purchase,1,58,2,5.38,0
97.11,15,purchase,0,1466,2,7.85,0
53.9,22,purchase,0,2459,4,1.57,0
60.86,16,purchase,0,3186,1,1.08,0
53.6,19,purchase,0,2872,1,22.4,0
59.15,18,withdrawal,0,3340,1,11.28,0
40.68,20,online,1,2584,6,73.27,0
103.07,11,purchase,0,3405,3,2.44,0
77.98,18,purchase,0,2493,1,55.58,0
34.85,19,online,0,2911,3,16.71,0
46.72,7,purchase,0,2613,0,34.93,0
174.77,19,transfer,0,3067,1,8.07,0
125.25,10,purchase,0,1065,1,0.98,0
7.67,20,withdrawal,0,1016,4,1.0,0
14.98,17,purchase,0,2034,2,1.18,0
131.18,18,purchase,1,1325,2,2.04,0
110.61,14,purchase,0,3157,3,0.44,0
13.47,18,purchase,0,2814,1,4.21,0
123.51,10,withdrawal,0,2620,2,2.55,0
74.03,21,transfer,0,435,0,2.79,0
60.6,21,withdrawal,0,968,3,17.17,0
141.34,16,transfer,0,3270,2,8.08,0
903.99,5,purchase,1,320,7,259.51,1
105.03,22,online,0,2566,3,0.71,0
70.2,7,online,0,2170,0,18.77,0
34.22,18,purchase,0,1170,2,24.79,0
65.72,11,purchase,1,2105,2,4.91,0
45.73,18,purchase,0,2631,2,2.12,0
23.55,21,purchase,0,3262,0,22.88,0
14.3,9,withdrawal,0,2482,4,37.94,0
24.88,13,withdrawal,0,37,1,16.37,0
115.85,21,purchase,0,3341,2,7.54,0
21.63,8,withdrawal,1,1028,1,12.96,0
92.8,11,online,0,2843,1,2.67,0
44.67,7,purchase,0,2202,1,16.71,0
107.25,12,purchase,0,484,2,24.57,0
426.21,3,online,0,131,4,548.53,1
205.83,9,online,0,1163,1,3.56,0
189.84,12,transfer,0,2019,3,0.39,0
87.87,21,purchase,0,123,3,31.28,0
7.96,12,purchase,0,1936,1,32.05,0
162.67,15,purchase,0,499,1,19.77,0
222.95,14,purchase,1,2134,0,0.33,0
20.21,16,purchase,0,1007,1,18.08,0
46.2,7,transfer,0,2142,3,7.92,0
23.06,15,transfer,0,1429,3,5.24,0
201.76,7,withdrawal,0,2148,4,9.11,0
65.56,11,purchase,0,1152,2,59.65,0
139.78,21,transfer,0,234,3,56.14,0
112.67,17,transfer,0,2601,1,0.11,0
35.94,13,transfer,0,2190,3,26.75,0
16.63,11,withdrawal,0,744,2,14.02,0
173.01,10,purchase,0,2214,1,8.24,0
67.89,20,online,0,2213,1,0.73,0
35.62,7,purchase,0,1201,1,14.02,0
22.43,11,online,0,3421,1,25.62,0
187.02,17,online,0,3378,2,13.01,0
12.06,20,purchase,0,1647,3,2.08,0
61.6,20,transfer,0,3107,1,19.23,0
208.25,13,purchase,0,1673,1,0.58,0
34.89,7,purchase,0,606,0,7.0,0
47.86,7,online,0,2087,2,4.76,0
33.84,22,transfer,0,679,3,7.66,0
62.45,21,purchase,0,2915,2,72.14,0
57.32,15,transfer,0,2867,1,1.28,0
25.13,10,withdrawal,0,649,0,7.8,0
104.87,15,withdrawal,0,1823,2,5.33,0
90.38,6,purchase,0,1143,0,26.11,0
65.09,11,withdrawal,0,3174,2,1.16,0
29.01,9,withdrawal,0,2393,2,20.22,0
215.8,10,purchase,0,440,2,19.55,0
45.34,15,purchase,0,3521,2,25.37,0
72.12,9,purchase,1,1702,1,38.85,0
1556.1,17,purchase,1,361,5,968.42,1
36.24,12,withdrawal,0,3428,1,12.59,0
136.95,11,withdrawal,0,1736,1,18.07,0
35.57,18,purchase,0,2516,2,28.38,0
34.49,15,online,0,1120,2,4.14,0
54.5,16,purchase,0,3454,2,3.3,0
37.96,22,withdrawal,0,143,1,25.06,0
34.86,20,purchase,0,3017,2,2.24,0
63.98,21,withdrawal,0,3060,2,1.16,0
213.92,20,online,0,467,2,12.08,0
154.67,11,withdrawal,0,193,1,43.18,0
22.47,17,purchase,0,2796,3,21.15,0
19.49,6,transfer,0,1359,0,14.18,0
84.11,10,transfer,0,1198,2,6.47,0
24.67,12,purchase,0,3305,2,13.47,0
27.82,6,online,0,3154,1,3.0,0
82.61,10,transfer,0,429,2,4.91,0
84.35,12,withdrawal,0,931,3,2.77,0
59.02,12,withdrawal,0,2915,3,17.38,0
42.82,19,withdrawal,0,2079,3,4.65,0
144.39,21,purchase,0,1939,1,30.82,0
120.84,9,withdrawal,0,1473,2,0.1,0
30.54,14,withdrawal,0,1823,4,18.73,0
108.23,6,withdrawal,1,400,3,4.21,0
93.36,10,online,0,3442,1,9.52,0
13.28,16,purchase,0,1748,3,29.63,0
40.0,11,purchase,1,2627,1,20.43,0
91.75,14,online,0,2315,1,2.62,0
54.08,20,purchase,0,3594,4,67.29,0
73.28,17,purchase,0,1009,2,57.17,0
30.74,18,online,0,2208,2,0.68,0
35.82,11,purchase,0,1696,3,2.96,0
29.81,15,transfer,0,1239,3,21.37,0
239.14,21,purchase,0,3141,1,14.48,0
118.6,14,purchase,0,1733,3,0.41,0
30.95,17,purchase,0,2643,3,14.26,0
27.12,9,withdrawal,0,375,2,4.63,0
104.25,6,online,0,947,1,32.77,0
58.26,14,transfer,0,1603,1,25.93,0
82.52,17,purchase,0,424,1,23.72,0
54.22,10,transfer,0,759,1,4.3,0
84.81,9,purchase,0,1725,2,14.92,0
60.33,17,purchase,0,3186,1,2.25,0
235.11,20,purchase,0,1374,1,29.0,0
99.2,17,purchase,0,1529,0,0.72,0
27.71,10,purchase,0,3527,1,31.57,0
69.39,12,purchase,0,3155,5,49.36,0
82.38,6,online,0,3204,1,4.13,0
58.87,22,purchase,0,2346,2,49.16,0
137.83,20,withdrawal,0,170,1,17.81,0
20.37,6,online,0,1081,2,1.24,0
48.27,14,purchase,0,2542,1,2.54,0
51.26,6,purchase,0,2649,5,21.03,0
95.43,16,purchase,0,965,1,1.98,0
28.89,14,purchase,0,2320,0,0.27,0
45.63,21,withdrawal,0,2307,4,5.58,0
120.93,20,purchase,0,2853,1,29.81,0
20.13,8,online,0,2907,2,25.88,0
68.83,12,purchase,1,1534,2,0.86,0
57.07,21,purchase,0,2888,2,2.78,0
41.13,16,transfer,0,2478,0,41.22,0
71.65,18,purchase,0,406,4,40.4,0
20.37,6,withdrawal,0,796,1,14.89,0
67.27,9,withdrawal,0,1119,2,2.16,0
32.8,13,online,0,3270,2,7.66,0
84.27,14,withdrawal,0,314,4,17.56,0
7.08,19,online,0,3221,2,17.7,0
42.84,11,purchase,0,198,0,16.1,0
59.46,22,purchase,0,1301,3,0.84,0
174.66,8,purchase,0,3355,0,6.6,0
17.66,9,withdrawal,0,1986,2,45.14,0
48.06,12,purchase,0,2147,0,34.27,0
31.89,21,purchase,0,136,3,0.48,0
387.05,14,online,0,212,3,117.44,1
40.37,16,purchase,0,135,1,2.37,0
93.54,18,withdrawal,0,3028,2,39.06,0
145.66,11,purchase,0,497,4,1.98,0
14.51,17,withdrawal,1,661,2,33.93,0
11.7,7,purchase,0,3635,1,22.81,0
36.64,21,transfer,0,3136,3,27.31,0
25.13,9,transfer,0,1670,2,13.31,0
51.45,6,purchase,0,3361,2,64.03,0
41.67,18,purchase,0,1750,4,22.63,0
87.66,7,purchase,0,3296,2,21.56,0
70.81,9,online,1,166,6,2.0,0
21.07,22,purchase,0,3432,4,5.52,0
130.04,21,withdrawal,0,1469,4,7.82,0
80.12,13,transfer,0,3449,2,3.9,0
96.09,9,purchase,0,990,0,5.03,0
44.41,6,purchase,0,93,2,33.44,0
186.18,6,purchase,0,2009,2,6.68,0
41.43,19,purchase,0,2617,2,26.56,0
21.54,16,withdrawal,0,2295,1,5.09,0
85.86,22,transfer,0,1448,2,31.39,0
856.3,0,online,1,2,4,700.29,1
139.36,19,purchase,0,3319,2,7.56,0
29.81,21,withdrawal,0,2793,1,6.49,0
155.59,21,purchase,0,699,2,67.37,0
54.69,10,purchase,0,2766,2,0.32,0
23.53,6,purchase,0,103,0,14.33,0
39.0,20,online,0,2132,3,4.82,0
70.17,21,transfer,0,2141,3,22.48,0
40.81,10,online,0,1657,1,20.07,0
40.89,9,purchase,0,3284,3,3.64,0
130.95,12,purchase,0,206,4,14.39,0
87.35,12,purchase,0,884,2,6.3,0
26.13,16,transfer,0,46,2,5.41,0
62.76,19,online,0,1403,0,11.85,0
80.45,18,transfer,0,32,4,43.86,0
44.96,19,purchase,0,2273,4,16.58,0
69.0,16,purchase,0,2110,5,7.31,0
32.18,21,withdrawal,0,2587,1,4.6,0
42.68,20,withdrawal,0,2220,3,21.64,0
140.63,9,online,0,1674,4,20.33,0
44.64,9,withdrawal,0,1116,2,6.03,0
32.92,18,purchase,1,2898,1,2.34,0
84.54,18,purchase,0,3279,0,19.41,0
88.1,17,withdrawal,0,1817,3,16.26,0
148.81,9,purchase,0,795,0,24.12,0
109.92,7,online,0,3366,3,7.59,0
46.39,13,online,0,1418,1,1.34,0
163.73,11,purchase,0,2574,2,30.54,0
80.73,9,purchase,0,585,2,7.29,0
6.1,16,online,0,3215,3,40.03,0
79.82,21,transfer,0,1488,0,9.12,0
39.37,17,purchase,0,1137,0,7.44,0
30.12,22,online,0,3179,6,17.84,0
2.18,13,purchase,0,670,2,16.76,0
137.56,21,online,0,814,2,5.95,0
47.43,16,purchase,0,3610,1,13.16,0
41.01,18,purchase,0,3013,0,2.23,0
91.75,7,purchase,0,1272,1,17.07,0
64.13,22,purchase,0,1310,6,16.12,0
17.96,6,transfer,0,3471,1,15.47,0
285.04,16,purchase,0,2026,1,5.34,0
148.59,14,purchase,0,618,2,2.03,0
93.21,20,purchase,0,1787,0,1.41,0
43.69,9,withdrawal,0,926,1,0.1,0
113.84,14,purchase,0,670,4,19.38,0
113.38,18,transfer,0,607,1,8.34,0
22.89,16,transfer,0,2537,3,12.46,0
64.36,10,online,0,2868,3,6.47,0
61.14,10,transfer,0,2477,0,27.43,0
25.83,8,transfer,0,248,3,24.15,0
81.13,9,withdrawal,0,1610,0,7.4,0
72.77,11,purchase,0,532,0,11.04,0
68.55,15,purchase,0,755,1,25.39,0
64.37,9,transfer,1,276,2,10.03,0
110.95,22,purchase,0,801,3,21.23,0
61.04,17,withdrawal,0,1004,4,26.71,0
12.0,8,withdrawal,0,3089,3,17.67,0
25.77,19,purchase,0,2377,3,4.18,0
93.93,11,withdrawal,0,3125,2,26.48,0
107.75,20,transfer,0,2345,1,21.03,0
152.25,8,withdrawal,0,2287,2,1.78,0
80.84,16,purchase,0,584,1,13.5,0
159.48,9,withdrawal,0,660,0,12.36,0
19.96,22,purchase,0,884,1,11.31,0
29.4,19,withdrawal,0,1099,1,18.86,0
107.75,18,online,0,666,1,9.08,0
32.76,21,purchase,0,3237,2,2.4,0
34.54,14,purchase,0,2122,4,2.5,0
23.17,6,withdrawal,0,1649,4,32.02,0
96.72,16,transfer,0,1992,2,7.45,0
62.58,17,withdrawal,0,111,3,1.19,0
63.57,16,purchase,1,1904,5,18.28,0
168.76,15,withdrawal,0,3042,2,40.2,0
239.94,17,online,1,2806,1,20.59,0
102.01,18,purchase,0,255,1,1.42,0
92.38,17,purchase,0,3536,4,12.36,0
69.8,10,purchase,0,2831,2,3.82,0
161.77,13,purchase,0,2479,1,7.73,0
48.05,8,purchase,0,3147,0,16.12,0
7.69,11,online,0,3000,1,33.0,0
66.05,20,purchase,0,2820,3,13.41,0
61.47,21,purchase,0,38,0,43.94,0
47.33,19,purchase,0,73,1,9.0,0
134.85,7,online,0,1651,2,13.75,0
110.27,10,withdrawal,1,2045,2,12.0,0
265.49,20,purchase,0,680,2,15.74,0
53.23,17,purchase,1,1044,5,21.08,0
81.69,17,online,0,2217,3,2.76,0
104.94,13,transfer,0,1663,3,18.51,0
48.23,19,withdrawal,0,1813,1,6.95,0
148.18,11,withdrawal,0,3642,1,1.03,0
71.51,17,purchase,0,1871,1,1.49,0
180.53,21,withdrawal,0,2566,3,1.72,0
29.35,17,withdrawal,0,2370,2,5.98,0
247.27,20,withdrawal,0,2513,1,12.73,0
76.77,13,purchase,0,1137,1,2.59,0
21.84,20,withdrawal,0,1498,0,4.97,0
64.89,11,online,0,53,1,11.63,0
22.3,8,purchase,0,2475,4,10.11,0
49.13,12,transfer,0,3618,4,4.06,0
106.8,16,withdrawal,0,230,1,22.22,0
63.48,14,purchase,0,3583,1,3.77,0
261.39,11,purchase,0,3050,4,11.03,0
727.84,0,withdrawal,0,262,9,323.66,1
71.8,19,withdrawal,0,1931,3,16.28,0
41.12,19,online,0,3320,3,16.13,0
168.24,10,purchase,0,1496,5,19.04,0
11.35,13,transfer,0,3532,0,23.21,0
28.07,11,purchase,0,970,0,17.23,0
26.63,6,purchase,0,2436,5,2.42,0
27.36,10,purchase,0,3404,2,31.65,0
29.13,7,withdrawal,0,299,1,6.7,0
61.26,16,withdrawal,0,921,4,18.8,0
76.65,16,purchase,0,2163,7,4.49,0
120.75,11,withdrawal,0,1371,2,34.32,0
37.61,15,transfer,0,1497,2,0.87,0
67.54,13,transfer,0,1523,4,14.75,0
78.47,17,transfer,0,2203,3,12.44,0
210.64,8,purchase,0,380,5,10.33,0
58.05,17,transfer,0,1437,1,1.49,0
101.45,17,purchase,1,876,3,1.16,0
18.2,10,purchase,0,2396,3,13.38,0
40.92,10,transfer,0,545,2,22.97,0
69.72,11,purchase,0,179,2,16.84,0
50.1,9,transfer,0,2711,1,12.12,0
40.78,13,purchase,0,836,2,10.54,0
11.47,20,purchase,0,3126,1,19.38,0
141.34,20,transfer,0,3614,0,47.86,0
149.75,6,withdrawal,0,884,1,13.74,0
46.67,9,online,0,3201,0,9.27,0
48.37,6,purchase,0,2888,0,14.22,0
7.78,16,purchase,0,2387,1,19.85,0
1739.69,2,online,0,93,9,133.56,1
162.52,11,purchase,0,3616,2,44.38,0
192.86,22,transfer,0,2133,2,6.98,0
172.58,9,purchase,0,1725,2,21.67,0
32.93,16,transfer,0,2305,2,15.88,0
183.38,21,transfer,0,1767,3,14.83,0
77.89,22,withdrawal,0,1323,0,12.91,0
76.34,19,transfer,0,2649,0,2.91,0
61.28,15,purchase,0,3277,1,5.55,0
61.91,13,purchase,0,2675,1,1.19,0
36.45,11,withdrawal,1,340,1,11.79,0
104.1,10,withdrawal,0,1087,2,9.83,0
114.97,14,purchase,0,2076,1,27.81,0
87.71,22,purchase,0,2328,1,15.51,0
211.88,6,withdrawal,0,2943,1,5.71,0
39.45,13,purchase,0,1385,2,13.02,0
31.32,7,transfer,0,2748,2,2.47,0
45.54,11,withdrawal,0,795,0,8.71,0
14.96,16,purchase,0,955,1,16.38,0
208.7,20,purchase,0,1171,3,5.86,0
81.82,10,transfer,0,2827,1,56.14,0
75.71,18,withdrawal,0,1391,3,20.22,0
50.11,20,withdrawal,0,2646,1,2.7,0
56.4,11,purchase,0,2580,3,1.77,0
110.28,12,purchase,0,2602,1,7.55,0
38.47,18,transfer,0,145,0,0.08,0
78.39,21,transfer,1,2915,1,3.37,0
45.92,6,online,0,436,2,10.8,0
26.38,11,purchase,0,2592,3,4.91,0
55.01,11,purchase,0,1228,3,93.99,0
67.35,21,online,0,3447,3,8.38,0
197.65,19,withdrawal,0,1433,6,17.15,0
10.14,7,purchase,0,1281,4,23.48,0
525.69,9,purchase,0,86,10,349.67,1
42.28,6,withdrawal,0,554,4,7.01,0
37.76,16,withdrawal,0,2092,1,4.29,0
80.31,20,purchase,0,1566,2,6.55,0
137.95,18,purchase,0,3646,5,23.94,0
62.81,7,purchase,0,3328,0,53.78,0
16.97,11,withdrawal,0,97,0,1.39,0
253.8,10,purchase,0,3566,3,34.62,0
30.04,7,purchase,0,2885,2,25.79,0
78.86,18,withdrawal,1,301,2,34.21,0
238.08,7,purchase,0,1377,5,6.97,0
31.14,8,purchase,0,2213,1,5.67,0
70.79,14,withdrawal,0,1442,2,17.68,0
101.85,16,purchase,0,648,2,16.61,0
121.91,13,purchase,0,2076,1,0.53,0
70.25,21,transfer,0,1452,6,12.67,0
22.57,18,transfer,0,1845,0,5.47,0
12.07,7,withdrawal,0,1019,3,4.73,0
81.3,22,purchase,0,2418,2,2.17,0
226.69,11,withdrawal,0,897,2,20.78,0
254.76,12,withdrawal,0,2530,1,16.25,0
0.73,6,purchase,0,3227,4,17.08,0
12.79,9,online,0,2149,1,7.28,0
115.49,10,transfer,0,1924,6,7.04,0
164.41,16,purchase,0,1007,2,3.1,0
47.94,16,transfer,0,1563,1,2.97,0
88.55,12,withdrawal,0,2900,4,0.45,0
100.9,21,purchase,0,3366,1,7.28,0
29.94,11,withdrawal,0,393,1,1.98,0
80.68,8,withdrawal,1,2304,0,18.51,0
119.8,22,online,0,1252,1,14.09,0
69.35,13,purchase,0,2771,1,9.07,0
39.07,19,purchase,0,1128,4,20.13,0
69.97,20,withdrawal,0,1552,1,7.68,0
55.04,17,withdrawal,1,196,1,9.29,0
38.86,9,purchase,1,147,0,3.98,0
31.6,20,online,0,3394,0,23.34,0
103.08,12,purchase,0,425,3,13.85,0
800.9,1,purchase,1,123,7,932.42,1
361.51,4,withdrawal,1,104,6,246.46,1
66.48,9,withdrawal,0,3005,3,0.55,0
40.65,14,transfer,0,2762,5,35.39,0
29.53,16,online,0,3029,2,11.22,0
81.34,18,transfer,0,2453,3,4.91,0
156.33,21,purchase,0,3434,5,8.33,0
144.34,20,online,0,1141,1,16.25,0
14.64,16,purchase,0,395,1,1.31,0
131.26,18,withdrawal,0,2900,2,8.42,0
29.66,22,purchase,0,3550,0,4.59,0
62.59,15,transfer,0,1658,2,32.55,0
36.85,14,purchase,0,2634,3,32.4,0
54.35,14,withdrawal,0,3142,3,24.9,0
40.84,15,purchase,0,1160,0,1.61,0
97.45,14,withdrawal,0,385,2,2.01,0
121.12,22,transfer,0,530,1,6.06,0
104.14,10,purchase,0,284,2,1.14,0
143.25,18,transfer,0,1151,2,23.44,0
63.67,10,transfer,0,1479,2,6.18,0
64.33,13,purchase,0,3202,3,0.2,0
122.32,20,online,0,3010,1,21.04,0
171.11,12,withdrawal,0,2102,2,5.39,0
16.44,22,purchase,0,1190,1,3.93,0
62.02,7,withdrawal,0,3293,2,26.91,0
16.47,16,transfer,0,3014,2,0.72,0
181.25,11,withdrawal,0,1354,4,64.16,0
50.72,14,transfer,0,2874,3,3.79,0
64.68,20,purchase,0,2704,5,22.7,0
29.36,7,transfer,0,481,2,9.05,0
341.09,7,withdrawal,0,2743,0,28.02,0
6.1,18,purchase,0,853,3,18.31,0
129.33,10,purchase,0,1296,3,12.2,0
60.68,19,transfer,0,966,1,17.63,0
88.39,19,withdrawal,0,578,4,15.65,0
41.18,17,purchase,0,1411,1,7.59,0
116.87,11,purchase,0,770,1,2.11,0
145.63,16,purchase,0,2035,1,18.2,0
75.61,15,purchase,0,1588,2,22.29,0
25.59,6,purchase,0,1166,1,14.86,0
70.75,17,purchase,0,3463,3,6.45,0
43.27,18,withdrawal,0,1486,1,3.74,0
129.65,10,withdrawal,0,2412,2,18.79,0
69.07,6,purchase,0,1562,4,26.06,0
57.35,10,transfer,0,3033,5,20.35,0
30.8,12,withdrawal,0,985,2,13.47,0
105.23,21,withdrawal,0,2170,3,1.2,0
15.36,11,withdrawal,0,963,1,17.43,0
45.32,22,purchase,0,3027,2,13.99,0
64.91,11,withdrawal,0,1383,3,22.89,0
86.15,21,withdrawal,0,106,2,14.89,0
13.52,15,transfer,0,840,2,0.26,0
82.09,20,withdrawal,0,1222,0,19.03,0
24.95,11,online,0,1331,1,16.14,0
33.94,9,online,0,3508,2,11.54,0
87.12,17,withdrawal,0,2397,1,7.43,0
4.91,10,purchase,0,3124,0,0.7,0
162.23,19,transfer,0,2802,0,2.98,0
25.52,20,online,0,3102,1,0.09,0
56.29,15,purchase,1,2395,0,16.55,0
32.12,15,withdrawal,0,3110,2,1.4,0
58.66,16,transfer,0,2205,5,20.57,0
358.79,19,transfer,1,225,7,471.3,1
13.61,14,online,0,169,1,2.12,0
100.85,8,purchase,0,1671,1,2.18,0
89.43,11,transfer,0,3642,2,16.84,0
25.8,10,online,1,1334,1,15.22,0
79.97,15,online,0,561,4,37.48,0
69.46,11,purchase,0,3101,1,6.51,0
97.23,9,online,0,2984,3,5.91,0
65.32,19,withdrawal,0,2469,2,15.99,0
42.92,13,purchase,0,3335,2,3.04,0
89.85,17,withdrawal,0,2390,2,23.2,0
38.53,10,purchase,0,376,3,13.66,0
119.53,10,purchase,0,1128,2,22.83,0
14.47,22,withdrawal,0,3005,1,10.14,0
103.49,11,purchase,0,3458,3,5.69,0
42.07,12,purchase,0,2881,2,29.7,0
152.54,9,purchase,0,3097,0,30.33,0
6.7,20,purchase,0,1098,2,0.22,0
17.14,12,purchase,0,1579,0,18.64,0
325.25,19,transfer,0,3007,1,8.9,0
72.92,12,purchase,0,809,2,17.0,0
60.77,12,online,0,1095,2,23.86,0
73.42,13,transfer,0,2997,3,7.75,0
103.37,15,online,0,3467,4,37.28,0
14.15,10,purchase,0,3456,0,37.03,0
92.88,9,online,1,3261,3,0.81,0
254.76,6,purchase,0,2071,2,2.16,0
9.28,17,purchase,0,881,1,1.37,0
32.69,17,purchase,0,1525,0,10.99,0
43.41,20,purchase,0,3024,3,19.29,0
30.03,6,purchase,0,3340,0,11.55,0
104.04,17,purchase,0,2616,1,18.83,0
122.02,17,purchase,0,3413,5,21.25,0
90.11,14,purchase,0,1617,3,8.64,0
12.05,17,transfer,0,2561,6,13.25,0
64.2,7,withdrawal,0,3042,3,32.93,0
54.39,8,purchase,0,1748,3,7.64,0
1134.31,21,online,1,126,5,61.4,1
125.17,10,online,0,1728,4,17.06,0
85.68,11,purchase,0,1188,1,5.35,0
85.28,17,withdrawal,0,2804,3,2.6,0
62.79,8,purchase,0,1983,1,3.95,0
51.3,15,withdrawal,0,1155,2,11.06,0
16.93,15,purchase,0,3098,2,10.13,0
89.35,16,withdrawal,0,1731,1,11.42,0
7.59,11,purchase,0,2350,2,4.57,0
179.18,8,withdrawal,0,426,1,21.34,0
137.5,17,purchase,0,1123,2,6.96,0
110.86,18,purchase,0,2179,1,5.59,0
11.83,8,withdrawal,0,1270,1,7.85,0
112.01,8,online,0,2853,3,6.8,0
227.32,20,purchase,0,2239,3,44.34,0
103.16,10,withdrawal,0,346,1,3.05,0
50.02,11,withdrawal,0,3543,0,11.32,0
59.99,14,withdrawal,0,1695,1,12.39,0
45.99,16,purchase,0,1858,2,5.17,0
47.16,10,purchase,0,647,2,12.53,0
62.27,13,purchase,0,2559,4,14.68,0
61.61,15,online,0,1938,1,10.2,0
122.88,7,purchase,0,2131,4,11.4,0
61.71,7,purchase,0,91,2,3.99,0
42.01,15,purchase,0,259,0,1.73,0
21.5,6,purchase,0,1479,1,16.81,0
83.04,16,purchase,0,2923,1,11.8,0
79.18,15,purchase,0,2895,2,26.89,0
65.26,15,online,0,3234,1,3.89,0
79.34,21,purchase,0,946,3,1.72,0
59.0,13,purchase,0,2749,1,28.29,0
100.06,16,transfer,0,2085,1,22.98,0
125.37,12,purchase,0,2100,0,9.86,0
52.68,13,purchase,0,2995,1,12.85,0
221.72,9,online,0,282,3,4.39,0
57.93,6,purchase,0,2749,0,3.37,0
52.41,18,online,0,3414,2,29.2,0
126.94,9,online,0,779,1,18.67,0
99.9,14,purchase,0,674,1,12.22,0
127.67,18,purchase,0,1647,2,2.81,0
47.53,21,transfer,0,1132,0,23.37,0
46.55,10,online,0,2968,2,32.55,0
17.56,14,purchase,0,1300,1,13.24,0
79.9,22,purchase,0,1478,2,8.6,0
91.54,17,withdrawal,0,695,2,16.73,0
213.71,11,purchase,0,2348,2,7.39,0
19.59,16,purchase,0,2261,4,2.18,0
84.77,13,transfer,0,681,2,10.33,0
29.69,22,withdrawal,0,999,0,10.83,0
82.74,8,purchase,0,2296,1,39.05,0
26.06,10,withdrawal,0,60,4,1.16,0
151.92,16,withdrawal,0,3105,1,16.61,0
51.06,14,withdrawal,0,1971,4,76.88,0
94.56,21,transfer,0,2092,2,2.42,0
23.3,10,purchase,0,2051,2,2.04,0
44.34,14,purchase,0,296,1,62.75,0
87.49,22,purchase,0,1724,4,20.92,0
104.83,13,withdrawal,0,1986,4,6.75,0
185.07,8,purchase,0,1703,3,17.31,0
40.24,11,purchase,0,1055,4,1.84,0
74.87,11,online,0,3342,2,3.88,0
119.52,6,withdrawal,0,2850,1,11.76,0
196.75,18,purchase,1,2780,2,6.08,0
127.0,7,withdrawal,0,3268,1,2.12,0
1.64,17,withdrawal,0,2586,3,6.26,0
56.85,22,purchase,0,3610,1,37.22,0
83.3,13,transfer,0,672,4,73.09,0
43.4,7,purchase,0,469,3,17.31,0
49.14,6,purchase,0,3496,4,11.37,0
107.67,21,purchase,0,2428,0,25.19,0
12.67,11,transfer,0,753,3,7.6,0
145.78,14,purchase,0,230,3,1.59,0
21.37,14,online,0,1965,2,20.4,0
120.77,14,withdrawal,0,2347,2,0.26,0
50.32,13,purchase,0,109,2,21.9,0
375.5,3,online,1,296,2,386.24,1
86.22,15,purchase,1,1064,0,0.65,0
206.81,16,online,0,2622,5,9.43,0
54.19,12,purchase,0,59,0,14.66,0
49.43,20,purchase,0,3298,3,9.47,0
96.56,14,transfer,0,1292,1,1.31,0
57.14,11,transfer,0,370,1,21.09,0
122.93,14,online,0,3198,2,0.32,0
330.13,21,online,1,21,3,236.18,1
25.8,10,purchase,0,2670,1,1.31,0
102.62,19,purchase,0,2841,4,18.32,0
139.07,21,transfer,0,785,5,7.46,0
33.49,11,purchase,0,710,4,12.38,0
53.19,6,purchase,0,669,1,4.44,0
42.67,11,purchase,0,656,3,29.21,0
20.5,11,purchase,0,1684,1,2.48,0
103.19,9,purchase,0,2734,3,1.02,0
53.27,17,purchase,0,2194,0,10.13,0
204.31,8,purchase,0,1057,3,0.58,0
84.57,22,transfer,0,2243,1,11.19,0
108.03,14,withdrawal,0,2217,3,8.32,0
51.85,11,online,0,3396,1,4.73,0
115.12,15,purchase,0,397,1,42.3,0
161.69,19,purchase,0,2289,3,9.11,0
66.06,12,online,0,3393,1,2.28,0
35.7,14,purchase,0,3407,3,28.43,0
88.98,7,online,0,3513,2,14.23,0
34.54,20,online,0,1617,3,6.79,0
54.58,12,transfer,0,1407,1,11.25,0
632.65,10,online,0,180,6,33.05,1
76.45,11,purchase,0,165,2,7.61,0
51.88,14,online,0,2467,2,77.11,0
41.82,19,online,0,1907,0,0.9,0
204.31,18,transfer,0,1855,2,38.35,0
53.03,18,purchase,0,1492,1,36.15,0
639.43,0,purchase,0,5,6,290.37,1
9.95,6,purchase,0,3416,3,21.03,0
97.72,14,purchase,0,2107,4,0.79,0
80.6,19,transfer,0,3648,2,1.71,0
47.01,12,purchase,1,109,4,13.55,0
100.36,10,withdrawal,0,3115,1,18.1,0
63.2,14,purchase,0,2386,4,12.53,0
7.79,9,withdrawal,0,2304,4,17.73,0
160.68,16,online,1,3292,1,9.26,0
40.59,8,withdrawal,0,2787,6,7.06,0
4.6,19,transfer,0,3087,2,40.52,0
10.96,21,online,0,451,3,0.13,0
25.37,16,withdrawal,0,2053,2,20.75,0
49.46,15,purchase,0,2637,2,0.38,0
75.12,22,purchase,0,970,1,15.81,0
63.78,8,purchase,0,1873,3,3.67,0
29.54,21,transfer,0,1159,1,6.22,0
77.8,8,purchase,0,357,2,8.64,0
42.89,7,purchase,0,2632,0,13.89,0
126.94,10,purchase,0,265,1,3.24,0
153.92,16,purchase,0,2425,1,4.71,0
196.39,17,purchase,0,1628,1,27.33,0
113.62,18,purchase,0,3338,2,0.14,0
234.88,7,purchase,0,3357,3,4.69,0
91.73,20,online,0,327,2,32.04,0
178.2,6,purchase,0,2575,1,6.99,0
107.02,17,purchase,0,406,2,0.16,0
69.66,14,online,0,3218,2,4.07,0
10.42,21,withdrawal,0,3383,3,27.89,0
99.19,18,purchase,0,2103,2,29.71,0
17.78,15,transfer,0,519,2,0.74,0
39.29,8,online,0,60,2,15.49,0
80.71,15,withdrawal,0,1831,4,1.69,0
129.79,15,purchase,0,1764,2,32.16,0
21.71,8,transfer,0,1625,1,12.0,0
88.94,18,online,0,2039,3,0.84,0
108.7,10,purchase,0,781,1,27.32,0
157.06,21,online,0,2924,2,1.24,0
145.38,16,purchase,0,1799,1,2.44,0
85.92,11,withdrawal,0,3287,0,2.26,0
36.26,14,withdrawal,0,3163,3,21.92,0
116.58,14,purchase,0,1339,4,21.62,0
142.79,21,online,0,376,1,0.41,0
15.72,21,purchase,1,1208,3,2.41,0
101.75,6,transfer,0,2196,5,6.75,0
158.78,19,purchase,0,527,3,3.74,0
88.89,17,purchase,0,3592,3,8.0,0
134.36,13,transfer,0,2510,2,4.04,0
108.73,15,transfer,0,1877,3,3.68,0
68.69,17,withdrawal,0,1435,4,2.14,0
78.68,10,withdrawal,0,653,2,36.86,0
20.79,14,withdrawal,0,3281,0,35.84,0
111.18,14,purchase,0,1667,0,2.67,0
124.78,9,purchase,0,2331,1,1.23,0
14.13,22,purchase,0,1300,1,7.65,0
88.59,19,online,0,1156,4,11.74,0
93.29,6,purchase,0,1279,4,61.79,0
37.31,6,online,0,1174,4,16.23,0
97.62,11,purchase,0,2017,2,23.21,0
209.19,19,withdrawal,0,2616,2,62.53,0
144.54,18,withdrawal,0,1027,1,17.19,0
140.32,21,purchase,0,3182,0,16.75,0
69.36,13,purchase,0,2224,2,0.85,0
149.38,8,purchase,0,781,2,25.97,0
43.5,16,purchase,0,2499,1,9.48,0
89.99,22,withdrawal,0,1641,1,9.24,0
6.76,7,purchase,0,1064,2,29.65,0
164.8,11,online,0,1029,2,9.08,0
112.85,20,purchase,0,480,1,26.99,0
41.45,15,transfer,0,3423,3,6.03,0
168.49,7,online,0,3280,2,10.19,0
190.28,13,transfer,0,1919,2,42.11,0
50.15,16,purchase,0,1900,5,14.08,0
60.81,22,purchase,0,3414,4,79.53,0
64.82,18,withdrawal,1,2839,2,14.14,0
9.81,16,online,0,1247,2,12.31,0
96.08,14,online,0,1110,1,35.91,0
52.4,19,transfer,0,2656,2,0.45,0
58.52,19,purchase,0,3486,2,10.21,0
58.25,19,withdrawal,0,3632,0,27.71,0
110.43,20,purchase,0,403,4,22.94,0
37.55,11,purchase,0,2404,1,1.2,0
122.16,18,purchase,0,703,5,11.13,0
60.87,17,purchase,0,226,1,10.15,0
191.77,21,withdrawal,0,1671,1,55.57,0
14.46,10,purchase,0,1485,3,8.42,0
13.99,13,purchase,0,500,1,26.3,0
62.09,18,online,0,1644,4,2.83,0
950.9,4,withdrawal,1,43,3,280.27,1
107.27,20,transfer,0,2907,2,4.85,0
202.5,10,transfer,0,1712,1,2.19,0
111.09,11,transfer,0,2400,2,32.82,0
67.2,18,purchase,0,1600,1,5.52,0
2.07,21,purchase,0,3587,2,8.26,0
28.74,13,withdrawal,0,3310,1,20.92,0
136.83,17,withdrawal,1,689,2,7.77,0
49.42,18,withdrawal,0,1306,1,6.01,0
165.84,16,purchase,0,3461,4,31.92,0
122.51,16,purchase,0,925,3,8.72,0
13.78,22,purchase,0,1893,2,38.28,0
33.33,18,purchase,0,3266,1,4.98,0
114.27,15,withdrawal,0,1708,1,8.82,0
192.38,18,online,0,3167,2,5.66,0
77.16,13,purchase,0,3163,6,5.44,0
23.64,11,purchase,0,2218,1,0.94,0
112.35,12,transfer,0,3628,1,2.14,0
27.87,17,transfer,1,2399,2,5.12,0
169.28,7,purchase,0,3533,3,61.46,0
23.91,10,withdrawal,0,1879,0,10.24,0
72.38,7,transfer,0,698,3,30.48,0
41.05,15,purchase,0,1802,1,9.79,0
99.4,17,purchase,0,2319,4,13.22,0
9.56,12,withdrawal,0,2769,2,16.09,0
45.22,10,withdrawal,0,313,1,1.8,0
21.27,13,purchase,0,3594,0,16.93,0
134.82,7,purchase,0,932,2,19.48,0
96.69,20,withdrawal,0,2307,1,8.96,0
234.62,17,online,0,149,3,6.64,0
27.34,15,purchase,0,2210,2,2.38,0
13.52,20,transfer,0,2507,0,4.48,0
40.46,6,online,0,1474,0,54.63,0
170.75,17,withdrawal,0,501,2,12.04,0
131.05,21,purchase,0,1634,1,11.34,0
26.52,18,withdrawal,0,523,0,5.03,0
85.97,13,purchase,0,416,1,27.29,0
71.14,8,withdrawal,0,3345,0,2.17,0
114.57,18,purchase,0,3151,1,26.01,0
140.29,20,online,0,519,2,6.16,0
120.62,20,online,0,807,0,4.86,0
24.45,8,withdrawal,0,2529,2,35.65,0
35.32,11,withdrawal,1,971,2,6.02,0
27.36,15,transfer,0,279,3,23.93,0
74.84,6,online,0,522,2,4.53,0
200.65,21,purchase,0,2920,2,34.24,0
16.88,8,withdrawal,0,2400,1,28.19,0
48.09,22,withdrawal,0,2883,1,16.04,0
40.77,16,purchase,0,1386,1,44.5,0
18.96,11,withdrawal,0,2291,2,6.98,0
46.09,15,purchase,0,89,0,35.23,0
12.75,16,purchase,0,616,2,0.85,0
41.84,15,transfer,0,1323,5,11.83,0
49.03,21,withdrawal,0,535,1,53.5,0
79.65,14,purchase,0,1870,3,48.56,0
43.31,19,online,0,2679,0,9.26,0
149.86,11,withdrawal,0,2005,0,23.11,0
64.68,16,withdrawal,0,225,1,18.3,0
81.08,15,purchase,0,976,3,6.87,0
173.52,12,withdrawal,0,1479,0,26.86,0
40.08,13,purchase,0,1670,1,10.65,0
82.46,15,withdrawal,0,703,3,13.25,0
84.27,10,transfer,0,2983,6,22.04,0
50.57,7,purchase,0,777,1,17.58,0
264.92,18,online,0,502,2,61.4,0
171.24,21,purchase,0,3547,3,68.27,0
123.12,9,purchase,0,3438,1,55.79,0
174.36,19,purchase,0,1628,0,12.93,0
33.86,8,transfer,0,904,3,17.68,0
48.81,14,transfer,0,518,3,5.36,0
91.17,8,withdrawal,0,1906,0,6.77,0
12.67,20,withdrawal,0,3317,1,44.25,0
15.08,13,purchase,0,3534,3,4.69,0
162.86,16,purchase,0,91,3,7.08,0
24.44,7,withdrawal,0,146,3,14.68,0
128.48,14,withdrawal,0,1901,4,5.03,0
12.19,18,online,1,3464,2,18.25,0
91.2,22,transfer,0,1600,0,18.55,0
90.45,18,purchase,0,1423,2,27.56,0
99.39,19,purchase,0,2844,5,28.03,0
46.85,11,withdrawal,0,3175,1,10.54,0
47.24,8,withdrawal,0,1039,1,54.77,0
79.49,9,purchase,0,3516,6,35.73,0
38.2,11,transfer,0,2028,2,16.87,0
86.09,16,online,1,1689,3,7.81,0
166.67,2,withdrawal,1,352,7,100.99,1
83.32,7,withdrawal,0,2867,3,0.47,0
154.26,21,purchase,0,680,2,2.88,0
106.89,21,purchase,0,940,2,32.5,0
13.19,7,purchase,0,228,2,57.34,0
39.37,22,purchase,0,514,2,5.4,0
180.82,20,purchase,0,1819,3,11.93,0
222.3,20,purchase,0,1768,1,4.13,0
168.0,15,withdrawal,0,2431,2,1.35,0
47.2,14,purchase,0,440,2,6.2,0
139.35,22,purchase,0,383,1,21.12,0
61.98,21,purchase,0,3367,1,7.55,0
65.35,15,withdrawal,0,2802,1,13.69,0
94.64,9,withdrawal,1,252,1,3.56,0
29.89,7,withdrawal,0,1228,2,16.07,0
31.62,19,transfer,0,2043,4,5.41,0
21.34,9,purchase,0,916,0,21.42,0
69.36,19,purchase,0,3365,3,32.39,0
37.09,22,purchase,0,1292,3,19.47,0
69.17,19,online,0,2876,1,24.62,0
76.27,22,withdrawal,0,272,0,23.71,0
60.0,19,online,0,633,0,78.74,0
133.87,21,transfer,0,3391,2,7.35,0
110.05,7,withdrawal,0,1055,0,3.34,0
176.01,20,purchase,0,3283,5,12.52,0
89.22,8,purchase,0,2141,4,35.9,0
22.78,13,withdrawal,0,233,3,8.13,0
31.99,22,purchase,0,1123,4,3.8,0
174.9,17,purchase,0,133,0,5.66,0
56.7,7,purchase,0,2274,2,9.28,0
60.6,12,withdrawal,0,2857,1,5.36,0
73.19,18,purchase,0,1352,1,14.01,0
53.08,22,withdrawal,0,3415,1,19.27,0
19.17,16,online,0,1595,3,0.0,0
102.41,11,purchase,0,1343,4,12.33,0
95.27,15,withdrawal,0,2783,3,53.65,0
298.63,9,purchase,0,95,1,6.84,0
58.08,12,purchase,0,3502,1,72.45,0
184.07,10,purchase,0,3418,1,5.1,0
198.82,9,purchase,0,580,0,4.96,0
52.38,9,online,0,1429,2,12.85,0
57.11,15,transfer,0,3455,3,7.35,0
112.83,18,withdrawal,0,1713,2,0.06,0
384.34,13,online,0,262,9,306.64,1
79.56,12,purchase,0,675,5,1.5,0
80.91,18,purchase,0,1266,0,27.37,0
114.2,10,purchase,0,3426,3,6.93,0
18.26,6,withdrawal,0,2489,3,0.43,0
51.41,8,online,0,751,2,24.87,0
94.76,18,online,0,3160,1,17.0,0
61.93,17,withdrawal,0,1886,2,6.22,0
187.6,16,purchase,0,2372,3,13.93,0
23.89,8,withdrawal,0,1495,1,0.27,0
26.33,22,purchase,0,3378,2,4.42,0
13.38,15,transfer,0,1673,2,5.72,0
30.56,7,purchase,1,3639,2,24.74,0
157.13,22,purchase,0,1952,1,1.16,0
95.05,19,withdrawal,0,2786,0,1.38,0
90.44,10,purchase,0,704,3,25.24,0
24.55,18,withdrawal,0,2300,4,2.47,0
29.45,6,purchase,0,2940,3,22.2,0
89.47,15,transfer,0,1362,1,4.96,0
222.56,22,withdrawal,0,883,1,12.27,0
14.68,7,purchase,0,2515,5,12.87,0
4.1,22,transfer,0,675,1,31.71,0
177.68,7,purchase,0,2038,1,19.78,0
90.94,12,online,0,1063,2,8.89,0
50.49,10,purchase,0,194,0,87.06,0
28.02,17,withdrawal,0,2881,2,2.31,0
61.93,7,withdrawal,0,1902,3,2.54,0
114.58,7,purchase,0,168,3,8.6,0
1114.12,15,online,0,321,5,1256.55,1
59.44,12,withdrawal,0,850,3,2.35,0
10.73,7,withdrawal,0,1043,2,8.83,0
133.83,9,withdrawal,0,2754,3,30.32,0
38.76,15,purchase,0,823,2,41.62,0
43.16,19,transfer,0,1091,4,17.24,0
107.88,12,purchase,0,3058,3,22.0,0
541.0,2,purchase,1,347,5,390.03,1
27.1,16,transfer,0,3289,0,2.09,0
26.69,22,online,0,3183,3,20.25,0
20.49,12,purchase,0,2528,2,4.51,0
109.29,18,purchase,0,2856,1,4.14,0
58.88,20,withdrawal,0,2510,0,24.89,0
76.65,11,transfer,0,2191,0,17.88,0
48.27,17,online,0,1355,4,10.06,0
64.46,21,purchase,0,2145,3,8.21,0
162.38,16,withdrawal,0,890,0,55.84,0
187.14,12,purchase,0,1201,3,7.86,0
49.12,18,purchase,0,2030,2,13.05,0
47.74,7,purchase,0,861,2,20.0,0
85.69,21,withdrawal,0,2405,2,12.63,0
187.99,7,transfer,0,1715,1,1.1,0
101.22,10,purchase,1,565,1,16.68,0
43.45,15,withdrawal,0,148,0,11.47,0
14.15,15,online,0,1133,1,0.8,0
72.94,12,transfer,0,3617,1,4.63,0
63.74,21,purchase,0,1088,3,16.64,0
86.04,7,purchase,0,3572,2,2.21,0
153.18,14,withdrawal,0,3013,2,0.94,0
60.11,18,purchase,0,3568,4,10.6,0
106.88,8,withdrawal,0,1504,3,16.15,0
51.3,16,purchase,0,1796,2,57.22,0
22.8,20,online,0,3112,0,8.52,0
62.31,13,purchase,0,2915,2,4.14,0
67.59,12,purchase,0,799,1,6.23,0
56.33,8,purchase,0,1814,4,15.29,0
157.15,18,transfer,0,2378,1,26.29,0
36.19,18,transfer,0,1046,3,22.19,0
33.41,15,transfer,0,198,4,11.4,0
278.1,10,online,0,2221,1,8.6,0
61.47,22,purchase,0,1293,3,22.87,0
157.83,8,online,0,1436,1,1.65,0
160.64,12,purchase,0,3514,1,3.03,0
127.92,21,purchase,0,1539,1,35.74,0
59.4,12,online,0,3559,3,14.97,0
152.91,8,purchase,0,3603,2,4.84,0
240.92,22,transfer,1,2254,0,47.44,0
51.76,21,withdrawal,0,1160,2,49.38,0
62.03,9,withdrawal,0,2987,3,24.79,0
68.57,9,transfer,0,3298,2,10.33,0
114.42,10,purchase,0,2226,0,0.33,0
67.76,19,purchase,0,2333,5,1.84,0
141.88,8,purchase,0,822,4,9.47,0
84.88,13,purchase,0,1232,3,15.28,0
62.31,16,transfer,0,2406,0,24.08,0
84.79,18,withdrawal,0,1284,2,5.03,0
62.28,18,purchase,0,1834,2,21.38,0
67.43,12,purchase,0,1583,1,12.89,0
27.53,8,purchase,0,2831,1,17.39,0
67.52,6,purchase,0,891,4,16.51,0
21.01,15,purchase,0,1422,5,1.97,0
51.2,12,transfer,0,1040,0,13.39,0
56.91,11,transfer,0,3248,2,12.41,0
143.65,14,purchase,0,2909,4,36.58,0
50.92,22,purchase,0,2041,1,9.05,0
118.34,18,online,0,674,3,30.21,0
810.28,19,online,1,148,9,380.48,1
112.41,20,withdrawal,0,1535,2,23.62,0
75.65,10,purchase,0,2072,3,3.4,0
60.41,14,purchase,0,3229,2,18.37,0
8.47,6,withdrawal,0,1918,1,38.66,0
29.51,21,transfer,0,2200,3,8.32,0
36.1,17,purchase,0,2960,1,12.09,0
94.43,14,purchase,0,2080,3,13.94,0
167.84,21,online,0,3069,2,8.19,0
16.0,20,withdrawal,0,2920,4,4.12,0
226.27,21,transfer,0,429,2,25.41,0
80.56,18,purchase,0,1290,1,0.93,0
85.13,11,purchase,0,558,1,0.59,0
46.57,9,purchase,0,1354,3,12.87,0
33.25,8,purchase,0,154,1,15.67,0
236.74,13,purchase,0,1211,3,4.25,0
67.22,7,purchase,0,1560,3,26.92,0
46.97,8,withdrawal,0,652,3,35.31,0
64.53,18,purchase,0,1222,2,18.48,0
82.26,22,online,0,2537,3,14.38,0
76.75,15,purchase,0,2913,2,7.87,0
57.43,14,online,1,1365,2,38.8,0
88.34,16,purchase,0,1686,3,21.17,0
57.4,17,purchase,0,3061,5,25.74,0
61.49,7,purchase,0,2705,1,1.84,0
44.49,19,purchase,0,2053,2,17.22,0
113.4,17,transfer,0,1539,3,3.25,0
182.6,18,purchase,0,3206,2,9.94,0
49.18,14,purchase,0,936,2,8.96,0
37.51,11,withdrawal,0,1826,0,12.9,0
62.29,17,transfer,0,420,3,4.82,0
43.98,11,online,0,3179,1,47.57,0
124.46,6,transfer,0,2292,2,6.72,0
24.47,8,online,0,2946,1,3.37,0
117.88,17,purchase,0,2637,3,78.24,0
159.86,6,online,0,3070,3,63.9,0
112.62,6,online,0,2500,0,25.11,0
143.88,19,transfer,0,2561,2,11.65,0
26.06,10,transfer,0,3221,0,2.71,0
114.42,8,purchase,1,601,1,0.93,0
148.41,9,purchase,0,3355,3,33.91,0
18.9,8,online,0,2914,4,11.3,0
98.87,14,purchase,0,445,1,4.39,0
159.58,21,purchase,0,773,4,28.77,0
60.18,7,withdrawal,0,1188,5,43.01,0
36.49,22,online,0,2212,2,101.08,0
26.47,8,withdrawal,0,3165,1,2.46,0
82.95,14,purchase,0,2118,1,7.48,0
62.25,8,online,0,383,3,13.06,0
20.48,10,purchase,0,170,6,4.62,0
106.25,22,withdrawal,0,1398,4,10.47,0
113.98,10,purchase,1,1436,0,22.37,0
33.58,7,online,0,2579,2,8.1,0
103.04,10,online,0,2143,6,21.29,0
40.94,7,online,0,3526,3,21.22,0
90.42,13,purchase,0,2324,3,18.33,0
30.33,14,purchase,0,3351,3,74.69,0
97.52,22,withdrawal,0,3130,3,4.98,0
96.94,6,purchase,0,1713,2,60.95,0
51.98,8,withdrawal,0,2083,2,10.63,0
1373.58,2,online,0,256,6,138.48,1
77.12,17,purchase,0,3137,2,8.93,0
23.87,22,purchase,0,1343,4,9.65,0
919.89,5,online,1,306,6,525.17,1
2.3,18,purchase,0,3282,0,20.57,0
137.14,14,online,0,3483,2,0.05,0
104.11,8,purchase,0,2360,0,16.16,0
42.47,12,withdrawal,1,1072,1,14.42,0
167.84,12,purchase,0,3485,1,1.54,0
143.11,14,purchase,0,2939,0,32.05,0
46.25,15,purchase,0,214,2,1.89,0
89.25,12,transfer,0,1997,0,16.67,0
63.13,10,purchase,0,444,3,53.51,0
140.96,10,withdrawal,0,1454,1,3.63,0
27.46,17,withdrawal,0,582,4,11.77,0
65.43,13,online,0,932,5,9.26,0
54.26,18,online,1,1874,2,8.92,0
31.25,10,withdrawal,0,1384,3,33.71,0
48.38,6,purchase,0,184,3,14.1,0
36.21,16,withdrawal,0,3572,1,3.61,0
21.27,11,purchase,0,2050,1,9.9,0
187.6,11,online,0,2080,1,11.66,0
21.54,17,purchase,0,977,2,52.6,0
106.61,8,purchase,1,108,2,0.57,0
115.69,18,withdrawal,0,1874,0,24.12,0
75.0,14,purchase,0,3335,2,12.63,0
86.63,20,purchase,0,2588,3,10.11,0
133.38,13,withdrawal,0,1059,0,25.13,0
23.44,14,purchase,0,3366,3,0.16,0
107.81,16,purchase,0,3289,3,2.05,0
35.37,18,purchase,0,1721,3,20.76,0
129.72,9,online,0,1410,2,9.09,0
70.06,21,purchase,0,183,2,8.84,0
91.59,16,purchase,1,44,2,3.68,0
85.95,7,purchase,0,3264,3,4.34,0
34.38,20,transfer,0,965,3,49.77,0
70.6,12,online,0,3487,1,2.38,0
70.85,12,purchase,0,1963,2,5.2,0
36.52,14,purchase,0,925,3,10.9,0
12.39,12,purchase,0,2612,2,1.98,0
69.4,9,withdrawal,0,326,0,23.23,0
52.12,14,purchase,0,3483,0,5.27,0
178.34,10,purchase,0,774,0,9.96,0
55.81,21,withdrawal,0,1844,2,2.68,0
70.68,8,purchase,0,3164,4,36.04,0
60.96,13,purchase,0,3392,3,52.67,0
74.31,8,online,0,2948,6,8.64,0
124.36,18,purchase,0,816,2,26.43,0
854.88,7,transfer,0,72,6,32.67,1
31.74,8,transfer,0,361,2,18.03,0
166.82,19,transfer,0,1049,4,17.72,0
140.79,17,purchase,0,3604,2,13.13,0
46.08,6,transfer,0,322,4,17.96,0
70.46,10,transfer,0,2504,3,0.56,0
28.1,20,purchase,0,1020,2,3.89,0
126.87,9,purchase,0,593,2,2.57,0
224.59,11,transfer,0,2988,2,30.32,0
32.88,16,withdrawal,0,2349,0,46.79,0
14.76,15,purchase,0,3409,1,22.83,0
109.21,6,online,0,641,2,11.09,0
13.3,14,purchase,0,2685,4,9.11,0
8.62,21,transfer,0,298,1,5.27,0
88.21,10,online,0,2444,5,7.14,0
32.41,8,purchase,0,257,2,1.28,0
74.64,11,purchase,0,3070,1,0.14,0
103.64,16,purchase,0,3117,1,4.17,0
75.55,21,purchase,0,3157,3,18.77,0
111.8,11,withdrawal,0,3421,3,46.0,0
93.54,19,withdrawal,0,1702,4,17.76,0
479.59,18,online,1,145,3,90.49,1
75.54,7,purchase,1,54,1,0.63,0
136.82,14,transfer,0,788,5,9.13,0
33.21,20,purchase,0,1425,2,13.49,0
51.4,9,online,0,1064,1,14.25,0
75.43,15,withdrawal,0,974,3,15.12,0
134.57,7,online,0,459,4,0.06,0
127.08,18,withdrawal,0,835,0,7.43,0
82.25,8,purchase,0,3201,0,20.82,0
266.87,13,withdrawal,0,2358,1,8.58,0
64.12,16,purchase,0,1611,2,6.7,0
11.21,19,online,0,1365,4,18.76,0
60.13,16,withdrawal,0,1828,2,13.25,0
89.54,14,withdrawal,0,2986,3,7.18,0
59.92,7,online,0,1575,1,16.29,0
165.2,17,purchase,0,54,1,56.94,0
38.62,20,transfer,0,1994,2,23.67,0
67.94,8,online,0,2614,3,31.97,0
43.99,9,purchase,0,2675,4,8.34,0
72.37,12,purchase,0,86,3,35.45,0
35.21,20,purchase,0,2347,5,11.76,0
92.15,19,purchase,0,189,1,5.64,0
93.27,13,withdrawal,0,3117,5,5.75,0
86.63,15,withdrawal,0,438,0,8.43,0
43.82,14,withdrawal,0,911,3,25.23,0
42.32,13,withdrawal,0,1121,4,5.24,0
33.51,16,withdrawal,0,2527,2,2.42,0
46.31,7,online,0,2687,2,0.7,0
156.56,17,purchase,0,2869,1,2.45,0
27.59,11,online,0,3354,3,24.14,0
146.61,20,online,0,3118,6,8.19,0
252.63,20,transfer,0,1529,4,32.95,0
128.06,16,purchase,0,557,2,4.49,0
49.19,20,purchase,0,2545,1,38.55,0
164.68,10,purchase,1,1881,0,14.26,0
156.36,22,purchase,0,945,0,8.67,0
60.84,7,withdrawal,0,1315,1,27.31,0
14.77,7,withdrawal,0,2349,0,5.52,0
76.94,21,purchase,0,1957,0,21.66,0
118.65,20,purchase,0,1532,3,34.27,0
42.35,13,purchase,0,2071,4,0.5,0
106.8,21,online,0,1524,2,4.72,0
11.84,19,transfer,0,3089,1,14.0,0
111.75,17,purchase,0,1864,2,7.02,0
61.27,16,purchase,0,3247,5,16.85,0
106.75,7,purchase,0,2396,0,16.68,0
65.83,11,withdrawal,0,2352,1,2.91,0
34.88,19,withdrawal,0,2197,3,6.78,0
42.1,9,purchase,0,411,1,10.9,0
13.62,7,purchase,0,2492,3,32.61,0
95.43,13,online,1,3229,0,27.33,0
48.58,11,transfer,0,2525,0,55.6,0
28.55,21,purchase,0,3239,1,21.51,0
58.48,6,purchase,0,1778,3,27.58,0
148.18,17,withdrawal,0,1850,4,13.61,0
49.55,15,withdrawal,0,2817,2,14.65,0
103.1,16,purchase,0,287,7,54.52,0
57.89,16,withdrawal,0,1147,7,2.17,0
66.53,11,purchase,1,210,4,26.02,0
35.74,11,purchase,0,77,1,10.78,0
61.48,22,transfer,0,1713,3,20.21,0
145.6,19,purchase,0,255,3,5.34,0
94.04,17,purchase,0,1870,3,13.3,0
118.99,6,online,0,1963,0,0.98,0
150.6,11,purchase,0,2766,1,0.21,0
209.7,6,transfer,0,2187,3,12.25,0
12.28,21,purchase,0,620,2,35.66,0
44.91,7,purchase,0,3139,0,32.92,0
70.21,10,purchase,0,171,3,21.24,0
44.54,22,transfer,0,2644,0,47.83,0
8.41,22,withdrawal,0,2157,2,3.92,0
72.14,12,purchase,0,2318,4,17.23,0
61.86,10,transfer,0,3191,2,11.36,0
33.09,19,transfer,0,2880,0,37.56,0
72.06,20,purchase,0,2396,3,28.56,0
205.46,10,purchase,0,664,2,0.34,0
70.49,8,withdrawal,0,2192,1,1.29,0
26.95,10,purchase,0,1251,3,17.42,0
15.36,8,purchase,0,1501,2,12.79,0
123.53,18,purchase,0,1412,1,12.4,0
61.63,10,online,0,980,5,3.85,0
26.35,17,withdrawal,0,1736,2,0.87,0
113.14,8,purchase,0,3177,4,20.45,0
48.2,13,purchase,0,2187,1,0.66,0
130.4,16,online,0,1838,2,4.57,0
62.6,6,purchase,0,2985,3,2.01,0
119.62,14,transfer,0,648,1,14.19,0
78.48,6,transfer,0,2319,0,1.96,0
37.38,14,purchase,0,1356,1,4.28,0
60.23,15,online,0,986,2,6.77,0
68.96,18,purchase,0,2699,1,4.07,0
41.43,9,purchase,0,2916,2,19.98,0
61.59,6,withdrawal,0,68,1,9.95,0
34.18,14,transfer,0,1432,1,7.12,0
68.26,21,transfer,0,3051,1,21.94,0
37.11,6,purchase,0,1770,4,3.46,0
53.52,16,purchase,0,654,0,28.19,0
136.99,19,purchase,0,1397,3,27.98,0
47.62,7,online,0,3508,1,8.72,0
32.08,14,purchase,0,2977,1,11.41,0
90.49,19,withdrawal,0,2292,3,16.47,0
206.0,20,withdrawal,0,3057,2,14.39,0
27.64,9,transfer,1,1073,1,9.33,0
32.79,10,purchase,0,1311,3,11.59,0
143.07,22,transfer,0,828,0,45.82,0
231.84,14,purchase,0,2197,1,15.8,0
4.1,15,withdrawal,0,158,2,20.67,0
46.65,8,transfer,0,3206,2,2.43,0
99.28,11,transfer,0,973,2,2.43,0
31.61,18,purchase,0,1244,1,14.67,0
27.6,12,purchase,0,3544,0,41.15,0
40.5,21,purchase,0,1963,1,31.52,0
96.41,9,online,0,707,1,37.46,0
48.16,9,transfer,0,3436,0,2.29,0
82.38,13,online,0,3499,3,35.74,0
52.9,7,purchase,0,2196,0,0.1,0
72.83,12,purchase,0,1043,0,6.39,0
93.83,13,withdrawal,0,406,4,0.79,0
87.01,12,purchase,0,3255,4,8.33,0
77.09,16,online,0,797,1,0.89,0
10.04,15,purchase,0,2913,4,6.03,0
142.28,6,purchase,1,774,2,11.36,0
121.99,11,transfer,0,91,1,1.95,0
40.45,20,withdrawal,0,1770,3,25.49,0
37.33,15,withdrawal,0,1080,1,65.66,0
92.85,8,withdrawal,0,1419,2,12.61,0
95.24,15,online,0,3561,0,4.12,0
83.51,14,online,0,3639,1,29.71,0
102.14,16,purchase,0,1568,4,0.04,0
52.14,9,purchase,0,2674,2,18.6,0
37.57,10,online,0,3500,1,12.93,0
138.15,16,withdrawal,0,683,1,1.34,0
168.84,9,transfer,0,1076,4,1.1,0
122.11,13,purchase,0,2068,3,23.14,0
46.31,21,withdrawal,0,207,1,45.18,0
56.75,18,purchase,0,2127,3,0.41,0
54.28,14,purchase,0,150,3,4.74,0
45.46,7,purchase,0,214,0,10.58,0
54.79,15,purchase,0,1977,3,4.97,0
59.37,11,online,0,2401,3,106.55,0
34.77,12,purchase,0,31,3,21.24,0
119.76,20,online,0,2729,2,21.32,0
106.56,7,purchase,0,962,3,37.17,0
56.48,11,purchase,0,3615,0,1.46,0
17.63,22,transfer,0,1215,2,28.41,0
103.54,13,purchase,0,3540,4,17.74,0
86.39,17,purchase,0,507,0,9.45,0
147.45,10,online,0,2163,2,36.36,0
218.6,8,transfer,0,2086,0,1.06,0
163.6,21,online,0,1062,2,9.08,0
64.98,17,withdrawal,0,2043,2,4.41,0
183.24,12,purchase,0,2172,2,2.15,0
50.19,6,purchase,0,2430,1,16.12,0
133.36,13,online,0,2337,2,4.15,0
38.63,8,purchase,0,522,3,1.42,0
42.54,19,withdrawal,0,2388,0,7.8,0
85.98,22,withdrawal,0,96,1,2.49,0
75.37,18,purchase,0,1065,0,29.26,0
40.46,7,purchase,0,3311,2,3.81,0
49.78,7,purchase,0,261,2,3.96,0
38.88,10,purchase,0,1931,1,0.63,0
56.34,14,online,0,1177,1,4.9,0
176.73,7,online,0,2023,1,9.52,0
307.41,7,purchase,1,157,9,1456.5,1
152.36,18,purchase,0,780,2,68.63,0
28.05,12,purchase,0,3264,2,4.39,0
229.13,10,online,0,1757,9,18.22,0
31.19,18,withdrawal,0,2116,1,1.2,0
66.73,18,withdrawal,0,1900,5,15.03,0
118.88,12,online,0,989,1,4.08,0
38.11,11,withdrawal,0,2593,4,19.36,0
236.5,18,purchase,0,144,0,44.22,0
105.47,13,transfer,0,2968,2,12.39,0
84.66,14,withdrawal,0,553,5,53.69,0
28.14,8,withdrawal,0,2767,2,22.99,0
229.19,14,transfer,1,99,7,39.29,1
76.22,20,purchase,0,1333,5,2.1,0
93.9,16,purchase,0,2530,1,53.01,0
248.6,16,purchase,0,134,2,10.98,0
141.41,10,withdrawal,0,1625,1,3.85,0
245.19,15,transfer,0,224,1,2.17,0
52.04,14,purchase,0,270,2,8.37,0
15.98,6,withdrawal,0,1174,2,20.8,0
25.58,11,online,0,278,0,15.97,0
96.6,17,withdrawal,0,3356,4,2.14,0
18.57,9,purchase,0,695,2,84.77,0
102.6,8,purchase,0,2538,1,2.18,0
64.17,22,online,0,2925,0,17.31,0
63.1,16,purchase,0,344,1,1.23,0
166.33,15,purchase,0,414,2,9.1,0
163.18,9,withdrawal,0,3038,2,1.25,0
45.62,7,online,0,80,0,3.26,0
7.97,8,purchase,0,297,2,6.02,0
121.7,16,purchase,0,336,4,50.52,0
138.48,15,purchase,0,2501,1,24.69,0
281.93,17,purchase,0,1764,2,22.98,0
112.4,18,purchase,0,3161,0,10.99,0
86.3,12,withdrawal,0,1299,6,23.94,0
83.65,13,online,1,1930,3,5.62,0
34.62,6,transfer,0,2652,3,37.94,0
133.09,22,transfer,0,861,4,7.85,0
50.34,11,online,0,1902,1,21.63,0
99.51,13,purchase,0,912,0,11.77,0
86.43,22,purchase,0,1926,3,13.12,0
11.38,10,withdrawal,0,3590,5,12.33,0
14.86,6,online,0,2314,2,20.07,0
31.04,9,withdrawal,0,71,0,13.33,0
94.28,9,purchase,0,1226,0,5.17,0
67.01,15,purchase,0,3236,1,4.75,0
53.58,18,withdrawal,0,727,4,18.74,0
27.52,19,purchase,0,3622,1,28.81,0
79.2,9,withdrawal,0,3167,0,11.73,0
119.65,6,purchase,0,1727,3,8.83,0
139.63,14,purchase,0,1485,7,6.74,0
108.66,17,transfer,0,2373,3,17.83,0
111.37,15,transfer,0,764,2,9.9,0
65.87,12,purchase,0,876,2,36.98,0
326.23,8,purchase,0,2493,0,10.83,0
61.78,21,withdrawal,0,2193,5,14.77,0
10.15,18,purchase,1,568,1,25.63,0
1826.35,5,online,0,354,4,33.53,1
87.05,6,transfer,0,2517,0,44.98,0
20.68,12,withdrawal,0,2457,2,3.22,0
57.51,17,transfer,0,3171,1,40.08,0
179.23,11,withdrawal,0,2495,2,9.0,0
85.29,13,purchase,0,2007,3,4.13,0
108.12,20,purchase,0,3166,3,15.51,0
79.27,19,purchase,0,719,4,12.66,0
36.7,16,purchase,0,1089,3,4.2,0
32.42,14,purchase,0,3586,2,8.97,0
18.96,19,online,0,77,6,0.15,0
99.64,22,online,0,2804,3,6.78,0
37.09,18,purchase,0,2705,4,10.97,0
2.27,18,withdrawal,0,1242,2,27.46,0
66.81,8,purchase,0,1036,4,14.15,0
51.88,7,online,0,3255,2,35.56,0
27.85,21,transfer,0,3253,1,16.63,0
137.58,14,online,0,1564,6,28.22,0
65.17,8,purchase,0,1924,1,24.59,0
76.64,20,purchase,0,3077,3,7.98,0
29.96,6,purchase,0,3328,0,1.3,0
33.58,11,withdrawal,0,1567,1,20.9,0
32.77,6,purchase,0,3567,1,0.47,0
56.4,12,purchase,0,2499,1,18.6,0
54.15,17,purchase,0,459,0,3.89,0
254.22,17,purchase,0,2728,3,56.1,0
58.56,20,purchase,0,2837,4,50.23,0
54.09,13,transfer,0,1321,2,3.58,0
41.95,10,purchase,0,2652,2,25.45,0
103.25,14,transfer,0,1364,3,4.54,0
146.87,13,purchase,0,827,3,15.29,0
65.88,14,purchase,0,1378,2,30.39,0
57.89,15,purchase,0,123,2,4.07,0
179.32,9,purchase,0,122,4,6.49,0
53.75,18,purchase,0,1989,1,9.75,0
89.78,9,purchase,0,2154,1,0.82,0
48.12,20,transfer,0,2789,0,54.05,0
89.03,19,purchase,0,2862,2,13.32,0
8.3,8,purchase,0,3512,2,25.62,0
122.71,13,purchase,0,3335,2,5.61,0
344.46,11,purchase,0,2455,2,3.21,0
96.12,21,online,0,220,1,23.43,0
97.63,16,online,0,3352,1,16.11,0
101.1,9,withdrawal,0,762,1,20.1,0
64.07,12,transfer,1,794,3,41.61,0
178.83,6,withdrawal,0,2066,2,9.58,0
116.8,11,purchase,0,468,2,11.94,0
98.02,6,online,0,3322,1,7.35,0
1575.29,17,withdrawal,1,85,3,275.9,1
45.92,11,withdrawal,0,695,2,6.55,0
47.8,8,purchase,0,3138,0,42.69,0
49.14,15,online,0,2771,2,14.78,0
39.48,21,online,0,1733,6,6.1,0
77.83,14,online,0,2970,3,30.2,0
29.49,14,purchase,0,1801,2,34.62,0
18.48,22,purchase,0,173,2,7.43,0
59.6,14,withdrawal,0,36,0,4.01,0
24.15,11,purchase,0,2417,2,6.36,0
211.04,14,purchase,0,241,3,6.6,0
51.4,10,withdrawal,0,1195,2,12.4,0
148.56,8,online,0,175,1,23.41,0
63.74,18,transfer,0,2771,1,1.85,0
50.15,6,purchase,0,3189,2,2.34,0
89.26,6,online,0,381,1,4.34,0
49.47,11,online,0,2693,4,17.54,0
21.64,21,withdrawal,0,1853,2,5.62,0
38.95,17,purchase,0,1334,4,7.95,0
56.25,16,purchase,0,3269,2,14.43,0
22.2,6,transfer,0,2943,2,24.76,0
36.61,15,purchase,0,1857,0,11.04,0
33.75,6,online,0,2257,1,1.05,0
95.1,21,purchase,0,3150,2,29.28,0
97.47,11,transfer,0,1895,1,23.27,0
194.88,9,purchase,0,2078,6,41.33,0
102.49,11,purchase,0,2190,3,7.56,0
44.91,15,transfer,0,3557,0,17.96,0
53.83,7,purchase,0,1041,0,25.71,0
17.59,7,purchase,0,1927,3,8.35,0
43.07,21,withdrawal,0,253,4,11.84,0
70.12,21,purchase,0,1620,1,6.01,0
16.69,12,transfer,0,2908,0,4.32,0
68.88,8,online,0,2150,3,22.81,0
40.19,11,online,1,3630,1,21.69,0
19.21,13,transfer,0,3075,0,0.91,0
115.39,19,withdrawal,0,1668,6,18.63,0
50.92,9,purchase,0,3390,3,9.16,0
167.0,20,online,0,1536,2,3.74,0
35.37,6,purchase,0,479,1,8.24,0
194.66,19,purchase,0,409,1,19.09,0
113.92,10,purchase,0,3579,2,27.18,0
67.77,11,purchase,0,3353,0,0.76,0
124.31,6,purchase,0,1997,5,0.07,0
62.41,7,purchase,0,3575,1,0.2,0
75.79,14,transfer,0,1637,0,21.37,0
26.27,16,purchase,0,916,2,0.05,0
103.55,17,online,0,3580,2,16.75,0
129.37,10,purchase,0,629,0,7.39,0
46.8,12,purchase,0,1270,2,24.94,0
94.66,10,transfer,0,473,3,7.58,0
39.93,6,transfer,0,437,2,14.07,0
21.18,14,purchase,0,3629,1,0.58,0
117.45,22,transfer,1,3252,2,36.75,0
49.37,22,withdrawal,0,400,1,5.73,0
69.51,12,withdrawal,0,2328,2,25.2,0
51.77,15,online,0,587,3,2.82,0
149.55,19,online,0,3571,2,30.3,0
40.04,8,purchase,0,231,0,2.54,0
82.8,9,purchase,0,995,1,15.0,0
17.55,10,purchase,0,2418,1,6.34,0
41.3,22,purchase,0,2185,4,6.54,0
94.77,16,purchase,0,909,2,76.41,0
85.32,6,purchase,0,1041,1,5.87,0
72.3,18,purchase,1,3539,2,15.8,0
76.23,18,purchase,0,3010,2,30.42,0
122.48,16,transfer,1,3502,5,2.22,0
103.57,14,withdrawal,0,782,1,3.31,0
92.89,13,transfer,0,1255,2,12.14,0
124.22,6,purchase,0,2155,1,35.54,0
97.62,9,purchase,0,3220,1,78.33,0
61.16,9,purchase,0,337,2,0.81,0
64.69,19,transfer,0,2423,3,47.35,0
82.79,21,purchase,0,2271,1,3.88,0
79.02,18,purchase,0,1319,1,36.64,0
164.55,22,purchase,0,287,0,5.46,0
174.28,14,transfer,0,3569,2,11.27,0
1372.34,5,withdrawal,0,274,7,131.92,1
14.45,21,online,0,3142,4,3.15,0
25.71,6,purchase,0,1836,2,44.53,0
123.77,8,purchase,0,2683,1,26.38,0
20.85,19,transfer,0,3542,3,5.42,0
61.32,7,withdrawal,0,260,4,6.37,0
90.14,11,purchase,0,615,1,6.92,0
71.37,12,transfer,0,1501,5,1.06,0
64.24,9,purchase,0,538,0,12.94,0
23.88,15,purchase,0,819,3,1.07,0
98.92,9,withdrawal,0,727,0,1.64,0
81.54,12,purchase,0,845,0,5.81,0
89.82,11,purchase,0,435,2,0.54,0
14.47,8,purchase,0,1761,1,11.9,0
30.4,18,withdrawal,0,591,6,0.3,0
99.07,7,online,0,2914,2,1.52,0
24.04,6,purchase,1,2609,3,0.7,0
62.1,12,transfer,0,1269,1,11.82,0
83.81,18,purchase,0,2922,6,20.47,0
26.99,14,purchase,0,2253,4,11.24,0
100.2,9,purchase,0,1403,3,0.65,0
54.18,16,transfer,1,319,0,19.27,0
38.64,7,purchase,0,737,0,0.33,0
90.45,18,purchase,0,740,3,28.09,0
63.19,21,online,0,865,4,10.21,0
306.75,15,transfer,0,3239,2,0.64,0
41.96,21,purchase,0,2868,1,5.66,0
22.06,16,purchase,0,3472,3,7.93,0
62.54,15,purchase,0,438,1,3.66,0
33.64,10,transfer,0,2893,2,2.16,0
117.35,21,online,0,3520,0,8.68,0
18.16,11,purchase,0,1103,3,14.71,0
109.37,9,purchase,0,201,0,1.1,0
80.02,10,withdrawal,0,2466,2,10.84,0
19.87,15,online,0,3577,2,18.27,0
63.32,16,purchase,0,1020,2,6.99,0
16.44,18,purchase,0,2886,1,1.89,0
124.8,6,online,0,1154,1,10.26,0
52.34,16,purchase,0,2168,1,40.15,0
91.74,16,purchase,0,361,3,37.91,0
91.79,15,purchase,0,3532,0,15.64,0
138.81,16,withdrawal,0,484,5,0.18,0
50.82,11,transfer,0,2304,1,9.79,0
54.72,14,transfer,0,2647,1,3.02,0
30.31,7,purchase,0,368,2,9.42,0
102.55,22,purchase,0,395,1,5.15,0
14.81,9,purchase,0,96,1,2.72,0
182.65,9,purchase,0,246,0,8.52,0
12.01,8,withdrawal,0,698,2,69.53,0
110.29,14,withdrawal,0,1205,1,0.77,0
57.95,22,purchase,0,824,1,3.26,0
37.27,22,purchase,0,3258,2,14.39,0
45.67,19,purchase,0,885,4,14.04,0
55.0,12,withdrawal,0,1358,7,34.03,0
134.39,8,purchase,0,176,1,0.76,0
36.08,19,online,0,3222,1,1.31,0
82.16,22,purchase,0,3278,4,33.26,0
1138.55,6,online,0,109,2,49.5,1
49.12,12,transfer,0,671,4,73.64,0
90.28,17,online,0,2455,1,27.47,0
47.29,10,online,0,2759,3,13.78,0
33.21,17,withdrawal,0,260,1,63.64,0
21.07,10,purchase,0,3026,0,2.68,0
25.88,13,purchase,0,3505,2,7.15,0
47.74,20,purchase,0,1889,2,20.7,0
43.81,7,online,1,1244,1,2.67,0
52.92,14,purchase,0,1493,2,2.57,0
51.08,7,purchase,1,1596,3,21.17,0
85.75,12,online,0,909,2,0.76,0
12.47,22,withdrawal,0,1164,5,9.94,0
90.97,11,online,0,3150,1,18.92,0
27.92,12,purchase,0,2471,4,1.65,0
48.43,21,online,0,2671,0,12.48,0
18.17,12,online,0,3497,4,7.03,0
80.7,22,online,0,3048,2,3.72,0
57.45,7,transfer,0,918,4,12.73,0
86.69,10,transfer,0,169,4,3.62,0
108.49,16,withdrawal,0,1776,5,20.82,0
26.66,7,withdrawal,0,962,1,20.9,0
79.04,8,purchase,0,3210,0,57.75,0
25.93,8,transfer,1,286,1,10.41,0
116.79,7,online,0,3408,5,1.5,0
28.66,19,purchase,0,2327,1,1.77,0
128.7,11,purchase,0,1279,0,7.32,0
360.29,13,transfer,0,2280,0,13.52,0
225.94,10,purchase,0,2130,2,8.57,0
40.21,9,online,0,2734,2,1.86,0
2.01,22,transfer,0,1065,2,20.68,0
108.27,18,withdrawal,0,598,1,15.13,0
24.31,10,withdrawal,0,3190,0,3.52,0
51.04,19,online,0,2855,1,9.66,0
139.91,18,online,0,3426,4,26.0,0
10.81,15,purchase,0,147,2,4.08,0
52.55,16,purchase,0,3322,5,1.78,0
98.98,9,purchase,0,1904,6,8.35,0
23.28,18,online,0,1455,2,7.17,0
133.53,10,withdrawal,0,2574,1,0.35,0
14.09,16,purchase,0,685,2,78.48,0
49.13,19,transfer,0,1590,0,4.54,0
57.48,18,purchase,0,2806,0,13.17,0
1.74,18,purchase,1,2912,7,32.67,0
68.42,18,purchase,0,154,1,14.81,0
75.35,21,purchase,0,2247,2,14.37,0
79.28,21,online,0,599,5,3.36,0
50.21,16,withdrawal,0,1057,2,5.26,0
74.0,7,withdrawal,0,779,0,29.82,0
36.72,7,transfer,0,2195,1,4.08,0
62.11,9,withdrawal,0,3561,4,11.74,0
72.26,10,purchase,0,732,2,3.27,0
18.64,19,online,0,3318,2,2.71,0
38.58,21,purchase,0,174,3,4.92,0
87.8,11,online,0,221,0,13.92,0
56.74,9,transfer,0,3278,1,19.48,0
120.47,18,purchase,0,2649,2,29.82,0
12.99,12,purchase,0,3117,0,24.51,0
37.57,8,purchase,0,2956,2,7.54,0
23.14,19,purchase,0,477,3,5.62,0
460.26,5,online,1,345,10,15.08,1
200.6,22,withdrawal,0,2112,2,14.47,0
61.82,18,transfer,0,1448,0,29.45,0
112.82,19,withdrawal,0,1300,1,4.57,0
77.05,8,withdrawal,0,3002,3,1.79,0
99.74,20,withdrawal,0,198,0,4.16,0
60.0,6,online,0,3620,0,22.77,0
140.34,18,purchase,0,2974,3,60.65,0
144.2,19,purchase,0,1036,4,15.73,0
974.32,16,transfer,1,358,7,227.57,1
97.18,19,transfer,0,2965,0,5.9,0
153.83,13,purchase,0,273,2,16.16,0
43.86,10,purchase,0,34,1,17.63,0
92.99,14,purchase,0,578,5,31.21,0
279.84,12,online,0,2311,2,8.32,0
81.99,9,purchase,0,1862,2,4.98,0
173.88,6,purchase,0,594,3,39.98,0
39.65,19,online,0,1540,1,21.37,0
43.53,10,transfer,0,1910,3,4.67,0
151.87,22,transfer,1,1967,2,11.87,0
16.34,20,purchase,0,1701,3,24.51,0
68.01,13,withdrawal,0,3218,3,47.5,0
37.96,14,online,0,854,6,1.67,0
61.55,10,purchase,0,3513,1,10.21,0
174.94,11,purchase,0,1333,2,1.8,0
226.05,9,transfer,0,903,6,28.01,0
34.66,14,purchase,0,1050,1,34.98,0
50.2,20,purchase,0,1124,1,12.6,0
67.94,10,purchase,0,1293,4,22.57,0
26.98,7,online,0,188,3,9.42,0
74.81,12,purchase,0,206,3,47.44,0
31.46,14,withdrawal,0,2588,2,1.06,0
3.3,11,purchase,0,54,2,5.69,0
89.79,10,transfer,0,747,4,13.68,0
33.23,6,transfer,0,1938,1,17.54,0
83.23,8,transfer,0,2560,1,29.22,0
172.4,9,online,0,2366,1,26.54,0
13.38,19,purchase,0,1633,4,10.61,0
101.84,22,purchase,0,2979,0,1.2,0
176.24,15,withdrawal,0,1101,3,0.78,0
23.25,17,withdrawal,0,1919,3,16.93,0
35.76,7,withdrawal,0,2757,2,0.91,0
70.1,10,online,0,1781,2,15.23,0
132.57,12,withdrawal,0,2913,2,1.57,0
81.55,19,purchase,0,2002,1,15.8,0
146.12,13,purchase,0,762,1,4.73,0
80.31,15,purchase,0,2091,0,7.9,0
40.59,18,purchase,0,788,2,1.51,0
11.18,22,online,0,2482,0,4.71,0
178.21,19,online,0,38,2,26.39,0
47.31,10,purchase,0,2391,1,19.59,0
23.29,6,withdrawal,0,2603,2,23.03,0
53.33,22,withdrawal,0,1602,0,12.01,0
236.76,7,withdrawal,0,2151,4,4.01,0
16.02,11,purchase,0,544,3,6.51,0
45.72,8,withdrawal,0,1217,2,10.2,0
17.37,17,purchase,0,2073,3,19.33,0
62.55,17,purchase,1,3429,1,0.94,0
183.29,11,purchase,1,676,1,40.49,0
76.62,6,transfer,0,2807,1,30.61,0
42.58,9,purchase,0,1925,1,13.09,0
64.17,13,purchase,0,2232,3,21.39,0
20.05,8,withdrawal,0,1304,1,16.72,0
77.81,18,purchase,0,3484,3,48.19,0
15.78,16,purchase,0,1611,2,5.61,0
60.23,8,purchase,0,2515,2,4.47,0
100.34,18,purchase,0,31,1,50.0,0
1445.27,17,withdrawal,0,131,4,227.86,1
106.14,13,withdrawal,0,615,1,16.73,0
1962.8,1,online,0,363,5,364.78,1
169.02,9,withdrawal,0,2335,1,25.15,0
62.36,15,withdrawal,0,2328,1,8.13,0
40.95,14,purchase,0,2644,3,24.65,0
81.16,21,purchase,0,2404,2,8.55,0
50.75,11,purchase,0,1977,3,11.69,0
957.68,1,online,1,318,5,788.29,1
52.44,6,purchase,0,899,2,8.33,0
42.71,16,purchase,0,2698,0,22.47,0
5.5,16,purchase,0,3472,0,24.31,0
207.44,21,purchase,0,1281,2,19.32,0
132.93,19,online,1,1372,3,11.37,0
60.55,11,withdrawal,0,2245,3,29.82,0
132.17,7,purchase,0,3038,3,30.04,0
66.53,7,purchase,0,1680,2,2.13,0
92.5,16,online,0,190,3,13.38,0
98.43,21,withdrawal,0,40,1,7.91,0
96.57,16,transfer,0,734,0,16.51,0
17.26,20,withdrawal,0,3483,1,8.29,0
136.51,20,purchase,0,3088,4,0.9,0
126.9,11,transfer,0,3130,2,23.39,0
39.16,12,purchase,0,1799,1,0.9,0
106.56,15,online,0,1278,4,1.21,0
952.88,22,online,1,292,5,36.78,1
65.09,9,withdrawal,0,3545,3,5.42,0
156.17,8,purchase,0,3628,1,63.84,0
109.52,6,purchase,0,2250,4,1.73,0
38.01,11,purchase,0,967,2,10.68,0
1.44,19,purchase,0,3495,3,76.55,0
50.28,7,purchase,0,1269,1,13.0,0
65.09,7,withdrawal,0,2377,0,12.29,0
107.92,22,purchase,0,784,0,2.46,0
22.06,17,purchase,0,3149,4,24.09,0
45.71,10,transfer,0,3164,2,13.03,0
95.67,12,purchase,0,2166,3,99.95,0
71.04,17,transfer,0,2359,2,14.82,0
58.77,8,withdrawal,0,1000,2,15.78,0
89.23,11,purchase,0,2274,3,3.88,0
193.6,16,transfer,0,3199,1,9.04,0
35.29,19,purchase,0,3521,2,6.91,0
49.15,15,online,0,2859,2,1.2,0
47.59,21,transfer,1,464,2,15.51,0
49.64,16,purchase,0,747,1,9.23,0
43.29,6,withdrawal,0,714,0,32.7,0
42.67,13,online,0,1456,1,0.9,0
38.64,21,withdrawal,1,1026,1,3.66,0
70.81,8,purchase,0,3485,1,2.26,0
50.79,16,online,0,2186,2,10.96,0
90.85,18,online,0,3288,2,8.32,0
76.58,13,online,0,113,0,9.59,0
25.57,7,purchase,0,2156,2,1.25,0
43.82,10,online,0,1670,0,5.64,0
60.45,20,purchase,0,1992,0,13.5,0
106.74,13,withdrawal,0,1888,0,14.03,0
65.06,15,purchase,0,794,2,51.76,0
189.52,14,transfer,0,2781,0,21.15,0
35.21,19,purchase,0,1325,1,14.13,0
112.08,16,purchase,0,1522,2,4.4,0
115.99,8,purchase,0,2696,3,4.18,0
14.65,9,online,0,1484,1,5.7,0
116.38,14,purchase,0,739,0,10.4,0
10.3,14,withdrawal,0,230,0,3.86,0
91.33,9,purchase,0,2262,4,8.73,0
20.74,17,purchase,0,1996,1,8.98,0
110.93,17,online,0,3057,6,9.15,0
73.07,14,purchase,0,2412,1,1.84,0
30.58,15,online,0,1505,3,34.52,0
32.56,22,transfer,0,2910,0,72.48,0
45.94,6,transfer,0,1403,2,24.86,0
72.15,14,transfer,0,554,1,2.12,0
53.09,8,withdrawal,1,3597,0,25.93,0
78.12,14,online,0,3494,5,72.11,0
94.44,19,transfer,0,2822,1,12.03,0
118.59,10,purchase,0,2620,2,3.89,0
145.28,14,purchase,0,85,2,3.12,0
61.63,15,online,0,2137,3,4.17,0
109.68,10,transfer,0,1694,0,7.38,0
69.65,17,purchase,0,2084,1,36.26,0
9.03,8,transfer,0,1747,3,16.85,0
48.81,9,withdrawal,0,3034,0,4.51,0
32.16,9,transfer,0,1142,2,0.0,0
96.32,6,withdrawal,0,1293,0,6.68,0
59.01,16,purchase,0,1995,3,5.92,0
16.14,15,online,0,2606,2,1.41,0
11.83,21,purchase,1,3368,2,13.51,0
28.31,9,transfer,0,1282,6,14.84,0
77.1,20,withdrawal,1,544,3,35.71,0
58.45,9,purchase,0,3530,3,7.08,0
104.87,6,transfer,0,579,2,30.21,0
50.71,18,online,0,2596,1,1.59,0
67.77,7,transfer,0,1089,2,8.63,0
4.62,15,purchase,0,2002,4,2.43,0
92.54,20,online,0,1870,1,2.01,0
53.24,14,purchase,0,2581,0,9.18,0
13.36,14,purchase,0,1588,3,34.77,0
53.75,8,purchase,0,3248,1,1.09,0
71.58,8,purchase,1,3612,2,2.4,0
79.34,12,purchase,0,262,2,4.03,0
142.95,18,transfer,0,246,2,21.09,0
137.85,12,transfer,0,1243,1,16.96,0
35.09,19,purchase,0,131,2,29.68,0
28.28,20,purchase,0,841,3,50.43,0
95.95,8,online,0,262,0,17.67,0
138.05,17,purchase,0,954,4,12.43,0
26.43,13,online,0,2234,6,8.76,0
62.19,6,purchase,0,3629,1,4.25,0
106.99,8,withdrawal,0,3612,2,56.47,0
24.94,17,purchase,0,126,5,17.52,0
93.72,22,purchase,0,1597,2,16.76,0
110.84,13,transfer,0,2626,4,22.6,0
220.23,9,transfer,0,1993,3,17.13,0
184.25,8,withdrawal,0,2588,3,3.84,0
69.14,12,purchase,0,484,5,0.32,0
30.74,16,purchase,0,2622,1,33.21,0
952.66,5,online,1,204,7,89.0,1
35.84,11,purchase,0,3468,1,27.13,0
51.75,8,purchase,0,551,3,0.84,0
117.43,15,purchase,0,1983,0,39.11,0
71.17,18,purchase,0,1044,3,0.48,0
220.32,17,online,0,237,1,7.0,0
85.02,9,transfer,1,2166,1,11.14,0
96.04,17,transfer,0,2066,3,4.18,0
88.1,19,withdrawal,0,2274,2,66.2,0
53.01,11,purchase,0,455,1,5.24,0
70.55,21,purchase,0,1228,2,0.53,0
131.38,22,online,0,737,2,15.84,0
54.59,7,transfer,0,579,0,23.94,0
80.87,15,purchase,0,2348,3,16.72,0
66.27,15,purchase,0,3128,3,21.78,0
22.0,12,purchase,0,2530,2,44.08,0
36.08,17,transfer,0,2722,4,15.99,0
57.41,10,transfer,0,1568,2,12.82,0
39.21,9,purchase,0,1512,4,10.46,0
190.2,17,purchase,0,951,1,29.84,0
104.9,18,purchase,0,2143,1,22.49,0
108.2,11,online,0,271,1,3.53,0
162.32,17,purchase,0,1424,1,66.55,0
107.41,13,purchase,0,3241,1,14.87,0
92.59,21,withdrawal,0,2553,1,14.67,0
22.63,19,online,0,1654,3,15.12,0
62.51,14,online,0,2392,1,15.58,0
10.78,9,purchase,0,1302,1,12.38,0
60.88,19,withdrawal,0,2429,0,26.96,0
40.1,22,purchase,0,1171,4,21.38,0
41.3,13,purchase,0,792,2,5.36,0
39.63,9,transfer,0,2029,3,1.68,0
16.76,13,online,0,479,1,11.66,0
78.08,12,online,0,3542,4,18.12,0
403.04,19,online,0,198,3,357.27,1
70.28,20,purchase,0,3538,2,7.46,0
74.84,22,purchase,0,1114,3,0.85,0
24.08,14,purchase,0,241,2,8.78,0
19.32,12,purchase,0,3236,1,11.69,0
146.73,11,withdrawal,0,610,1,25.19,0
127.41,16,purchase,0,257,0,0.12,0
169.46,22,transfer,0,1790,0,0.47,0
145.45,12,withdrawal,0,2773,3,2.41,0
54.21,13,withdrawal,0,1799,3,2.77,0
35.04,10,purchase,0,396,1,0.94,0
48.41,9,purchase,0,2342,1,55.79,0
293.57,6,withdrawal,0,1126,1,23.41,0
155.85,9,withdrawal,0,494,3,17.03,0
111.03,19,purchase,0,3034,1,1.26,0
63.71,19,purchase,0,3410,3,12.66,0
107.69,15,withdrawal,0,3031,1,42.93,0
61.94,16,purchase,0,2745,4,21.37,0
361.27,18,online,1,243,2,307.61,1
50.96,22,withdrawal,0,2953,3,3.87,0
24.06,10,online,0,3239,3,8.68,0
36.5,9,online,0,3535,1,23.81,0
44.14,6,withdrawal,0,1891,2,0.43,0
198.93,21,purchase,0,1144,5,3.46,0
57.7,6,purchase,0,2294,2,4.23,0
23.99,20,purchase,0,3380,2,54.71,0
63.98,16,purchase,0,1476,2,0.53,0
37.05,15,purchase,0,1076,3,10.21,0
5.29,18,withdrawal,0,2957,4,5.19,0
129.97,14,withdrawal,0,2996,2,6.02,0
135.18,19,purchase,0,1227,3,13.16,0
66.86,18,purchase,0,3583,3,5.08,0
78.93,19,purchase,0,2646,2,37.52,0
262.07,17,online,0,3556,2,21.71,0
130.12,9,online,0,3640,1,4.2,0
118.78,8,transfer,0,1120,3,15.39,0
22.14,8,withdrawal,0,1678,4,6.26,0
40.64,19,online,0,3340,1,0.35,0
163.96,9,withdrawal,0,1270,3,50.4,0
58.85,10,withdrawal,0,3356,2,0.78,0
33.41,13,purchase,0,1404,3,16.89,0
149.99,6,purchase,0,2397,1,19.0,0
44.73,6,purchase,0,1530,2,10.82,0
42.32,19,transfer,0,2402,2,5.99,0
1912.99,2,online,0,203,8,263.85,1
22.3,8,transfer,0,1501,1,3.81,0
96.34,15,withdrawal,0,1336,1,12.64,0
15.55,21,withdrawal,0,918,2,14.04,0
61.35,18,purchase,0,868,2,3.11,0
18.4,16,online,0,515,1,2.38,0
113.2,9,online,0,2870,3,7.86,0
132.39,12,online,0,832,2,11.45,0
131.99,18,purchase,0,1962,0,47.64,0
39.61,18,withdrawal,0,1989,0,43.06,0
88.13,21,purchase,0,1837,2,4.59,0
777.64,19,online,0,81,11,778.06,1
146.64,15,purchase,0,945,6,22.92,0
92.05,21,withdrawal,0,1093,3,22.5,0
68.14,17,transfer,0,2084,1,10.59,0
25.98,16,purchase,0,2556,1,1.44,0
65.47,15,withdrawal,0,3546,0,2.65,0
5.27,7,transfer,0,2293,2,32.49,0
24.15,15,purchase,1,298,2,0.81,0
54.2,18,withdrawal,0,669,4,13.32,0
126.22,10,purchase,1,1758,4,6.97,0
127.7,6,online,0,516,1,9.12,0
98.63,13,purchase,0,2591,3,8.37,0
55.57,6,purchase,0,2781,3,1.2,0
173.92,14,purchase,0,2175,1,14.53,0
28.21,11,online,0,3159,0,1.8,0
35.37,10,online,0,909,1,9.2,0
73.29,22,transfer,0,2748,1,11.03,0
28.17,9,online,0,649,3,56.95,0
78.41,12,online,0,2331,2,25.62,0
148.87,6,online,0,2963,0,2.17,0
50.41,9,purchase,0,2058,3,3.82,0
23.88,9,purchase,1,1269,1,7.91,0
77.08,17,purchase,0,114,0,18.26,0
98.27,17,purchase,0,773,2,6.82,0
4.65,10,withdrawal,0,529,2,36.26,0
63.23,18,purchase,0,1856,1,32.07,0
178.77,16,purchase,0,2023,1,23.91,0
49.29,12,withdrawal,0,592,0,16.93,0
17.65,14,withdrawal,0,1242,1,35.24,0
45.12,20,purchase,0,2034,1,13.31,0
84.2,11,online,0,1671,3,11.8,0
61.26,14,transfer,0,917,3,5.61,0
112.65,6,online,1,1328,1,9.07,0
60.23,18,purchase,0,1122,0,23.24,0
57.42,7,purchase,0,587,0,26.78,0
264.7,5,withdrawal,0,290,5,746.11,1
66.18,19,online,0,3385,0,37.26,0
145.03,9,online,0,1829,3,14.92,0
8.85,17,transfer,0,2313,1,2.86,0
36.09,20,purchase,0,3438,3,2.65,0
90.02,16,transfer,0,3609,2,1.72,0
142.93,6,transfer,0,1193,1,0.64,0
81.49,22,purchase,0,2054,1,16.51,0
63.01,10,purchase,0,3227,3,16.15,0
79.57,7,purchase,0,2822,1,1.78,0
12.62,12,withdrawal,0,3077,2,6.07,0
258.83,9,purchase,0,1656,1,33.74,0
19.71,6,withdrawal,0,1863,2,12.9,0
12.1,9,online,0,2534,1,22.87,0
79.34,17,purchase,0,2939,1,27.0,0
236.33,20,purchase,0,2810,1,3.58,0
147.09,16,transfer,0,1301,5,1.92,0
111.97,19,purchase,0,3469,1,5.98,0
52.52,17,purchase,0,277,0,27.85,0
52.43,15,withdrawal,0,3144,4,15.98,0
259.83,16,purchase,0,337,2,10.5,0
63.11,13,purchase,0,2259,3,17.39,0
143.62,9,purchase,1,3632,2,15.58,0
24.47,19,purchase,0,1187,1,4.61,0
160.29,6,online,0,812,1,17.12,0
100.95,18,purchase,0,1711,2,8.54,0
58.78,7,transfer,0,3628,4,6.46,0
74.01,16,purchase,0,148,4,23.1,0
39.28,9,purchase,0,1038,3,0.16,0
173.27,12,purchase,0,1250,1,6.35,0
36.29,6,withdrawal,0,2288,5,4.6,0
135.78,10,withdrawal,0,2586,2,0.05,0
59.44,16,transfer,1,450,4,12.74,0
48.18,15,online,0,3293,2,9.17,0
432.42,20,online,1,168,4,12.41,1
120.08,11,transfer,0,1693,3,35.07,0
46.88,20,purchase,0,671,3,9.93,0
50.72,11,transfer,0,1191,6,1.39,0
977.73,21,purchase,1,274,7,40.78,1
52.41,21,transfer,0,2967,3,0.59,0
23.99,11,online,0,2053,3,3.33,0
73.01,8,purchase,0,2602,8,19.57,0
17.5,7,purchase,0,3622,3,4.8,0
183.02,13,purchase,0,1495,1,52.91,0
19.62,15,online,0,819,2,2.28,0
76.86,9,transfer,0,337,3,15.74,0
65.04,17,purchase,0,3065,1,0.03,0
539.25,1,withdrawal,0,76,7,305.63,1
38.71,14,withdrawal,1,1249,3,2.63,0
66.2,19,withdrawal,0,3094,2,9.23,0
107.07,16,transfer,0,1099,2,2.2,0
147.01,15,withdrawal,0,2529,1,14.05,0
27.62,9,online,0,1549,2,12.04,0
137.56,15,online,0,2629,2,2.88,0
71.17,8,purchase,0,1900,2,15.89,0
137.18,10,online,0,352,2,2.67,0
132.42,18,transfer,0,3260,2,30.03,0
110.83,6,withdrawal,0,2614,4,11.9,0
186.25,8,transfer,0,2828,2,2.41,0
52.67,14,online,0,361,1,4.22,0
133.08,14,withdrawal,0,615,4,15.24,0
45.27,9,purchase,0,112,3,3.66,0
48.66,6,purchase,0,2569,3,36.0,0
92.74,15,purchase,0,3188,2,1.54,0
104.15,7,withdrawal,0,3122,2,7.07,0
63.16,8,purchase,0,586,0,16.55,0
153.19,7,purchase,0,134,4,20.94,0
82.11,14,withdrawal,0,1054,3,1.54,0
80.88,12,withdrawal,0,2936,1,21.18,0
24.1,14,withdrawal,0,290,0,13.15,0
4.63,14,online,0,1848,1,6.35,0
62.68,12,transfer,0,2764,1,16.59,0
98.1,10,purchase,0,3205,5,1.21,0
104.33,10,transfer,0,840,3,29.46,0
181.04,16,purchase,0,2283,2,20.1,0
76.25,14,purchase,0,1017,2,38.78,0
33.92,11,transfer,0,2148,3,8.02,0
77.04,6,purchase,0,1942,3,10.93,0
43.98,20,online,0,1060,0,17.91,0
53.01,10,withdrawal,0,3014,1,2.22,0
132.6,7,transfer,1,1455,4,9.94,0
39.88,12,withdrawal,0,555,5,1.25,0
27.15,19,purchase,0,2592,2,13.63,0
230.68,12,purchase,0,2164,1,14.93,0
116.59,10,online,0,510,2,9.36,0
103.45,15,transfer,0,1469,2,18.43,0
41.91,12,purchase,0,3423,1,19.0,0
20.69,7,transfer,0,2037,3,9.99,0
622.29,6,transfer,1,216,4,416.13,1
118.58,10,online,0,1700,4,10.15,0
106.05,20,online,0,901,0,64.97,0
115.52,9,transfer,0,2159,2,18.18,0
70.16,18,purchase,0,2033,0,8.95,0
53.86,14,transfer,0,2651,2,2.29,0
209.29,17,withdrawal,0,840,3,24.17,0
12.82,10,online,0,2570,5,1.69,0
168.79,10,purchase,0,1333,3,26.13,0
139.6,19,purchase,0,2111,1,1.77,0
56.91,8,purchase,0,912,1,7.84,0
51.84,17,purchase,0,1043,0,28.14,0
154.26,10,purchase,0,2926,0,14.1,0
134.35,19,transfer,0,3387,1,12.93,0
868.93,7,withdrawal,1,148,8,171.82,1
166.12,7,purchase,0,2242,2,9.52,0
52.8,15,purchase,0,484,2,0.04,0
126.55,17,withdrawal,0,2807,5,51.62,0
91.99,6,online,0,470,1,4.87,0
58.76,16,transfer,0,287,4,6.04,0
124.63,7,transfer,0,3640,2,34.22,0
39.0,9,purchase,0,742,1,3.87,0
100.63,13,purchase,0,3364,1,26.03,0
96.18,10,purchase,0,2246,1,14.01,0
21.39,15,online,0,2069,2,3.28,0
26.96,17,purchase,0,1309,2,11.86,0
71.6,6,withdrawal,0,300,1,24.75,0
219.52,16,purchase,0,127,3,10.3,0
52.1,15,online,0,3186,4,4.3,0
11.51,6,withdrawal,0,1731,1,15.79,0
189.42,18,withdrawal,0,3588,4,1.9,0
135.78,16,online,0,1813,2,2.18,0
147.93,9,transfer,0,2662,2,28.25,0
43.72,15,transfer,0,2298,2,44.14,0
34.0,20,purchase,1,3473,4,1.61,0
102.97,10,purchase,0,3266,1,1.49,0
87.77,22,withdrawal,0,611,2,18.08,0
38.34,8,online,0,683,2,7.28,0
15.36,18,purchase,0,411,1,12.61,0
79.81,10,online,0,2114,1,30.88,0
148.42,11,withdrawal,0,1142,1,5.91,0
537.62,15,withdrawal,0,273,10,254.52,1
105.45,14,withdrawal,0,2390,4,6.43,0
89.43,9,purchase,0,1294,4,3.28,0
134.26,11,online,0,393,3,25.24,0
71.78,21,online,0,3534,3,15.77,0
39.99,22,online,0,1662,0,15.51,0
113.17,19,online,0,2119,4,9.52,0
223.43,16,withdrawal,0,3257,2,25.25,0
99.21,20,transfer,0,2464,4,1.35,0
57.59,7,purchase,0,1162,5,6.28,0
20.31,22,online,0,521,1,0.92,0
12.07,8,withdrawal,0,790,0,1.56,0
121.62,14,purchase,0,1310,1,22.13,0
47.96,7,purchase,1,1144,3,22.73,0
28.25,8,withdrawal,0,3212,0,0.26,0
25.46,12,withdrawal,0,3108,5,6.14,0
27.75,11,withdrawal,0,339,1,9.02,0
53.48,21,withdrawal,0,1187,4,9.05,0
5.77,21,purchase,0,416,4,26.98,0
389.18,22,purchase,0,135,2,27.06,0
120.64,15,withdrawal,0,3318,1,34.29,0
136.97,18,purchase,0,2721,0,14.69,0
103.26,20,transfer,0,3169,3,9.19,0
22.1,7,purchase,0,1781,0,12.33,0
26.75,19,online,0,2489,2,19.16,0
194.87,8,online,0,3601,3,2.1,0
40.37,12,purchase,0,1684,0,5.27,0
47.38,20,online,0,1361,2,0.38,0
100.39,20,purchase,0,3601,2,0.93,0
80.81,8,withdrawal,0,1647,3,19.93,0
46.76,11,transfer,1,655,5,3.04,0
120.16,19,transfer,0,775,1,4.19,0
42.1,15,purchase,0,1285,1,12.21,0
148.98,9,purchase,0,3345,2,7.67,0
54.43,9,purchase,1,3355,5,8.13,0
97.01,16,withdrawal,0,3438,1,5.39,0
47.25,15,purchase,0,721,1,2.23,0
66.34,9,purchase,0,2008,2,6.61,0
125.49,16,withdrawal,0,2160,2,28.17,0
105.44,10,purchase,0,3212,0,3.99,0
57.36,13,withdrawal,0,2987,1,6.18,0
39.2,11,withdrawal,0,3316,4,0.48,0
27.22,18,purchase,0,1873,3,27.07,0
111.24,20,purchase,0,1683,3,50.61,0
124.28,10,withdrawal,0,1488,1,2.94,0
43.41,9,purchase,0,596,1,10.01,0
111.12,11,online,0,1430,5,3.71,0
154.28,12,purchase,0,3587,3,4.62,0
62.05,22,purchase,0,2177,1,4.91,0
307.6,2,online,1,168,3,415.67,1
96.25,17,withdrawal,0,530,2,12.82,0
111.54,16,purchase,0,177,1,11.47,0
108.46,12,purchase,0,2475,4,1.58,0
221.66,21,online,0,730,1,14.34,0
32.22,19,purchase,0,2400,3,21.8,0
67.09,15,purchase,0,2642,4,3.56,0
58.64,19,withdrawal,0,1268,1,5.12,0
122.89,21,purchase,0,1660,5,14.7,0
88.47,21,withdrawal,0,3519,2,2.66,0
93.51,19,purchase,0,984,1,2.54,0
95.12,15,transfer,0,1465,3,8.02,0
26.06,15,purchase,0,1629,2,4.27,0
112.17,21,purchase,0,1149,0,32.46,0
96.49,6,transfer,0,3513,2,32.47,0
47.52,17,withdrawal,0,753,0,10.88,0
757.53,6,online,1,350,3,105.48,1
166.64,11,purchase,0,3614,1,8.67,0
85.16,7,purchase,0,445,5,16.49,0
64.6,9,online,0,1281,1,6.82,0
84.94,18,withdrawal,0,895,1,5.27,0
33.44,18,transfer,0,891,2,13.17,0
11.61,6,transfer,1,3112,6,1.29,0
35.98,12,purchase,0,2590,1,6.5,0
47.03,6,online,0,1043,2,3.11,0
26.48,7,transfer,0,3461,1,4.55,0
47.09,11,purchase,0,2303,2,8.71,0
85.01,7,online,0,1558,3,1.95,0
52.95,22,withdrawal,0,2774,2,0.12,0
174.45,7,online,0,2730,1,10.56,0
31.92,14,withdrawal,0,1536,1,4.01,0
233.3,14,purchase,0,3318,2,4.49,0
41.46,22,purchase,0,2148,4,7.69,0
135.21,10,online,0,1619,4,54.96,0
30.01,19,purchase,1,190,4,12.03,0
105.99,19,withdrawal,0,1418,4,10.61,0
39.88,22,transfer,0,1494,1,1.57,0
61.84,17,online,0,2480,1,3.81,0
65.13,9,purchase,0,1768,4,28.76,0
56.22,12,transfer,0,1154,1,1.3,0
571.21,21,transfer,1,291,8,563.64,1
90.8,10,purchase,0,3174,5,29.86,0
65.75,6,withdrawal,0,1121,2,7.3,0
73.8,17,purchase,0,2450,2,15.26,0
92.44,10,purchase,0,1124,2,20.11,0
92.22,21,online,0,3071,2,15.67,0
41.46,11,transfer,0,2136,1,4.2,0
139.52,22,transfer,0,2711,2,28.2,0
83.95,17,purchase,0,882,1,48.53,0
37.28,22,purchase,0,3388,1,25.78,0
62.09,13,purchase,0,2982,1,5.87,0
70.66,15,purchase,0,2268,4,13.3,0
14.1,8,purchase,0,1604,2,1.07,0
34.1,8,purchase,0,2670,3,23.59,0
190.61,12,online,0,700,2,19.33,0
217.75,16,purchase,0,551,5,8.32,0
153.38,20,purchase,0,1468,3,29.09,0
20.99,22,transfer,0,198,1,8.64,0
121.6,10,purchase,0,386,1,62.01,0
40.6,18,withdrawal,0,1928,1,17.42,0
317.34,7,transfer,0,489,5,5.06,0
61.27,6,purchase,0,2138,1,4.26,0
130.49,17,online,0,2873,1,2.89,0
241.18,9,purchase,0,251,3,21.56,0
144.09,12,transfer,0,2558,2,1.4,0
73.49,16,purchase,0,3577,1,1.71,0
118.48,20,online,0,578,2,2.3,0
175.77,11,purchase,0,1428,1,4.54,0
96.93,15,transfer,0,579,1,2.1,0
142.82,22,online,0,3378,0,8.42,0
107.03,19,purchase,0,2614,0,19.06,0
54.45,17,withdrawal,0,3367,3,2.83,0
59.89,22,transfer,0,34,2,40.81,0
27.66,19,purchase,0,2624,1,40.69,0
19.95,19,purchase,0,2331,3,9.3,0
76.38,17,online,0,2646,2,15.1,0
40.27,13,online,0,924,4,40.04,0
339.38,12,withdrawal,1,178,5,728.46,1
21.99,7,purchase,1,86,1,3.96,0
17.75,15,online,0,2560,1,3.55,0
192.91,21,withdrawal,0,532,3,2.64,0
136.5,6,transfer,0,2547,1,4.31,0
88.61,6,online,0,2358,2,0.58,0
95.56,9,purchase,0,1901,2,55.12,0
179.89,22,withdrawal,0,108,3,46.65,0
137.31,8,purchase,0,2574,3,18.36,0
154.12,16,purchase,0,3036,1,17.53,0
31.31,18,withdrawal,0,743,4,3.88,0
68.29,21,purchase,0,3161,3,31.36,0
89.77,22,purchase,0,2944,3,33.86,0
58.3,8,purchase,0,3453,3,16.85,0
81.38,17,withdrawal,0,856,3,12.73,0
71.75,20,withdrawal,0,562,4,13.12,0
32.99,22,withdrawal,0,385,3,7.31,0
44.53,22,purchase,0,518,3,7.19,0
84.12,20,transfer,0,1595,2,17.58,0
58.57,17,transfer,0,3029,5,19.67,0
62.45,19,purchase,0,2586,1,9.89,0
152.84,6,online,0,2494,5,5.63,0
120.92,18,purchase,0,594,1,14.66,0
36.14,12,transfer,0,824,3,0.68,0
156.62,13,purchase,0,1810,4,18.88,0
28.38,19,purchase,0,1361,2,21.07,0
171.17,11,purchase,0,713,2,18.08,0
776.2,9,online,0,345,3,2.33,1
35.86,7,purchase,0,1588,1,10.75,0
161.72,7,purchase,0,252,1,20.71,0
99.47,10,purchase,0,1235,1,66.69,0
89.46,13,purchase,0,2703,4,28.18,0
16.58,6,purchase,0,188,2,2.52,0
20.78,16,purchase,0,1856,3,3.05,0
72.59,12,transfer,1,3019,1,65.31,0
29.86,20,purchase,0,2383,0,4.04,0
9.01,11,transfer,1,1487,0,31.08,0
139.31,10,purchase,0,2686,0,0.03,0
167.07,22,online,0,2320,2,12.63,0
159.73,7,transfer,0,2543,1,13.48,0
119.99,16,purchase,0,731,1,21.11,0
45.59,13,purchase,0,2573,4,6.59,0
146.02,17,transfer,0,3163,2,23.43,0
40.45,11,purchase,0,2771,1,4.16,0
53.51,16,purchase,0,1587,2,19.36,0
37.76,12,withdrawal,0,201,1,3.76,0
171.25,14,withdrawal,0,196,3,2.02,0
75.55,16,online,0,3283,3,36.47,0
49.99,6,online,0,2604,4,6.5,0
51.62,19,purchase,0,3353,0,6.96,0
18.26,22,transfer,0,1448,3,23.47,0
162.9,19,purchase,0,2113,1,8.89,0
53.03,17,transfer,0,2045,0,20.93,0
28.55,22,purchase,0,1410,3,19.48,0
95.87,18,purchase,0,3173,1,42.6,0
89.16,11,purchase,0,550,6,7.71,0
92.67,8,withdrawal,0,535,2,13.92,0
66.29,22,transfer,0,2463,0,12.51,0
41.77,19,purchase,0,2468,4,1.67,0
105.91,12,online,1,1407,0,5.76,0
87.8,15,transfer,1,1895,1,17.93,0
53.72,20,withdrawal,0,3141,2,36.27,0
29.17,14,purchase,0,3045,3,9.17,0
35.0,21,purchase,0,1963,3,3.25,0
37.98,10,purchase,0,425,0,1.59,0
41.8,14,online,0,1070,2,11.31,0
18.16,18,transfer,0,2209,2,3.58,0
65.54,22,withdrawal,0,2045,2,4.59,0
43.62,22,purchase,0,2078,0,8.34,0
49.0,17,purchase,0,877,4,10.82,0
118.85,13,purchase,0,1204,1,3.75,0
103.46,18,purchase,0,2140,2,28.55,0
7.75,16,purchase,0,1591,2,37.85,0
171.13,17,purchase,0,1155,5,2.31,0
73.76,6,withdrawal,0,2209,1,2.9,0
79.54,9,online,0,61,2,12.67,0
46.75,13,purchase,0,1397,2,11.7,0
30.42,12,online,0,3041,2,23.64,0
654.19,8,withdrawal,0,276,8,1007.99,1
184.27,9,withdrawal,0,63,4,3.48,0
98.63,6,online,0,3422,1,11.32,0
19.17,22,purchase,0,60,3,59.05,0
74.62,9,online,0,997,5,8.5,0
174.13,17,online,0,455,2,6.11,0
7.32,16,purchase,0,3296,2,20.69,0
33.07,11,purchase,0,2002,1,20.11,0
43.78,6,purchase,0,790,2,15.21,0
95.59,16,purchase,0,2513,0,3.62,0
69.2,13,purchase,0,1261,6,12.29,0
33.82,6,purchase,0,2250,2,11.13,0
43.73,7,withdrawal,0,708,4,9.75,0
117.68,14,purchase,0,103,2,18.75,0
81.45,18,purchase,0,1773,2,38.19,0
93.18,20,withdrawal,0,2152,2,8.18,0
17.05,11,withdrawal,0,1876,1,18.45,0
81.75,7,purchase,0,3637,3,7.34,0
54.18,11,purchase,0,3408,3,13.84,0
88.33,9,online,0,2866,2,0.07,0
59.17,7,purchase,0,852,5,18.84,0
66.76,10,purchase,0,765,2,0.2,0
105.67,8,purchase,0,983,1,18.52,0
91.26,9,purchase,0,1451,3,25.72,0
53.8,7,purchase,0,1450,1,4.9,0
199.94,9,purchase,0,1716,4,5.06,0
20.05,16,purchase,0,2239,3,10.18,0
72.61,11,online,0,684,2,3.61,0
231.67,19,withdrawal,0,560,4,18.1,0
178.17,14,purchase,0,1176,3,12.15,0
35.92,14,transfer,0,1350,1,26.58,0
114.35,19,purchase,0,3483,2,22.64,0
17.46,8,purchase,0,1046,1,3.29,0
80.4,8,transfer,0,1017,5,13.72,0
65.8,10,withdrawal,0,2792,2,0.56,0
67.5,19,purchase,0,777,3,17.24,0
64.17,8,transfer,0,2626,3,2.32,0
37.68,20,transfer,0,1319,1,40.01,0
50.19,20,withdrawal,0,2190,3,8.76,0
4.99,14,purchase,0,2765,0,6.1,0
27.13,12,transfer,0,753,1,2.04,0
163.35,8,purchase,0,2744,3,3.17,0
43.21,7,purchase,0,2510,1,8.39,0
69.3,10,withdrawal,0,2918,2,23.67,0
38.12,9,purchase,0,2480,1,6.49,0
91.23,12,purchase,0,1762,1,9.45,0
189.58,11,purchase,0,3077,1,30.36,0
131.77,18,transfer,0,2614,2,4.08,0
62.51,8,transfer,0,2796,3,7.73,0
97.56,20,online,1,3039,3,2.04,0
67.52,15,purchase,0,2448,2,15.04,0
23.56,14,transfer,1,1416,2,4.64,0
334.23,22,purchase,0,3508,4,5.31,0
63.74,18,withdrawal,0,2735,0,0.71,0
129.05,8,purchase,0,143,2,2.7,0
73.75,7,purchase,0,1050,1,6.63,0
91.83,20,online,0,1040,2,5.61,0
35.33,15,online,0,2938,1,24.89,0
7.97,20,online,0,3408,1,17.17,0
74.8,20,online,0,3572,1,16.73,0
146.24,21,purchase,1,1471,2,28.75,0
35.07,20,purchase,0,2279,3,44.18,0
129.32,10,transfer,0,1976,4,18.21,0
161.27,9,purchase,0,2151,1,4.63,0
85.06,10,online,0,2514,0,4.6,0
59.61,22,withdrawal,0,3571,1,50.41,0
84.43,12,online,0,3210,2,9.25,0
57.77,21,transfer,0,1581,0,12.11,0
45.64,7,purchase,0,2470,3,37.44,0
121.65,12,withdrawal,0,1145,1,7.31,0
39.24,7,purchase,0,3396,0,23.01,0
124.7,18,transfer,0,1828,4,2.08,0
22.71,12,purchase,0,1386,3,1.53,0
20.73,7,purchase,0,1169,3,41.24,0
158.37,20,purchase,0,162,0,1.62,0
49.97,19,online,0,2023,1,9.29,0
139.63,18,purchase,0,2579,2,3.69,0
12.47,19,purchase,0,1637,3,1.5,0
175.26,17,online,0,1520,4,27.44,0
30.72,16,transfer,0,3219,1,13.17,0
59.56,22,transfer,0,129,2,1.81,0
16.21,9,online,0,324,2,14.52,0
57.02,8,online,0,1916,0,4.5,0
19.22,6,purchase,0,574,4,3.19,0
83.34,10,purchase,0,2662,1,12.12,0
150.35,20,purchase,0,259,2,9.7,0
41.64,18,purchase,0,2829,4,4.3,0
124.18,13,transfer,0,3615,2,9.02,0
178.05,8,transfer,0,1766,1,22.51,0
175.39,8,purchase,0,3384,6,35.85,0
65.2,19,withdrawal,0,3514,0,13.81,0
39.14,9,withdrawal,0,233,1,2.05,0
27.37,21,purchase,0,1315,3,42.23,0
84.22,22,purchase,0,1082,1,26.12,0
77.27,7,online,1,1071,1,30.09,0
48.53,6,withdrawal,0,130,5,18.73,0
51.65,16,purchase,0,817,3,5.67,0
52.05,9,transfer,0,1272,1,0.97,0
122.07,14,purchase,0,2324,2,28.53,0
43.6,18,transfer,0,3637,4,9.87,0
73.77,20,purchase,1,1172,0,2.52,0
80.32,7,transfer,0,2324,3,2.11,0
86.46,16,purchase,0,1707,2,17.12,0
45.23,15,online,0,2605,0,4.06,0
159.27,19,purchase,0,1092,2,23.86,0
64.82,11,purchase,0,1634,3,2.92,0
87.64,10,purchase,0,1917,4,15.58,0
85.59,17,purchase,0,50,0,4.8,0
13.29,8,purchase,0,3184,2,6.44,0
52.26,15,purchase,0,2873,6,15.26,0
92.72,14,online,0,398,1,19.58,0
60.05,14,transfer,0,2254,0,1.36,0
101.29,16,online,0,1908,2,0.23,0
17.1,18,withdrawal,0,3536,3,27.12,0
150.06,11,purchase,0,933,1,10.81,0
42.71,9,transfer,0,3548,1,18.11,0
159.73,16,purchase,0,705,1,3.82,0
94.06,13,transfer,0,1281,3,71.91,0
63.33,8,online,0,3631,1,16.92,0
85.39,13,transfer,0,3482,2,10.63,0
251.16,8,purchase,0,2332,2,31.99,0
79.73,16,purchase,0,708,3,0.4,0
60.47,13,transfer,0,978,3,12.49,0
42.9,9,purchase,0,1074,1,11.1,0
107.11,21,purchase,0,2390,2,5.17,0
18.39,20,purchase,0,2543,2,4.95,0
77.62,19,transfer,0,3201,1,13.39,0
36.94,13,online,0,1823,1,37.59,0
47.63,18,purchase,0,502,1,7.53,0
6.05,12,purchase,0,2614,2,16.57,0
104.79,22,purchase,0,189,2,5.16,0
82.62,10,transfer,0,1335,1,9.37,0
32.7,8,transfer,0,1145,2,2.29,0
196.16,9,purchase,0,395,2,19.93,0
200.68,20,purchase,0,2935,0,10.58,0
21.01,16,online,0,833,0,5.4,0
167.98,10,purchase,0,2931,1,22.67,0
29.06,20,transfer,0,1197,1,16.17,0
99.68,14,online,0,1872,1,9.24,0
44.42,13,online,0,688,2,25.89,0
127.27,21,online,0,1801,3,10.08,0
89.77,20,withdrawal,0,587,7,0.53,0
59.89,10,withdrawal,0,2091,2,20.91,0
141.37,10,transfer,0,2475,1,38.53,0
280.66,16,withdrawal,0,3020,2,6.11,0
86.3,14,purchase,0,980,4,0.52,0
92.04,18,withdrawal,0,1459,3,7.27,0
40.26,7,online,0,771,2,15.51,0
114.36,10,purchase,0,2130,2,2.56,0
61.62,19,purchase,0,303,0,2.64,0
268.59,13,transfer,0,543,2,22.31,0
59.62,14,online,0,2160,3,5.77,0
121.03,17,withdrawal,0,486,2,15.44,0
95.44,8,purchase,0,485,0,0.15,0
179.21,11,online,0,3618,3,50.18,0
54.37,8,withdrawal,0,1362,2,5.6,0
44.47,9,purchase,0,981,4,6.15,0
27.58,15,withdrawal,0,3599,5,9.22,0
45.4,13,purchase,0,200,1,21.66,0
124.54,18,purchase,0,1128,1,12.0,0
92.69,11,purchase,0,2477,2,6.24,0
100.5,6,purchase,1,1143,4,57.19,0
774.55,1,online,1,237,5,430.48,1
125.38,15,withdrawal,0,2352,1,19.8,0
14.71,15,purchase,0,2199,2,18.68,0
72.29,20,online,0,3625,1,3.41,0
135.88,11,purchase,0,294,0,12.65,0
120.34,16,withdrawal,0,3563,3,11.28,0
11.42,6,transfer,0,298,4,1.54,0
7.82,7,purchase,0,1123,2,10.39,0
113.15,10,online,0,714,3,53.37,0
75.87,21,withdrawal,0,981,1,5.25,0
111.51,10,purchase,1,1272,1,10.35,0
105.23,17,purchase,0,2323,2,1.41,0
47.62,16,purchase,0,739,0,12.42,0
149.7,10,purchase,0,3546,0,16.66,0
55.39,18,transfer,0,2196,1,6.52,0
201.93,8,purchase,0,1363,4,6.02,0
126.33,22,online,0,1317,2,16.44,0
108.52,6,purchase,0,2382,5,1.84,0
66.86,16,transfer,0,2784,2,28.48,0
17.15,7,purchase,0,2248,1,0.37,0
64.56,11,purchase,0,3173,1,14.15,0
87.14,6,purchase,0,372,1,22.79,0
58.36,18,purchase,0,2862,0,1.05,0
127.94,18,withdrawal,0,2837,1,39.51,0
77.35,16,purchase,0,1240,2,7.09,0
244.0,9,withdrawal,0,1315,2,3.88,0
29.61,17,purchase,0,411,1,5.76,0
9.79,9,online,0,1483,1,3.26,0
264.34,12,withdrawal,0,654,0,28.57,0
10.73,21,online,0,2082,2,22.87,0
47.32,14,purchase,0,2248,2,9.56,0
30.34,12,transfer,0,434,3,38.17,0
99.59,8,withdrawal,0,2161,0,78.1,0
99.36,20,purchase,0,2951,2,2.19,0
3.37,7,purchase,0,220,4,1.12,0
122.85,7,withdrawal,0,1535,2,7.14,0
33.61,14,transfer,0,1741,2,21.78,0
101.12,20,purchase,0,230,2,19.57,0
190.74,22,online,0,1094,3,9.04,0
30.36,21,purchase,0,1651,0,5.32,0
71.72,22,transfer,0,1712,2,2.21,0
131.71,7,online,0,1778,1,101.98,0
69.03,21,purchase,1,823,2,6.99,0
114.91,9,online,0,644,2,28.12,0
143.57,21,withdrawal,0,3590,4,1.64,0
8.88,10,withdrawal,0,3355,1,41.43,0
137.28,14,purchase,0,2450,3,6.82,0
252.51,15,transfer,0,2680,0,4.6,0
71.45,16,online,0,1736,2,6.1,0
82.47,16,purchase,0,530,4,9.19,0
5.46,6,transfer,0,847,0,10.94,0
39.24,19,purchase,0,174,1,1.78,0
79.48,20,purchase,0,2404,3,19.83,0
80.25,7,transfer,0,2425,1,12.66,0
64.47,6,purchase,0,599,4,11.61,0
26.08,8,withdrawal,0,1479,1,17.24,0
25.13,21,transfer,0,1977,0,13.47,0
55.52,14,purchase,0,89,4,0.74,0
73.5,7,withdrawal,0,854,2,24.54,0
23.55,6,purchase,0,541,1,54.97,0
41.93,6,online,0,367,4,4.71,0
101.4,21,purchase,0,1749,1,55.38,0
96.25,9,online,0,2416,3,11.73,0
63.36,21,purchase,0,2664,2,0.73,0
66.71,21,purchase,0,2496,2,0.9,0
66.09,7,purchase,0,1467,2,4.03,0
45.06,6,withdrawal,0,789,1,5.17,0
14.65,14,online,0,3438,2,7.14,0
69.81,6,online,0,319,2,34.42,0
75.24,11,purchase,0,109,0,3.13,0
201.74,16,withdrawal,0,1993,1,2.51,0
70.44,18,transfer,0,513,2,0.43,0
4.2,7,purchase,0,2562,2,3.48,0
209.03,8,purchase,0,2938,3,18.25,0
158.99,6,withdrawal,0,2796,3,2.07,0
67.81,18,online,0,2642,1,13.03,0
17.75,10,transfer,0,3610,0,0.67,0
11.05,21,withdrawal,1,675,1,17.89,0
123.84,17,purchase,0,150,5,36.29,0
120.78,8,purchase,0,1234,1,12.19,0
112.01,17,purchase,0,1656,4,6.49,0
49.29,17,purchase,0,702,0,12.24,0
95.88,14,purchase,0,3625,4,40.33,0
85.49,10,purchase,0,1861,2,29.43,0
71.21,13,online,0,1801,3,0.62,0
62.26,6,withdrawal,0,1629,0,1.32,0
133.02,20,purchase,0,2038,3,12.09,0
7.44,10,transfer,0,3046,0,0.19,0
99.59,10,withdrawal,0,1417,3,9.4,0
75.81,7,transfer,0,1493,2,5.67,0
80.78,17,purchase,0,2345,2,12.05,0
92.11,7,transfer,0,738,1,1.14,0
10.33,7,purchase,0,656,1,54.05,0
22.29,12,purchase,0,3644,1,4.75,0
57.53,9,purchase,0,2811,1,11.68,0
51.46,17,online,0,1373,1,10.78,0
90.41,9,online,0,2799,2,14.36,0
48.98,19,purchase,0,57,1,17.79,0
52.38,7,purchase,0,2984,0,16.71,0
137.14,11,purchase,0,2267,0,14.66,0
76.95,18,withdrawal,0,45,1,19.92,0
117.88,13,online,0,2044,1,20.95,0
48.34,16,online,0,62,3,10.82,0
81.82,20,purchase,0,1229,3,6.25,0
54.39,8,online,0,2337,0,37.62,0
21.54,13,withdrawal,0,3250,4,6.55,0
152.98,10,transfer,0,3397,2,12.56,0
44.01,15,online,0,1138,2,11.02,0
63.27,17,withdrawal,0,279,0,8.0,0
46.44,9,purchase,0,39,2,1.3,0
101.63,13,transfer,0,3452,1,43.92,0
47.73,21,online,0,151,4,33.64,0
52.45,9,transfer,0,2268,1,16.81,0
131.28,16,online,0,1734,3,34.93,0
94.98,20,transfer,0,1114,1,7.05,0
285.87,12,withdrawal,0,2369,2,2.18,0
36.7,6,withdrawal,0,1748,0,32.15,0
23.45,22,purchase,0,1144,4,3.39,0
111.06,8,transfer,0,2227,1,17.67,0
20.57,19,purchase,0,1322,3,38.3,0
28.59,21,transfer,0,2837,3,0.42,0
60.75,20,purchase,0,2258,5,0.76,0
201.56,20,transfer,0,3601,0,16.55,0
47.76,20,purchase,0,2659,0,24.41,0
48.92,18,withdrawal,0,489,1,15.83,0
716.94,10,online,1,307,4,336.2,1
63.79,7,purchase,0,3407,3,14.56,0
298.11,16,transfer,0,1560,2,6.68,0
96.56,8,transfer,0,3524,3,15.39,0
54.09,18,purchase,0,1850,5,27.41,0
83.66,16,withdrawal,0,1266,2,1.87,0
32.85,22,purchase,0,2442,2,12.49,0
48.58,8,online,0,625,1,9.21,0
20.6,11,purchase,0,1448,1,3.36,0
85.2,22,online,0,253,1,0.65,0
108.0,12,purchase,0,563,2,8.28,0
165.69,18,withdrawal,0,2740,3,26.05,0
83.45,6,purchase,0,3129,3,16.22,0
49.58,17,online,0,2909,2,49.41,0
11.43,8,transfer,0,3190,1,1.38,0
80.79,22,purchase,0,3131,6,10.34,0
73.85,20,purchase,0,2016,3,34.9,0
34.72,15,withdrawal,0,1546,1,3.84,0
42.1,15,purchase,0,3559,1,1.1,0
28.0,16,purchase,0,665,2,26.74,0
70.61,6,withdrawal,0,1025,0,4.4,0
129.14,15,transfer,0,1644,1,35.66,0
38.98,20,transfer,0,1215,3,9.84,0
39.42,16,purchase,0,2001,2,28.76,0
62.61,9,purchase,0,226,0,51.09,0
40.92,19,purchase,0,3307,0,11.66,0
82.1,18,online,0,650,6,1.26,0
27.37,13,transfer,1,1705,1,6.88,0
118.18,16,purchase,0,1497,2,2.65,0
7.56,10,purchase,0,2344,1,12.5,0
71.67,11,online,0,2239,3,12.19,0
100.79,12,withdrawal,0,967,2,0.04,0
121.0,11,online,0,1053,2,5.51,0
52.26,6,purchase,0,1873,1,1.13,0
83.88,16,purchase,0,271,2,21.39,0
41.88,16,online,0,2023,3,13.3,0
111.48,12,purchase,0,1178,2,40.2,0
69.23,11,withdrawal,0,3299,1,34.17,0
2.54,6,purchase,0,1708,4,7.85,0
86.8,7,purchase,0,1281,3,50.5,0
52.76,14,purchase,0,3156,1,8.01,0
52.0,22,online,0,2161,2,3.05,0
50.27,19,purchase,1,820,2,6.92,0
1080.35,0,purchase,1,217,10,641.9,1
61.11,7,transfer,0,3479,4,3.96,0
76.45,11,online,0,3284,1,37.13,0
25.39,21,purchase,0,2827,2,25.24,0
31.23,10,purchase,0,2436,0,0.49,0
54.57,9,withdrawal,0,808,3,5.98,0
98.22,16,withdrawal,0,2542,1,70.77,0
132.75,10,purchase,0,846,4,86.98,0
154.6,8,purchase,0,587,0,4.6,0
155.27,11,transfer,0,106,2,6.63,0
103.31,17,purchase,0,2041,1,9.1,0
145.44,17,withdrawal,0,569,2,14.43,0
27.12,10,purchase,0,2461,1,23.91,0
38.11,20,purchase,0,1047,0,0.96,0
100.5,7,transfer,0,38,2,2.21,0
105.91,12,purchase,0,347,4,3.71,0
73.47,11,online,1,37,1,1.64,0
241.41,8,transfer,0,461,0,16.39,0
64.06,21,transfer,0,1772,3,5.17,0
80.46,13,online,0,421,1,16.87,0
30.12,6,withdrawal,0,2462,2,4.2,0
72.97,6,withdrawal,0,228,0,5.3,0
52.31,15,transfer,0,3284,2,2.38,0
59.73,18,transfer,0,110,4,8.19,0
93.34,21,online,0,3573,1,27.3,0
118.57,18,withdrawal,0,3446,0,2.62,0
43.6,15,withdrawal,0,1440,3,4.71,0
915.78,0,transfer,1,44,3,338.23,1
186.35,12,withdrawal,0,3147,2,15.54,0
513.98,4,transfer,1,157,2,162.53,1
130.43,17,online,0,2676,2,19.61,0
76.63,17,purchase,0,1421,4,0.89,0
25.7,16,online,0,600,3,0.56,0
1551.13,1,online,1,54,10,466.54,1
284.79,11,purchase,0,1263,3,6.5,0
54.45,17,online,0,1669,3,0.59,0
87.24,20,purchase,0,3374,1,15.09,0
148.17,16,transfer,0,128,1,5.46,0
23.19,20,purchase,0,504,2,8.67,0
35.08,8,transfer,0,3220,2,17.29,0
64.59,19,purchase,1,2179,1,6.42,0
32.51,14,purchase,0,482,0,106.64,0
175.26,7,online,0,1331,5,10.59,0
17.89,19,transfer,0,576,3,5.59,0
19.85,14,transfer,0,76,0,20.21,0
94.9,20,online,0,86,2,15.03,0
129.1,8,transfer,0,1713,0,15.09,0
111.63,21,purchase,0,1703,4,10.54,0
285.97,5,online,1,258,4,37.92,1
136.77,20,purchase,0,840,3,14.98,0
125.6,21,purchase,1,1605,3,13.59,0
189.99,16,purchase,0,3606,5,16.57,0
39.19,14,purchase,0,3583,5,43.48,0
17.04,17,purchase,0,3153,3,1.39,0
24.61,22,purchase,0,3171,1,3.71,0
993.12,4,online,1,51,5,6.65,1
94.31,9,transfer,0,1398,1,30.97,0
158.53,15,withdrawal,0,1162,2,16.64,0
127.52,19,withdrawal,0,1626,3,13.29,0
145.37,21,purchase,0,1804,1,20.28,0
103.82,6,withdrawal,0,3173,0,6.18,0
151.84,11,purchase,0,650,1,3.86,0
187.22,14,purchase,0,31,2,22.56,0
155.02,13,purchase,0,2238,1,5.99,0
17.58,11,withdrawal,0,294,1,15.99,0
43.09,20,transfer,0,1679,1,1.12,0
71.07,15,withdrawal,0,1187,1,12.96,0
12.43,10,online,0,2009,4,10.42,0
119.3,18,purchase,0,741,1,4.88,0
36.64,18,purchase,0,2123,3,39.08,0
24.86,19,purchase,0,1973,1,7.49,0
24.93,9,purchase,0,2051,3,1.47,0
119.59,10,purchase,0,2058,0,18.06,0
213.63,22,withdrawal,1,102,12,109.95,1
29.68,11,purchase,1,1403,2,22.1,0
50.82,7,purchase,0,1237,0,4.29,0
106.03,19,online,0,382,1,6.08,0
74.81,7,purchase,0,3306,0,16.64,0
49.61,6,purchase,0,887,2,9.19,0
31.44,22,purchase,0,3226,0,4.57,0
114.1,15,withdrawal,0,331,1,4.26,0
33.53,8,online,0,273,3,11.65,0
169.04,8,withdrawal,0,2116,2,69.61,0
56.41,10,purchase,0,1932,0,16.74,0
20.37,7,purchase,0,631,0,3.08,0
41.64,16,withdrawal,0,3627,1,22.89,0
60.74,20,purchase,0,324,2,0.24,0
127.18,9,online,0,3390,2,6.79,0
53.34,8,purchase,0,139,4,47.46,0
16.76,12,transfer,0,489,2,5.96,0
106.55,14,withdrawal,0,1992,2,13.71,0
223.25,0,transfer,0,166,11,276.68,1
1246.94,19,online,1,132,5,373.53,1
198.27,11,online,0,3278,0,11.37,0
135.95,20,withdrawal,0,2186,0,21.49,0
54.65,18,purchase,0,2379,3,0.18,0
79.56,7,online,0,726,2,13.46,0
100.19,8,withdrawal,0,403,1,2.59,0
112.37,10,online,0,1329,2,6.1,0
100.31,6,withdrawal,0,3525,2,33.98,0
84.44,9,purchase,0,3349,1,4.03,0
24.72,20,purchase,0,3400,2,4.36,0
59.04,10,purchase,0,1169,1,44.63,0
92.96,14,purchase,0,2613,6,1.2,0
27.36,6,online,0,3229,4,4.72,0
61.17,19,withdrawal,0,3494,2,0.72,0
93.45,20,purchase,0,1914,2,23.24,0
93.57,8,purchase,0,853,5,54.93,0
96.26,17,purchase,0,3515,3,11.92,0
25.7,14,transfer,0,2308,0,22.74,0
135.57,19,withdrawal,0,1303,4,32.09,0
84.63,19,online,0,1431,3,14.89,0
56.75,11,withdrawal,0,3126,1,16.12,0
59.02,21,withdrawal,0,2756,1,15.64,0
95.01,12,purchase,0,1408,1,3.66,0
87.8,12,withdrawal,0,1981,1,28.46,0
44.67,21,online,0,2775,4,0.39,0
124.4,20,purchase,0,335,3,4.89,0
1058.91,1,online,0,284,10,201.71,1
689.34,17,transfer,1,20,5,161.17,1
119.4,15,withdrawal,0,1011,4,8.83,0
178.43,10,purchase,0,2629,2,24.48,0
69.11,19,purchase,0,2404,2,11.61,0
83.55,6,purchase,0,1341,2,5.08,0
72.79,18,purchase,0,1348,2,21.86,0
231.39,18,online,0,2365,2,22.85,0
37.36,22,purchase,0,195,6,1.29,0
121.69,22,online,0,2767,2,3.23,0
32.77,20,purchase,1,2345,2,43.71,0
93.8,8,withdrawal,0,527,1,7.37,0
13.6,19,purchase,0,2907,0,4.81,0
42.28,22,transfer,0,2088,3,18.23,0
47.94,13,online,0,3458,4,3.71,0
64.19,20,purchase,0,1366,3,12.82,0
72.14,16,purchase,0,2739,3,4.0,0
14.94,16,purchase,0,976,1,11.68,0
117.37,13,purchase,0,2047,2,35.01,0
158.96,17,purchase,0,1625,1,8.79,0
203.41,21,purchase,0,3303,2,19.42,0
66.88,9,transfer,0,3356,1,17.31,0
111.22,6,transfer,0,959,1,10.22,0
91.9,22,purchase,0,3649,1,23.39,0
222.41,15,online,0,406,2,2.77,0
104.13,13,purchase,0,1384,4,5.9,0
16.18,18,transfer,0,1268,1,20.18,0
747.75,17,online,1,71,5,158.68,1
142.67,7,transfer,0,3445,2,14.57,0
98.57,6,online,0,1358,2,33.05,0
106.42,15,purchase,0,3298,1,12.11,0
241.85,12,transfer,0,2453,1,55.43,0
49.22,13,transfer,0,2136,1,18.44,0
21.15,15,purchase,0,1042,0,7.65,0
16.77,18,transfer,0,2667,4,2.23,0
36.13,14,withdrawal,0,2544,2,0.56,0
21.31,12,withdrawal,0,677,1,36.82,0
100.97,12,purchase,0,3094,2,21.91,0
66.6,16,withdrawal,0,3242,2,1.99,0
44.74,19,transfer,0,1913,2,29.95,0
91.45,19,purchase,0,1313,3,0.74,0
43.9,16,online,0,2531,0,6.46,0
80.08,11,withdrawal,0,193,2,0.01,0
365.84,19,transfer,0,2782,0,4.99,0
41.36,19,purchase,0,3572,3,39.54,0
74.77,12,online,0,3072,2,18.3,0
118.46,21,online,0,1731,4,23.4,0
1080.07,1,online,0,35,7,224.01,1
18.07,22,transfer,0,2663,1,17.65,0
31.1,19,withdrawal,0,1345,1,21.65,0
36.41,19,purchase,0,2605,3,63.08,0
164.19,21,purchase,0,3550,0,16.68,0
13.47,22,purchase,0,180,1,8.92,0
23.37,6,withdrawal,0,2591,2,1.9,0
588.46,1,purchase,0,133,7,115.05,1
88.36,6,transfer,0,1884,2,13.69,0
87.08,7,purchase,1,798,1,25.09,0
129.05,21,purchase,0,2898,2,18.11,0
42.95,18,purchase,0,3542,2,31.3,0
162.32,18,withdrawal,0,1659,4,3.63,0
215.9,19,transfer,0,3317,2,39.35,0
23.61,7,purchase,0,829,2,23.78,0
16.53,13,withdrawal,0,2641,0,52.83,0
190.27,11,online,1,3455,2,11.45,0
93.62,17,purchase,1,687,4,8.19,0
25.04,16,purchase,0,2235,0,20.67,0
75.9,9,transfer,0,2986,1,51.79,0
56.38,14,withdrawal,0,1010,2,0.56,0
111.19,21,purchase,0,2633,0,3.26,0
110.88,22,purchase,0,1980,2,2.52,0
4.16,22,online,0,448,1,2.61,0
49.68,18,withdrawal,0,1526,1,11.05,0
19.84,7,purchase,0,1515,0,11.84,0
136.65,20,online,0,51,3,6.02,0
147.18,21,online,0,1229,1,0.08,0
223.61,19,purchase,0,2941,6,29.62,0
8.43,14,withdrawal,1,3090,1,1.0,0
145.66,18,transfer,0,929,5,9.2,0
89.65,8,online,0,1414,1,0.52,0
30.34,14,transfer,0,3012,2,35.41,0
47.41,7,online,0,1676,1,14.6,0
99.03,16,purchase,0,2085,1,12.8,0
79.94,15,purchase,0,2991,2,19.08,0
105.05,10,purchase,0,2675,2,0.39,0
27.64,21,withdrawal,0,3614,2,15.61,0
190.02,16,online,0,1219,0,5.22,0
164.75,20,withdrawal,0,2570,3,15.47,0
28.34,11,purchase,0,487,1,8.96,0
15.78,18,purchase,0,1803,4,1.31,0
41.98,11,transfer,0,3252,2,0.18,0
77.72,6,withdrawal,0,2719,2,41.96,0
31.55,16,withdrawal,1,1076,3,5.28,0
31.09,18,online,1,3630,1,0.56,0
113.68,10,purchase,0,2758,3,27.16,0
83.13,11,online,0,1830,2,4.13,0
29.6,19,withdrawal,0,971,0,13.69,0
25.41,12,purchase,0,1638,2,30.22,0
28.43,8,online,0,2263,0,37.76,0
106.09,17,purchase,0,911,1,24.62,0
45.61,13,purchase,0,2896,0,20.89,0
114.49,10,purchase,0,700,2,27.62,0
66.48,12,purchase,0,3453,4,11.08,0
79.88,22,transfer,0,1245,1,0.06,0
28.29,22,withdrawal,0,480,3,8.3,0
65.12,6,online,0,1453,1,2.01,0
43.89,7,online,0,590,2,50.91,0
21.69,15,purchase,0,1312,0,33.68,0
81.74,16,transfer,0,3091,0,25.39,0
60.59,17,purchase,0,2515,2,14.33,0
19.84,8,purchase,0,2063,3,15.15,0
21.1,19,purchase,0,1468,2,4.55,0
12.95,13,purchase,1,3118,2,10.46,0
49.3,16,purchase,0,3260,4,44.21,0
24.71,15,withdrawal,0,1513,2,35.89,0
66.88,7,purchase,0,1962,2,5.11,0
38.02,21,online,0,1591,2,4.09,0
40.53,8,online,0,3415,4,2.63,0
37.48,10,purchase,0,271,0,7.0,0
35.21,8,purchase,0,487,3,9.9,0
30.03,19,withdrawal,0,705,3,0.24,0
39.67,22,purchase,0,3527,4,7.19,0
66.47,15,withdrawal,0,2500,5,8.1,0
59.24,6,transfer,0,3232,2,25.42,0
55.14,11,withdrawal,0,2390,0,2.08,0
91.89,14,withdrawal,0,2490,0,5.52,0
77.75,6,withdrawal,0,30,3,1.05,0
109.64,6,purchase,0,251,6,22.68,0
61.63,13,online,0,3535,2,4.78,0
24.01,20,purchase,1,2913,3,83.21,0
63.2,7,purchase,0,1576,1,5.48,0
240.6,11,transfer,0,2014,1,17.21,0
82.41,16,purchase,0,3356,4,18.66,0
20.29,11,transfer,0,797,3,7.57,0
113.77,9,withdrawal,0,2202,3,3.4,0
47.0,7,purchase,0,646,4,30.31,0
952.17,0,purchase,1,282,6,284.83,1
226.81,22,purchase,0,1875,3,4.26,0
4.79,16,purchase,0,3275,1,19.21,0
27.44,19,purchase,0,1294,2,2.1,0
161.56,15,purchase,0,1034,2,11.78,0
43.39,11,transfer,1,1333,7,28.74,0
138.99,11,purchase,0,1621,5,10.74,0
118.83,17,online,0,2792,1,21.66,0
216.29,12,purchase,0,2788,2,16.3,0
204.64,13,transfer,0,2121,2,5.72,0
34.61,12,purchase,0,1654,0,1.92,0
39.24,13,online,0,1770,1,28.63,0
99.76,22,purchase,0,1714,1,18.12,0
105.42,16,purchase,0,218,1,19.02,0
54.26,10,purchase,0,500,4,4.36,0
31.22,12,purchase,0,334,3,1.01,0
903.02,22,online,1,4,6,649.95,1
86.57,22,purchase,0,3166,0,20.17,0
31.55,13,purchase,0,3157,6,2.52,0
183.01,6,withdrawal,0,2662,4,1.99,0
73.61,22,withdrawal,0,2451,1,16.07,0
145.16,16,purchase,0,3616,6,1.42,0
188.07,7,withdrawal,0,1903,4,10.66,0
103.22,20,purchase,0,180,2,2.85,0
39.74,11,purchase,0,2032,1,7.62,0
40.84,19,purchase,0,2840,1,10.75,0
6.23,13,purchase,0,876,2,3.08,0
50.22,12,online,0,3310,2,16.68,0
82.7,10,purchase,0,3596,3,17.75,0
66.68,10,purchase,0,2343,1,14.67,0
106.44,22,purchase,1,1904,3,11.02,0
27.25,18,transfer,0,2984,3,34.55,0
95.49,19,withdrawal,0,472,0,11.8,0
39.49,21,purchase,0,2966,5,30.56,0
107.04,20,online,1,1863,2,3.42,0
97.68,20,purchase,0,56,1,0.35,0
143.7,15,online,0,2847,3,35.22,0
61.62,9,purchase,0,2438,2,0.6,0
79.92,12,withdrawal,0,2218,0,10.91,0
36.17,22,purchase,0,3522,0,1.47,0
11.34,7,online,0,2844,4,3.9,0
105.73,16,withdrawal,0,3106,1,21.98,0
30.14,11,purchase,0,3107,1,6.19,0
33.13,7,withdrawal,0,2036,1,6.55,0
36.33,17,purchase,0,1973,3,17.52,0
47.33,12,purchase,0,1216,1,8.23,0
235.17,11,transfer,0,2546,2,34.82,0
119.22,8,withdrawal,0,3448,1,2.82,0
50.48,16,purchase,0,478,5,3.75,0
127.97,7,purchase,0,2326,2,4.39,0
69.85,19,purchase,0,864,2,5.69,0
51.13,9,online,0,3428,1,3.76,0
59.23,17,purchase,1,608,3,8.98,0
34.16,20,purchase,0,2251,1,23.47,0
390.85,10,transfer,0,1273,0,2.75,0
24.67,7,purchase,0,2161,1,1.26,0
229.17,21,withdrawal,0,2274,3,18.07,0
51.12,17,purchase,0,1050,2,40.54,0
18.6,22,purchase,0,2547,2,8.18,0
73.33,13,withdrawal,0,832,0,5.13,0
389.13,5,transfer,1,205,8,276.59,1
31.83,19,purchase,1,2462,1,1.31,0
147.49,12,purchase,0,929,0,11.29,0
27.71,8,online,0,842,2,29.6,0
49.34,17,purchase,0,405,2,2.18,0
54.91,10,online,0,812,1,9.3,0
67.34,12,purchase,0,3236,4,18.24,0
118.15,6,purchase,0,1958,1,16.97,0
43.53,17,online,0,84,4,26.79,0
49.19,15,withdrawal,0,523,1,7.74,0
108.13,14,purchase,0,2962,1,6.37,0
16.3,7,transfer,0,2419,1,7.41,0
84.09,8,transfer,0,1091,2,9.5,0
106.59,15,transfer,0,3105,0,47.55,0
63.32,7,purchase,0,151,2,1.49,0
52.54,17,purchase,0,2057,2,7.41,0
153.11,11,transfer,0,3115,2,6.94,0
56.63,15,withdrawal,0,3411,2,0.66,0
51.36,14,purchase,0,3547,2,15.69,0
76.77,9,purchase,0,3566,0,19.19,0
150.66,7,online,0,2672,2,17.26,0
101.47,14,purchase,0,3203,1,18.44,0
47.83,9,purchase,0,2286,1,2.9,0
161.54,16,withdrawal,0,320,0,3.02,0
68.03,18,purchase,0,248,3,37.02,0
37.39,17,withdrawal,0,1417,2,34.93,0
63.79,13,purchase,0,1626,3,28.98,0
54.36,12,transfer,0,924,2,12.55,0
68.05,21,transfer,0,1386,1,3.5,0
63.75,13,purchase,0,95,1,3.44,0
89.29,10,transfer,0,1173,2,1.18,0
140.23,8,online,0,2462,1,11.1,0
41.73,16,purchase,0,2765,1,5.27,0
56.8,9,purchase,0,3600,0,53.98,0
165.43,19,purchase,0,3588,2,9.27,0
501.56,5,purchase,0,122,5,150.72,1
94.56,15,purchase,0,1600,1,48.55,0
78.03,15,transfer,0,1309,3,49.94,0
157.53,7,purchase,0,74,0,7.72,0
21.13,9,purchase,0,742,2,14.48,0
138.61,22,purchase,0,156,2,30.86,0
82.74,8,withdrawal,0,1812,5,1.08,0
45.87,18,transfer,0,3130,2,20.85,0
56.16,10,purchase,0,2267,4,32.7,0
112.93,17,purchase,0,3010,0,4.41,0
94.38,13,purchase,0,1219,1,14.64,0
127.89,10,withdrawal,0,3376,0,7.88,0
53.29,6,withdrawal,0,3047,1,49.01,0
86.8,10,purchase,0,2633,3,14.55,0
32.0,16,purchase,0,1116,3,4.72,0
85.52,22,online,0,2863,3,21.8,0
272.01,22,withdrawal,0,1428,2,24.3,0
56.7,6,purchase,0,2359,4,5.56,0
60.63,21,purchase,0,2509,1,5.48,0
110.24,16,purchase,0,1644,3,14.1,0
56.38,20,purchase,0,542,2,16.64,0
135.06,19,purchase,0,2641,3,11.78,0
140.9,13,purchase,0,785,1,32.7,0
4080.26,4,purchase,1,334,7,306.58,1
43.75,21,purchase,0,683,3,38.41,0
112.47,9,online,0,2488,4,29.95,0
36.77,11,purchase,0,2782,0,22.07,0
67.0,6,online,0,1264,2,9.18,0
170.83,18,purchase,0,3051,2,4.77,0
19.06,9,withdrawal,0,2040,5,9.11,0
39.56,12,withdrawal,0,2308,5,0.67,0
142.45,13,online,0,1905,3,25.31,0
47.45,7,purchase,0,2999,0,7.74,0
67.28,21,withdrawal,0,1863,1,14.99,0
136.43,18,online,0,1799,2,13.9,0
45.28,19,purchase,0,1350,3,27.39,0
124.96,19,purchase,0,1168,2,0.91,0
44.17,11,purchase,0,915,2,7.38,0
89.88,6,transfer,0,3383,3,14.06,0
61.82,22,purchase,0,174,3,13.07,0
162.52,22,withdrawal,0,3238,2,3.15,0
101.07,22,online,0,779,1,44.91,0
32.54,21,purchase,0,885,1,25.01,0
113.83,9,purchase,0,3604,3,5.89,0
59.82,22,purchase,0,1682,3,20.18,0
33.71,12,purchase,0,2563,4,2.78,0
55.08,15,withdrawal,1,631,2,7.77,0
20.25,6,online,0,1881,2,101.67,0
56.22,16,purchase,0,3470,1,8.57,0
164.05,7,purchase,0,35,3,10.03,0
54.82,13,transfer,0,2675,3,25.04,0
91.51,17,online,0,3147,3,1.96,0
55.34,7,online,0,2103,1,5.98,0
103.39,16,purchase,0,153,1,3.78,0
26.05,21,online,0,610,1,25.49,0
82.75,20,online,0,1926,1,6.67,0
55.91,18,online,0,1165,3,6.01,0
52.5,18,purchase,0,1485,2,7.43,0
96.57,16,purchase,0,1560,3,27.56,0
70.46,16,purchase,1,1271,3,7.51,0
41.67,20,purchase,0,2373,0,6.68,0
103.44,9,withdrawal,1,2727,2,8.44,0
55.01,17,withdrawal,0,2819,2,21.94,0
68.02,21,purchase,0,1966,2,10.05,0
64.11,8,purchase,0,666,1,18.28,0
28.03,20,online,0,2020,3,13.16,0
21.71,20,purchase,0,1726,3,17.11,0
89.3,20,withdrawal,0,976,0,0.25,0
89.55,16,withdrawal,0,3240,1,7.8,0
25.55,17,purchase,0,2541,3,2.17,0
81.62,14,purchase,0,1637,2,20.31,0
141.64,15,withdrawal,0,212,2,2.85,0
224.87,8,purchase,0,2444,1,1.19,0
55.75,20,purchase,0,3012,3,3.18,0
111.51,18,online,0,373,2,6.79,0
174.87,11,purchase,1,1789,5,17.36,0
76.86,11,withdrawal,0,1337,2,25.36,0
116.32,17,transfer,0,1883,0,2.5,0
40.78,8,online,0,1734,3,0.05,0
70.83,18,purchase,1,1563,2,2.82,0
68.93,19,online,0,3073,3,12.71,0
156.22,6,withdrawal,0,2032,8,10.49,0
194.3,17,purchase,0,1095,2,1.3,0
99.97,15,withdrawal,0,2873,1,4.04,0
119.65,9,purchase,0,1644,2,33.33,0
180.85,18,online,0,1677,3,4.49,0
29.62,10,purchase,0,914,1,28.96,0
35.19,21,purchase,0,3433,6,19.41,0
73.89,8,purchase,0,411,1,19.78,0
73.93,20,withdrawal,0,713,5,22.33,0
48.08,9,withdrawal,0,40,2,3.79,0
62.83,20,purchase,0,130,0,4.36,0
55.87,16,transfer,0,3338,1,0.36,0
185.39,22,withdrawal,0,68,1,33.22,0
61.19,8,online,0,1467,0,11.18,0
48.68,16,withdrawal,0,2414,0,4.8,0
28.6,11,transfer,0,108,5,3.85,0
36.18,14,purchase,0,3444,4,43.25,0
38.44,8,purchase,0,430,1,19.89,0
148.49,14,purchase,0,441,2,15.5,0
43.96,16,withdrawal,0,3319,1,25.51,0
135.13,19,purchase,0,1958,1,10.25,0
48.41,12,purchase,0,1242,0,0.47,0
154.38,10,transfer,0,2421,2,73.9,0
101.61,14,transfer,0,1636,2,6.24,0
84.66,21,online,1,3588,5,20.21,0
80.26,17,purchase,0,3539,2,2.83,0
76.91,12,purchase,0,382,3,0.18,0
92.79,19,purchase,0,249,3,5.57,0
128.3,6,purchase,0,1745,3,20.77,0
36.66,14,withdrawal,1,609,4,4.42,0
97.52,9,withdrawal,0,1079,3,4.78,0
63.32,18,purchase,0,2341,3,2.42,0
25.88,13,purchase,0,325,1,1.41,0
128.55,13,purchase,0,2095,0,10.61,0
64.81,20,purchase,0,514,6,5.16,0
76.34,14,online,0,1211,4,4.01,0
53.58,13,online,0,1317,1,6.59,0
59.07,7,online,0,2598,3,14.04,0
84.72,15,purchase,1,3608,5,9.45,0
30.56,16,purchase,1,1819,4,26.15,0
634.04,12,online,1,266,6,564.74,1
59.83,19,withdrawal,0,653,1,29.01,0
6.81,21,purchase,0,3367,4,6.77,0
49.82,22,transfer,0,2769,3,21.4,0
120.58,7,purchase,0,3305,1,7.71,0
113.32,14,purchase,0,1609,1,1.2,0
84.76,8,purchase,0,2390,1,50.32,0
70.71,14,purchase,0,322,6,1.45,0
10.99,21,withdrawal,0,1889,2,21.7,0
185.12,21,purchase,0,1346,2,35.44,0
156.92,8,purchase,0,121,4,6.9,0
61.47,13,purchase,0,3236,1,16.05,0
92.55,21,purchase,0,2938,1,8.69,0
181.35,7,purchase,0,2760,3,38.9,0
42.53,12,withdrawal,1,3156,2,21.17,0
85.64,13,transfer,0,3371,2,5.74,0
145.23,20,transfer,0,2133,0,11.17,0
5.8,6,purchase,0,43,4,3.84,0
58.65,18,purchase,0,2193,1,8.14,0
243.59,19,purchase,0,3518,1,33.07,0
41.66,6,purchase,0,342,1,4.69,0
94.74,11,withdrawal,0,498,2,17.17,0
52.96,16,purchase,0,2381,0,11.17,0
80.07,18,purchase,0,421,3,8.57,0
20.82,17,purchase,0,290,2,6.42,0
33.18,7,online,0,3606,2,2.33,0
14.17,12,purchase,0,2517,0,0.63,0
53.58,20,online,0,312,1,1.68,0
122.12,10,withdrawal,0,2275,2,3.48,0
95.31,14,withdrawal,0,1136,4,18.41,0
81.71,15,withdrawal,0,1244,4,32.14,0
98.25,16,withdrawal,0,2226,3,53.26,0
35.19,9,online,0,3053,3,7.41,0
125.83,4,online,1,79,5,45.25,1
14.41,17,withdrawal,0,235,2,12.24,0
111.17,21,withdrawal,0,559,0,8.7,0
226.65,13,withdrawal,0,1483,1,35.15,0
36.93,20,withdrawal,0,1098,4,17.76,0
59.1,10,transfer,0,2947,2,15.6,0
33.35,11,purchase,0,1614,1,1.51,0
56.69,9,purchase,0,2379,3,6.75,0
34.72,13,transfer,0,1097,3,9.45,0
158.03,13,withdrawal,0,1144,1,9.16,0
156.49,11,purchase,1,2547,3,1.25,0
136.23,17,transfer,0,3273,0,10.97,0
86.19,15,purchase,1,2350,3,31.29,0
43.95,12,purchase,0,409,3,11.58,0
37.65,7,transfer,0,2323,0,8.78,0
42.24,14,purchase,0,373,1,10.93,0
30.21,21,withdrawal,0,2700,5,41.19,0
59.03,8,purchase,0,1981,3,12.56,0
229.33,8,withdrawal,0,3566,1,33.5,0
76.42,8,online,0,928,3,4.8,0
46.69,6,transfer,0,704,2,69.5,0
171.92,22,withdrawal,0,87,1,8.51,0
71.95,14,online,0,2206,2,11.23,0
45.11,22,withdrawal,0,2832,1,25.95,0
196.53,11,transfer,0,1691,3,5.02,0
116.78,19,withdrawal,0,1276,2,18.62,0
51.78,13,purchase,0,181,1,64.45,0
162.07,8,purchase,0,3533,1,27.94,0
24.45,11,online,0,3231,3,11.61,0
5.68,14,transfer,0,722,3,19.61,0
279.91,12,withdrawal,0,1176,4,2.45,0
100.53,19,transfer,0,1956,6,33.31,0
55.36,18,online,0,2250,1,33.68,0
128.54,17,purchase,0,1363,0,5.89,0
17.49,13,transfer,0,2730,2,25.26,0
106.46,15,purchase,0,244,1,61.0,0
242.32,10,online,0,1035,1,6.91,0
45.76,21,purchase,0,501,2,9.62,0
458.23,20,withdrawal,1,56,0,825.21,1
107.44,16,purchase,0,2440,1,24.49,0
34.7,16,withdrawal,0,754,0,66.09,0
11.67,18,purchase,0,3603,4,4.02,0
225.75,8,purchase,0,3647,2,25.5,0
34.34,16,withdrawal,0,635,2,23.91,0
33.61,11,purchase,0,1524,2,22.03,0
85.86,6,purchase,0,1134,0,39.16,0
114.75,10,transfer,0,81,1,4.36,0
124.62,21,purchase,0,2505,2,0.02,0
121.81,22,online,0,3221,4,8.6,0
278.06,20,transfer,0,3544,0,8.1,0
8.97,12,withdrawal,0,2669,1,4.21,0
128.6,6,purchase,0,1225,3,35.39,0
40.15,11,purchase,0,786,3,6.95,0
98.61,16,withdrawal,0,2965,3,4.53,0
129.94,11,purchase,0,2716,0,0.76,0
74.54,11,purchase,0,2579,2,23.44,0
74.59,11,withdrawal,0,202,0,1.48,0
70.92,17,purchase,0,1950,1,27.2,0
19.62,9,purchase,0,2197,0,8.98,0
57.34,17,purchase,0,2598,0,29.62,0
16.24,9,purchase,0,2695,1,16.89,0
24.24,10,online,0,2341,3,37.95,0
25.81,18,purchase,0,1793,3,16.51,0
22.26,14,online,0,3265,3,6.12,0
210.23,13,purchase,0,3615,0,13.34,0
42.13,21,transfer,0,2659,1,11.03,0
69.04,18,purchase,0,710,0,65.67,0
72.04,8,withdrawal,0,2372,2,2.87,0
131.15,16,purchase,0,580,2,4.1,0
76.74,9,purchase,0,3111,2,11.24,0
90.3,11,purchase,0,1092,0,10.37,0
90.85,16,purchase,0,282,2,17.39,0
70.31,17,purchase,0,3312,2,2.05,0
132.56,12,purchase,0,2196,1,1.23,0
101.76,13,purchase,1,3382,1,37.35,0
63.06,18,transfer,0,2326,2,5.27,0
88.98,11,purchase,0,1599,1,31.58,0
136.99,8,purchase,0,2446,1,104.49,0
115.73,14,purchase,0,1458,2,32.16,0
60.1,10,online,0,1492,3,9.52,0
38.53,15,online,0,2940,0,21.83,0
65.63,11,online,0,2162,2,8.34,0
12.86,15,withdrawal,0,3361,3,41.95,0
99.95,19,purchase,0,3549,4,20.44,0
22.32,10,online,0,812,5,5.53,0
121.78,6,purchase,0,854,2,14.59,0
32.11,11,purchase,0,905,3,0.84,0
65.39,13,purchase,0,694,2,9.12,0
177.26,15,withdrawal,0,2519,1,25.61,0
154.55,20,online,0,174,1,37.57,0
9.39,7,purchase,0,2358,1,2.92,0
21.57,11,online,0,2667,1,7.9,0
33.82,19,withdrawal,0,2430,2,12.72,0
89.88,12,purchase,0,2235,1,78.93,0
36.52,14,purchase,0,1212,2,14.92,0
94.32,13,purchase,0,2363,2,0.54,0
77.49,10,online,0,3534,3,24.19,0
133.11,10,withdrawal,0,3135,3,8.46,0
100.06,18,purchase,0,2565,2,1.81,0
31.6,18,transfer,1,197,2,11.87,0
15.02,16,transfer,0,404,3,4.3,0
20.37,19,online,0,2515,1,9.77,0
24.68,7,purchase,0,1177,2,5.86,0
88.79,14,online,0,173,1,8.35,0
18.69,7,withdrawal,0,2823,2,7.81,0
44.18,13,purchase,0,2925,2,9.97,0
64.56,14,purchase,0,3501,1,36.5,0
85.79,17,purchase,0,2429,2,1.2,0
107.82,22,purchase,0,508,3,6.04,0
66.79,12,transfer,0,1190,1,46.58,0
59.16,15,purchase,0,990,1,0.92,0
9.24,12,withdrawal,0,1047,2,15.04,0
128.65,18,purchase,0,2739,3,20.89,0
53.54,9,transfer,0,117,2,37.58,0
102.55,18,withdrawal,0,1567,1,37.31,0
75.37,16,purchase,0,3193,3,1.68,0
49.91,20,transfer,0,317,3,44.34,0
13.48,19,withdrawal,0,1041,2,11.54,0
6.09,17,purchase,0,1813,1,11.44,0
27.9,6,purchase,1,1105,2,11.6,0
64.38,12,online,0,946,1,11.96,0
259.34,18,purchase,0,3327,4,0.27,0
45.48,7,purchase,0,2066,1,35.28,0
68.31,11,purchase,0,1760,1,11.55,0
148.09,7,purchase,0,579,3,31.03,0
13.5,11,purchase,0,2000,3,10.32,0
30.58,7,transfer,0,2207,1,48.53,0
25.51,8,withdrawal,0,1090,3,12.79,0
12.58,15,purchase,0,3329,1,9.66,0
95.08,17,online,0,1744,1,2.58,0
194.57,10,purchase,0,2097,0,20.57,0
40.9,10,purchase,0,994,5,2.14,0
73.98,7,withdrawal,0,1813,1,6.71,0
27.51,10,withdrawal,0,3370,1,24.22,0
75.81,13,purchase,0,744,4,13.04,0
17.79,19,purchase,0,467,1,0.68,0
14.01,18,purchase,0,3480,1,5.82,0
57.94,8,online,0,1788,1,11.23,0
20.67,15,purchase,0,409,2,20.31,0
355.05,17,online,0,3302,4,24.7,0
107.01,17,purchase,0,2515,1,17.98,0
63.8,19,purchase,0,893,3,66.96,0
69.62,7,online,0,1653,2,4.66,0
49.52,10,purchase,0,2595,1,36.3,0
118.0,12,purchase,0,3572,0,19.74,0
50.93,11,withdrawal,0,3310,0,13.8,0
28.35,6,purchase,0,792,3,30.15,0
91.35,9,purchase,0,2699,1,17.15,0
27.02,12,purchase,0,2197,1,14.77,0
105.4,7,withdrawal,0,3404,3,18.99,0
621.42,0,purchase,1,145,4,165.21,1
34.49,21,online,0,1739,4,12.86,0
70.74,17,purchase,0,153,0,5.7,0
32.39,8,purchase,0,3211,1,18.84,0
79.85,21,online,0,396,2,21.38,0
83.04,21,withdrawal,0,969,1,7.11,0
125.73,16,purchase,0,2765,1,6.13,0
280.92,8,online,0,280,1,28.98,0
278.32,19,withdrawal,0,2340,0,10.06,0
91.87,18,withdrawal,0,3408,2,6.92,0
127.47,17,transfer,0,889,4,38.9,0
36.29,6,purchase,0,1542,0,27.23,0
84.26,19,transfer,0,1679,4,6.37,0
42.81,16,purchase,0,1214,1,43.7,0
27.21,17,online,0,1075,2,24.66,0
63.58,14,withdrawal,0,423,1,25.75,0
155.75,14,purchase,0,328,4,12.5,0
97.55,22,purchase,0,3286,1,0.09,0
148.38,15,online,0,1353,4,0.4,0
98.58,18,purchase,0,2786,2,29.27,0
28.23,9,online,1,1591,2,7.39,0
17.65,21,purchase,0,654,1,8.56,0
112.62,18,purchase,0,1122,2,4.61,0
75.39,10,purchase,0,2169,0,34.46,0
89.89,11,online,0,1819,4,5.64,0
49.55,10,purchase,0,2171,1,1.85,0
44.9,8,purchase,0,1982,1,44.23,0
232.1,18,online,0,680,1,14.2,0
4.09,19,purchase,0,2204,1,2.4,0
71.62,7,purchase,0,1119,3,4.73,0
49.09,9,purchase,0,1659,1,0.42,0
21.33,18,purchase,0,1702,4,32.9,0
184.55,22,purchase,0,1462,3,7.75,0
39.53,13,transfer,0,3320,2,9.66,0
49.62,11,purchase,0,2780,4,22.52,0
14.84,7,purchase,0,2202,2,17.26,0
102.41,9,purchase,0,2549,1,10.64,0
64.14,14,withdrawal,0,1772,2,43.62,0
369.54,20,purchase,0,1220,3,4.73,0
83.53,6,transfer,0,3500,0,23.26,0
81.0,8,online,0,2634,2,12.93,0
3.55,20,transfer,0,1650,1,40.47,0
221.4,18,purchase,0,1312,2,8.34,0
29.73,17,purchase,0,2110,4,60.63,0
90.95,11,online,0,514,4,13.11,0
63.78,19,online,0,2655,3,10.61,0
23.08,21,withdrawal,0,912,2,6.75,0
164.07,10,purchase,0,54,0,2.64,0
22.46,20,purchase,0,390,2,2.26,0
61.62,9,transfer,0,2853,1,33.86,0
148.97,16,purchase,0,386,3,27.06,0
15.61,13,transfer,0,189,1,12.08,0
41.45,12,purchase,0,3359,1,13.02,0
19.22,15,online,0,322,4,10.17,0
123.76,15,purchase,1,1606,2,1.51,0
67.05,12,withdrawal,0,2110,1,8.98,0
5.77,22,withdrawal,0,1052,2,4.58,0
45.2,21,purchase,0,3250,1,11.39,0
37.61,21,withdrawal,0,1331,0,1.48,0
62.2,15,online,0,313,3,5.09,0
62.59,11,purchase,0,1750,4,17.44,0
71.76,17,purchase,0,3394,2,16.68,0
82.07,15,purchase,0,985,2,0.73,0
51.35,9,transfer,0,3281,4,9.28,0
73.35,10,withdrawal,0,1613,0,3.94,0
716.33,6,online,0,273,6,392.42,1
69.14,15,purchase,0,1602,1,7.37,0
88.7,22,withdrawal,0,2252,3,17.82,0
30.91,11,transfer,0,2343,2,12.69,0
47.23,7,online,1,161,1,8.29,0
154.24,22,purchase,0,1449,3,40.14,0
23.29,11,purchase,0,3102,2,22.57,0
84.29,7,transfer,0,2267,2,16.6,0
149.03,21,purchase,0,322,1,16.53,0
36.18,6,purchase,0,972,3,3.6,0
57.03,22,online,0,2090,3,7.98,0
72.17,11,online,0,2312,2,9.75,0
560.04,16,online,1,326,7,114.61,1
207.61,20,withdrawal,0,1661,4,2.61,0
20.64,12,transfer,0,557,3,26.79,0
35.39,15,withdrawal,0,327,4,2.99,0
60.35,21,withdrawal,0,818,1,9.77,0
256.16,6,withdrawal,0,541,5,1.89,0
71.66,18,withdrawal,0,489,2,21.35,0
58.02,16,purchase,0,1958,1,2.05,0
13.43,22,purchase,0,1649,3,53.07,0
88.71,13,withdrawal,0,1636,3,5.39,0
60.88,14,withdrawal,0,3592,5,18.54,0
121.87,9,purchase,0,3467,2,3.8,0
89.65,14,withdrawal,0,3005,5,15.46,0
9.17,11,purchase,0,307,0,6.78,0
74.48,22,transfer,0,3309,3,0.69,0
66.03,9,withdrawal,0,1617,2,6.15,0
106.99,14,online,0,609,5,0.01,0
111.19,10,withdrawal,0,1076,1,3.08,0
106.43,18,withdrawal,0,955,1,7.92,0
94.25,11,purchase,0,1651,3,5.21,0
80.12,16,online,0,2982,2,27.04,0
133.45,19,purchase,1,2829,3,11.68,0
35.73,21,purchase,0,3360,2,12.05,0
50.84,13,withdrawal,0,3283,1,36.41,0
13.66,12,purchase,0,3570,1,39.4,0
58.03,8,purchase,0,245,1,3.49,0
150.0,20,purchase,0,1706,2,13.71,0
42.51,18,online,0,2656,1,4.81,0
15.88,13,transfer,0,580,3,14.83,0
101.26,15,withdrawal,0,1046,3,6.72,0
50.25,22,online,0,2172,2,0.71,0
136.45,20,transfer,0,841,3,12.52,0
87.99,18,withdrawal,0,715,2,20.35,0
103.39,19,withdrawal,0,1248,1,0.28,0
11.1,12,transfer,0,2698,2,22.87,0
85.92,12,online,0,2728,3,47.3,0
37.38,20,purchase,0,979,1,5.96,0
21.26,21,transfer,0,857,3,36.68,0
38.45,9,purchase,0,2210,0,22.36,0
230.4,9,transfer,0,3407,0,24.58,0
147.29,20,purchase,0,3323,3,14.67,0
87.6,7,purchase,0,482,1,0.68,0
74.41,6,purchase,0,1988,2,4.34,0
81.47,16,purchase,0,1760,1,40.29,0
142.0,19,purchase,0,1980,0,22.37,0
66.69,20,online,0,2029,2,3.39,0
134.1,9,withdrawal,0,1569,1,18.41,0
13.84,21,online,0,3199,2,13.54,0
27.27,9,purchase,0,3065,0,43.64,0
85.55,22,online,0,615,5,39.59,0
92.7,18,purchase,1,1345,3,8.2,0
25.23,9,online,0,2044,3,12.59,0
166.49,19,withdrawal,0,2095,2,0.66,0
60.44,21,online,1,3029,2,30.68,0
22.68,7,purchase,0,1783,2,28.13,0
83.79,16,purchase,0,229,4,15.64,0
118.93,22,purchase,0,1397,1,37.63,0
66.11,18,purchase,1,3573,2,1.22,0
2.26,17,online,0,211,1,1.82,0
129.22,22,purchase,0,1498,2,0.7,0
52.58,16,purchase,1,138,1,13.79,0
174.71,6,online,0,2661,0,41.28,0
142.38,19,purchase,0,2213,2,5.02,0
137.65,22,purchase,0,2990,3,8.29,0
124.36,12,purchase,0,1931,2,19.28,0
78.63,10,purchase,0,1473,1,1.04,0
1240.71,1,withdrawal,0,181,7,71.63,1
171.14,18,withdrawal,0,68,0,29.48,0
33.85,17,purchase,0,3093,2,27.0,0
112.6,13,transfer,0,1818,7,10.24,0
16.26,10,transfer,0,471,2,16.27,0
17.42,18,online,0,358,3,1.15,0
99.02,19,purchase,0,161,0,4.17,0
60.82,6,transfer,0,3069,4,17.37,0
44.88,21,purchase,0,642,2,14.06,0
109.04,14,online,0,3536,1,17.55,0
99.66,21,purchase,0,1383,1,7.93,0
9.22,14,purchase,1,2600,2,14.18,0
22.21,11,purchase,0,1741,2,34.85,0
145.57,14,transfer,0,3203,2,16.64,0
72.93,11,purchase,0,1766,0,13.62,0
133.43,13,online,0,3438,2,7.96,0
21.93,22,online,1,2404,1,3.87,0
108.16,17,online,0,2830,3,20.0,0
174.5,11,purchase,0,2682,2,23.28,0
115.79,10,withdrawal,0,3002,1,5.86,0
23.3,7,purchase,0,3529,1,5.21,0
70.5,10,purchase,0,1562,1,22.27,0
9.43,15,online,0,698,5,6.7,0
121.22,19,online,0,813,1,24.93,0
58.91,11,purchase,0,1241,3,4.81,0
43.5,8,transfer,0,476,2,1.65,0
71.94,18,online,0,1991,1,37.38,0
114.61,15,purchase,0,1358,0,22.05,0
460.86,7,online,1,69,4,65.63,1
33.88,13,withdrawal,0,598,1,0.86,0
96.58,14,online,0,2477,4,15.41,0
51.82,14,purchase,0,942,0,7.46,0
37.56,10,online,0,2908,1,7.68,0
76.98,21,withdrawal,0,3647,3,41.88,0
60.55,14,purchase,0,2452,0,12.64,0
93.24,10,online,0,1110,2,3.0,0
52.67,6,online,0,3251,1,1.33,0
33.34,19,withdrawal,1,2437,1,8.82,0
115.45,14,transfer,0,3159,2,10.92,0
70.09,18,online,0,811,2,19.83,0
19.05,18,withdrawal,0,1340,1,24.59,0
85.56,12,withdrawal,0,744,7,1.61,0
75.39,13,purchase,0,2200,1,10.83,0
90.36,16,purchase,0,2202,1,11.32,0
43.63,6,purchase,0,1196,2,13.06,0
52.09,13,purchase,0,243,2,1.37,0
69.6,12,purchase,0,3510,1,1.3,0
128.2,10,purchase,0,2036,4,43.93,0
137.18,15,purchase,0,1474,1,12.55,0
125.38,8,transfer,0,2787,2,4.47,0
64.45,16,transfer,0,568,2,8.95,0
58.01,19,online,0,1918,1,10.57,0
183.32,11,withdrawal,0,3547,2,45.72,0
80.68,22,withdrawal,0,2477,2,0.71,0
30.03,8,withdrawal,0,425,0,7.46,0
216.59,21,purchase,0,1761,1,11.93,0
112.39,16,withdrawal,0,1581,2,11.09,0
66.0,7,purchase,0,1233,3,16.19,0
52.23,7,purchase,0,2787,2,7.32,0
18.72,13,purchase,0,205,1,2.9,0
31.1,10,purchase,0,3524,2,16.81,0
72.27,15,online,0,1508,4,77.86,0
45.59,17,withdrawal,1,355,3,2.4,0
89.28,8,online,1,1265,3,29.89,0
68.23,6,purchase,0,1212,2,4.36,0
58.06,10,purchase,1,1542,1,12.23,0
78.07,12,transfer,0,3514,0,13.54,0
61.52,18,purchase,0,3325,1,2.43,0
53.12,12,purchase,0,2563,1,6.33,0
89.74,7,purchase,0,528,1,37.27,0
130.73,18,purchase,0,1261,3,21.66,0
22.7,6,purchase,0,2400,1,16.07,0
141.39,20,purchase,0,1052,1,6.23,0
28.3,18,purchase,0,3531,3,8.34,0
44.08,14,purchase,0,188,2,15.3,0
57.05,15,online,0,2610,2,27.9,0
102.54,19,transfer,1,940,4,12.39,0
74.91,19,purchase,0,3425,2,13.14,0
112.66,16,purchase,0,967,3,32.01,0
105.71,14,purchase,0,3389,0,48.66,0
20.68,10,purchase,0,85,0,5.14,0
107.47,22,purchase,0,337,1,3.77,0
37.69,18,online,0,1986,5,1.27,0
121.7,8,purchase,0,684,3,10.68,0
26.14,12,transfer,0,2268,2,0.47,0
296.19,10,transfer,0,956,1,30.93,0
70.47,6,purchase,0,2966,6,1.13,0
104.19,15,online,0,1014,2,27.16,0
82.04,9,transfer,0,2399,1,13.18,0
24.75,17,withdrawal,0,1827,0,1.11,0
81.77,18,transfer,0,752,1,5.23,0
623.67,4,transfer,0,340,5,469.3,1
11.41,6,withdrawal,0,2935,2,4.03,0
141.28,11,purchase,0,1579,3,0.72,0
42.37,16,purchase,0,2097,2,12.47,0
26.99,16,purchase,0,626,1,21.65,0
73.82,9,transfer,0,343,2,67.3,0
113.39,22,purchase,0,445,2,3.9,0
87.66,9,transfer,0,1190,2,10.4,0
29.34,21,transfer,0,2868,6,2.28,0
23.35,17,purchase,0,3312,3,0.73,0
809.48,12,purchase,0,180,10,403.61,1
88.24,14,purchase,0,3149,2,35.68,0
34.28,15,online,1,2065,1,7.02,0
94.08,13,purchase,0,1070,3,30.2,0
43.68,6,withdrawal,0,3420,2,1.32,0
119.15,15,transfer,1,528,2,3.06,0
58.94,22,purchase,0,1172,2,9.2,0
502.39,2,purchase,1,147,6,488.98,1
57.99,13,purchase,0,2914,0,12.17,0
20.57,13,purchase,0,1277,1,3.67,0
46.07,6,purchase,0,353,3,10.72,0
65.96,6,withdrawal,0,280,0,13.18,0
30.67,10,purchase,0,999,1,6.0,0
36.79,16,withdrawal,0,2478,1,22.43,0
45.3,8,purchase,0,212,4,20.56,0
143.6,22,purchase,0,1307,5,9.28,0
18.81,6,transfer,0,2387,1,21.54,0
387.44,14,online,0,56,3,3.38,1
119.7,13,withdrawal,0,52,1,0.13,0
65.51,13,purchase,0,3176,2,17.29,0
36.5,6,withdrawal,0,2119,2,15.67,0
97.12,12,purchase,0,2514,2,5.05,0
80.82,20,transfer,0,1022,2,17.82,0
141.68,18,withdrawal,0,1033,3,13.1,0
73.86,6,transfer,0,2904,3,11.73,0
126.35,13,withdrawal,0,1116,4,73.01,0
20.04,17,purchase,0,432,3,8.01,0
15.4,15,online,0,219,2,17.93,0
119.33,7,withdrawal,0,2824,0,0.25,0
92.13,19,online,0,1734,3,2.74,0
110.43,11,withdrawal,0,2279,1,12.39,0
38.34,14,purchase,0,147,2,33.81,0
139.89,11,withdrawal,0,1064,4,23.79,0
166.44,22,purchase,1,1217,1,4.09,0
148.95,15,withdrawal,1,1186,3,55.48,0
49.86,18,purchase,0,1990,1,13.76,0
115.78,22,transfer,0,3475,1,11.37,0
108.96,8,purchase,0,2645,2,11.45,0
50.81,21,purchase,0,1762,2,29.43,0
26.43,13,purchase,0,1042,1,6.95,0
22.7,15,transfer,0,77,1,2.55,0
23.84,15,purchase,0,3530,3,10.43,0
74.25,22,withdrawal,0,2357,2,25.5,0
16.14,18,withdrawal,0,244,2,18.09,0
117.69,20,transfer,0,2793,0,7.92,0
14.34,10,purchase,0,805,2,1.57,0
89.67,17,online,0,422,3,23.51,0
31.94,9,purchase,0,88,0,34.09,0
23.93,12,withdrawal,0,858,5,1.0,0
135.97,22,transfer,0,2566,3,3.64,0
32.06,11,online,0,1600,2,10.64,0
124.42,9,purchase,0,1079,1,0.74,0
89.03,14,purchase,0,1674,5,12.7,0
144.6,22,purchase,0,3183,0,3.46,0
51.04,11,withdrawal,0,2239,2,15.14,0
106.74,19,transfer,0,2757,2,11.83,0
14.1,12,transfer,0,3152,3,6.08,0
80.35,12,purchase,0,2228,2,19.94,0
49.49,10,purchase,0,3508,6,2.04,0
10.4,8,transfer,0,948,2,39.84,0
15.96,20,online,0,426,5,5.27,0
85.85,7,withdrawal,0,665,2,17.39,0
26.54,22,purchase,0,314,4,4.08,0
37.03,22,online,0,931,0,8.58,0
86.44,8,online,1,3597,1,14.99,0
29.2,18,purchase,0,1079,2,12.86,0
19.38,6,online,0,2228,3,7.02,0
8.74,7,purchase,0,1537,2,30.65,0
64.45,18,withdrawal,0,1286,1,4.07,0
64.13,6,purchase,0,661,3,33.65,0
26.5,12,withdrawal,0,82,1,7.33,0
20.39,6,withdrawal,0,1708,4,3.0,0
33.48,21,purchase,0,1241,0,20.76,0
89.36,17,withdrawal,0,346,3,2.93,0
29.22,12,online,0,1985,0,7.74,0
33.09,6,withdrawal,0,2181,3,6.84,0
22.7,11,transfer,0,589,2,19.43,0
141.49,18,purchase,0,3641,2,4.69,0
80.46,8,transfer,0,524,3,10.44,0
159.7,9,transfer,0,3121,2,47.83,0
172.18,17,purchase,0,1909,2,23.11,0
639.66,1,transfer,1,183,4,4.7,1
251.81,13,purchase,0,1916,5,4.62,0
74.77,14,purchase,0,1892,2,11.68,0
40.84,12,purchase,0,2727,2,2.39,0
85.47,12,purchase,0,1626,4,1.12,0
69.48,12,purchase,0,3109,2,1.21,0
123.36,18,withdrawal,0,1184,2,2.06,0
19.25,11,online,0,2083,2,64.35,0
168.91,9,purchase,0,114,3,37.81,0
101.93,14,transfer,0,3503,2,3.17,0
54.06,6,online,0,676,0,14.16,0
62.16,14,purchase,0,2195,2,3.94,0
301.51,17,withdrawal,0,469,0,6.96,0
40.59,7,online,0,1383,1,6.53,0
247.51,17,withdrawal,0,1740,3,2.66,0
131.12,8,purchase,0,2794,2,5.85,0
32.64,9,purchase,0,1700,3,6.43,0
45.83,21,purchase,0,1455,1,5.63,0
24.06,12,purchase,0,472,0,2.26,0
27.65,7,purchase,0,1728,0,17.2,0
13.51,8,purchase,0,1940,3,7.39,0
191.52,4,purchase,0,269,6,79.07,1
232.39,20,purchase,1,30,1,15.44,0
80.06,8,purchase,0,1975,4,2.86,0
16.42,20,withdrawal,0,2677,0,17.79,0
59.86,19,purchase,0,1015,4,8.21,0
33.16,7,online,1,1987,1,20.71,0
5.64,8,withdrawal,0,1796,3,6.4,0
86.4,18,purchase,0,3289,1,7.55,0
53.37,13,purchase,0,3096,1,30.1,0
14.85,18,online,0,773,2,4.79,0
190.8,14,online,0,2604,2,10.56,0
188.13,11,purchase,0,278,1,31.1,0
47.69,11,withdrawal,0,3006,2,1.53,0
431.34,5,online,0,144,5,59.57,1
14.99,10,online,0,1510,1,74.7,0
79.91,7,purchase,0,2459,6,14.41,0
187.32,9,withdrawal,0,1449,2,22.92,0
76.72,22,purchase,0,48,3,2.13,0
27.83,11,transfer,0,754,2,18.2,0
65.52,16,purchase,0,1094,1,29.79,0
32.82,21,purchase,0,421,3,1.62,0
74.38,7,online,0,353,3,24.82,0
66.78,7,transfer,0,2925,3,1.12,0
26.64,14,purchase,0,2425,1,4.07,0
69.2,13,purchase,0,788,3,7.84,0
46.35,9,purchase,0,1232,1,7.37,0
247.14,17,online,0,1340,5,34.66,0
149.76,6,transfer,0,756,0,0.0,0
40.43,21,purchase,0,2594,1,1.56,0
141.79,8,purchase,0,1697,1,3.21,0
31.14,22,transfer,0,110,1,12.68,0
17.15,8,purchase,0,3345,1,3.83,0
80.1,22,purchase,0,3462,4,32.29,0
77.45,11,purchase,0,3555,1,2.96,0
135.04,16,purchase,0,1429,4,49.15,0
34.5,17,purchase,0,2538,1,7.64,0
39.48,7,purchase,0,1807,0,0.95,0
119.43,17,transfer,0,1770,2,31.95,0
58.9,21,transfer,0,3460,2,2.81,0
63.82,10,purchase,0,3059,0,8.23,0
12.97,6,transfer,0,2700,1,15.87,0
67.2,11,purchase,0,1103,2,30.42,0
37.36,20,withdrawal,0,2803,6,14.26,0
14.28,9,purchase,0,257,5,6.38,0
100.08,21,online,1,1858,3,3.87,0
236.32,13,withdrawal,0,1475,3,19.51,0
125.2,21,purchase,0,2116,2,25.49,0
140.97,12,purchase,0,1874,1,10.01,0
94.43,10,transfer,0,383,3,25.36,0
59.93,8,purchase,0,2667,3,33.55,0
73.73,7,transfer,0,613,2,24.13,0
20.31,14,purchase,0,2207,2,6.83,0
1496.74,4,online,0,15,2,42.81,1
123.66,15,online,0,1808,2,0.29,0
168.45,13,online,0,2966,3,3.38,0
74.15,18,purchase,0,2175,3,29.77,0
89.98,9,transfer,0,643,3,2.37,0
28.02,6,purchase,0,606,3,9.69,0
29.71,21,purchase,0,2187,2,8.4,0
83.38,14,purchase,0,2106,2,3.55,0
78.75,13,online,0,2110,2,3.25,0
74.51,7,transfer,0,1054,1,39.41,0
124.29,7,purchase,0,2347,2,51.45,0
79.22,14,purchase,0,64,2,0.07,0
27.89,8,purchase,0,3351,4,2.39,0
38.72,17,purchase,0,2214,1,10.5,0
25.14,16,transfer,0,3367,1,1.19,0
61.74,22,purchase,0,1723,2,14.61,0
22.48,17,purchase,0,780,1,18.23,0
80.08,18,transfer,0,722,4,35.61,0
73.84,6,withdrawal,0,1100,0,47.82,0
24.86,12,transfer,0,1340,3,5.97,0
35.68,9,purchase,0,2871,3,1.59,0
219.62,22,withdrawal,0,3081,1,0.04,0
35.28,8,withdrawal,0,1886,1,1.66,0
90.15,15,transfer,0,3338,1,11.58,0
58.45,17,transfer,0,1372,3,11.09,0
25.7,10,withdrawal,0,3585,0,28.51,0
21.91,17,purchase,0,2161,6,18.43,0
92.86,6,withdrawal,0,2846,2,5.82,0
45.47,16,purchase,1,226,0,33.39,0
6.0,6,online,0,2740,5,2.61,0
55.69,9,purchase,0,3341,2,19.73,0
10.92,11,withdrawal,0,1825,3,94.13,0
16.23,11,withdrawal,0,1767,1,19.65,0
24.48,14,purchase,0,383,2,0.35,0
19.26,11,transfer,0,651,1,3.5,0
90.71,10,withdrawal,0,3018,0,17.39,0
15.08,14,online,0,1962,2,0.84,0
80.78,14,withdrawal,0,1120,2,5.95,0
102.56,8,purchase,0,3030,1,11.95,0
44.24,8,withdrawal,0,1415,2,14.23,0
470.57,17,purchase,0,1392,3,2.06,0
11.84,16,purchase,0,2741,3,0.29,0
125.4,21,purchase,0,2875,2,11.2,0
1373.92,10,online,1,122,6,112.5,1
61.0,19,purchase,0,1571,3,6.41,0
80.04,21,withdrawal,0,3580,3,13.43,0
35.2,8,purchase,0,259,4,22.95,0
165.99,22,purchase,0,3418,1,3.12,0
49.65,11,purchase,0,471,2,7.69,0
831.02,5,purchase,1,38,6,346.47,1
19.06,6,online,0,3495,4,22.02,0
44.39,10,purchase,0,340,3,42.4,0
26.89,9,online,0,380,3,9.2,0
30.39,15,purchase,0,143,2,2.24,0
80.92,8,online,0,2942,2,22.14,0
129.51,21,purchase,0,2350,1,12.48,0
56.98,17,purchase,0,2663,3,49.31,0
121.08,12,withdrawal,0,807,0,19.52,0
85.75,21,purchase,0,34,0,6.16,0
58.68,17,transfer,0,827,4,12.87,0
74.56,19,purchase,0,1371,1,1.64,0
8.89,17,transfer,0,3278,3,4.98,0
84.36,12,purchase,0,3593,5,22.33,0
37.81,14,purchase,0,167,3,30.96,0
33.58,18,withdrawal,0,1132,2,22.07,0
29.55,12,purchase,0,443,3,17.74,0
88.6,10,purchase,0,2928,1,1.84,0
118.09,15,purchase,0,1144,2,17.07,0
11.2,10,online,0,407,1,16.37,0
91.31,7,transfer,0,2591,4,2.78,0
145.84,22,withdrawal,0,3394,2,1.6,0
62.02,20,purchase,0,2563,1,6.13,0
134.89,10,withdrawal,0,2912,1,16.46,0
61.09,13,purchase,0,1067,4,21.53,0
55.94,13,purchase,0,1456,1,8.7,0
9.74,16,purchase,0,664,0,14.95,0
344.54,14,online,0,557,0,4.35,0
16.9,15,online,0,2242,0,0.41,0
68.08,20,transfer,0,1182,1,20.66,0
288.5,5,online,1,138,5,50.31,1
40.27,10,purchase,0,3240,2,19.84,0
20.97,8,online,0,2910,1,10.97,0
15.91,18,purchase,0,3034,1,3.69,0
50.72,10,withdrawal,0,1438,3,28.9,0
213.82,20,transfer,0,1235,4,0.21,0
93.4,11,withdrawal,0,959,0,10.05,0
50.94,16,online,0,377,2,30.63,0
136.54,13,online,0,393,2,40.27,0
51.26,10,purchase,0,746,1,4.16,0
39.44,15,transfer,0,3620,0,7.36,0
88.37,21,purchase,0,2195,2,6.64,0
55.19,7,purchase,0,1506,2,7.46,0
75.42,11,purchase,0,3550,1,33.29,0
31.12,10,purchase,0,798,3,1.83,0
24.9,16,purchase,0,3639,3,50.0,0
146.13,7,online,0,1439,0,14.03,0
272.6,22,transfer,0,3538,1,1.31,0
53.26,21,withdrawal,0,505,1,2.42,0
90.39,7,purchase,0,3258,3,15.08,0
12.03,10,transfer,0,303,4,0.38,0
20.39,8,transfer,0,3081,1,9.68,0
25.26,7,online,0,3303,1,0.08,0
55.09,10,online,0,763,1,19.28,0
48.35,18,transfer,0,3354,1,1.44,0
19.69,21,purchase,0,1517,7,0.51,0
83.51,21,purchase,0,252,5,3.61,0
54.7,19,purchase,0,3416,3,24.92,0
21.72,14,withdrawal,0,3218,2,3.34,0
32.31,18,online,0,72,0,4.22,0
116.76,12,purchase,0,1427,1,26.41,0
40.34,16,purchase,0,1506,3,9.11,0
56.25,18,online,0,683,4,23.54,0
68.56,7,transfer,0,2874,2,10.91,0
63.69,22,purchase,0,578,2,11.58,0
81.08,11,purchase,0,1190,0,2.56,0
28.05,22,withdrawal,0,2043,0,20.25,0
901.26,1,purchase,1,287,8,691.2,1
32.58,14,purchase,0,2983,2,2.34,0
41.2,19,purchase,0,1880,2,3.37,0
172.94,18,online,0,1535,3,42.99,0
54.8,9,transfer,0,3417,2,33.56,0
46.04,16,purchase,0,2041,4,12.48,0
36.8,8,purchase,0,216,5,0.06,0
24.64,15,purchase,0,1931,2,0.43,0
54.62,16,withdrawal,0,1114,3,11.9,0
60.95,10,withdrawal,0,3092,3,4.31,0
830.95,13,withdrawal,1,56,5,138.1,1
47.74,19,purchase,0,2866,2,24.14,0
111.89,18,purchase,0,2471,3,0.02,0
17.86,18,purchase,0,2237,3,19.98,0
212.38,16,withdrawal,0,1263,2,17.78,0
82.12,8,purchase,1,3353,1,7.69,0
14.81,10,purchase,0,2508,3,3.31,0
73.7,15,purchase,0,2397,2,2.73,0
39.34,13,transfer,0,2328,0,30.58,0
110.38,16,withdrawal,0,1374,3,6.5,0
95.99,13,withdrawal,0,1200,3,1.8,0
84.92,15,purchase,0,42,4,54.12,0
70.37,22,transfer,0,3098,3,23.5,0
91.29,11,purchase,0,3282,1,17.84,0
156.63,10,withdrawal,0,3231,1,9.29,0
353.73,6,online,0,132,6,78.58,1
37.21,7,withdrawal,0,3331,1,3.81,0
104.02,21,online,0,2591,0,7.33,0
60.25,9,purchase,0,1215,0,24.95,0
44.33,12,purchase,0,2124,9,18.16,0
104.43,13,transfer,1,2451,2,6.4,0
36.72,12,purchase,0,3005,3,12.47,0
78.33,6,purchase,0,3591,1,7.22,0
61.5,13,purchase,0,2577,6,0.62,0
39.22,19,transfer,0,1853,4,27.67,0
74.66,15,purchase,0,332,1,10.81,0
5.05,20,withdrawal,0,2831,3,7.07,0
83.81,21,purchase,0,1999,0,7.26,0
19.22,18,purchase,0,490,2,45.8,0
99.74,16,transfer,0,240,3,0.48,0
66.37,8,withdrawal,0,1048,1,12.09,0
55.18,7,transfer,0,1065,2,15.45,0
39.29,11,withdrawal,1,213,3,22.45,0
99.36,14,transfer,0,2017,2,1.26,0
392.51,14,online,1,153,6,166.66,1
21.74,8,purchase,0,578,2,11.6,0
75.45,11,withdrawal,0,2357,3,77.34,0
50.26,9,purchase,0,2967,3,10.23,0
134.51,6,purchase,0,3399,1,4.85,0
196.89,15,purchase,0,3035,1,20.99,0
52.81,13,purchase,0,2344,3,14.49,0
131.21,20,online,0,545,5,6.77,0
46.05,14,purchase,0,1148,3,2.53,0
98.88,20,purchase,0,319,1,8.55,0
130.83,22,purchase,0,95,4,7.92,0
44.16,12,purchase,0,413,2,7.07,0
78.38,13,withdrawal,0,1764,4,28.54,0
38.92,11,purchase,1,759,4,20.56,0
135.91,8,purchase,0,395,1,8.85,0
27.8,9,purchase,0,343,2,47.34,0
225.72,7,purchase,0,3581,3,1.34,0
80.03,20,transfer,0,827,3,21.54,0
20.47,12,purchase,0,614,0,34.66,0
240.04,18,purchase,0,1511,3,21.46,0
299.53,21,transfer,0,3062,1,20.52,0
92.05,8,purchase,0,1552,2,0.07,0
12.38,14,purchase,0,1575,2,42.49,0
68.77,15,purchase,0,2435,3,8.83,0
56.48,20,purchase,0,1493,2,20.94,0
59.21,9,purchase,0,3590,3,74.17,0
129.4,19,purchase,0,128,1,4.52,0
49.57,7,purchase,0,2489,1,3.23,0
134.47,13,purchase,0,838,2,5.58,0
128.73,12,online,0,2405,1,8.96,0
810.6,18,purchase,1,328,5,1266.49,1
115.67,9,transfer,0,2358,2,3.6,0
77.74,17,purchase,0,1225,5,58.4,0
47.67,9,purchase,0,1721,3,28.32,0
28.82,13,online,0,892,1,4.17,0
75.13,13,purchase,0,3198,1,16.35,0
41.85,17,online,0,1675,2,1.51,0
67.67,8,online,0,1889,1,2.22,0
25.28,18,withdrawal,0,3608,3,2.37,0
27.98,15,purchase,0,464,1,9.83,0
23.0,19,purchase,0,1867,1,3.84,0
15.68,12,withdrawal,0,1431,1,9.47,0
98.96,11,withdrawal,0,3519,1,16.72,0
120.39,6,withdrawal,0,316,3,10.57,0
89.73,7,withdrawal,0,993,6,18.13,0
73.55,19,purchase,0,3513,3,14.82,0
52.49,8,purchase,0,834,3,7.11,0
142.34,15,transfer,0,2713,1,56.92,0
71.95,20,purchase,0,2128,1,16.57,0
88.46,17,withdrawal,0,2690,2,10.61,0
371.32,3,transfer,1,360,3,106.97,1
58.56,6,purchase,0,2185,2,5.86,0
84.88,19,online,0,1935,3,12.02,0
63.7,12,online,0,3243,0,1.41,0
93.47,20,purchase,0,2096,2,0.8,0
66.76,20,online,0,1896,2,23.01,0
68.15,9,purchase,0,484,4,3.65,0
92.72,18,transfer,1,1589,2,6.77,0
65.19,10,online,0,1159,3,2.41,0
79.04,9,purchase,0,2924,2,19.99,0
48.28,6,transfer,1,2607,4,24.83,0
58.54,11,withdrawal,0,2176,1,3.54,0
70.15,22,withdrawal,0,2093,1,12.59,0
93.52,8,purchase,0,3021,2,46.93,0
7.74,6,purchase,0,2852,0,35.76,0
114.89,10,withdrawal,0,1886,1,13.15,0
276.0,19,withdrawal,0,767,2,3.43,0
913.15,0,withdrawal,1,306,3,37.69,1
8.1,15,withdrawal,0,3191,2,35.35,0
66.57,9,withdrawal,0,193,3,0.53,0
100.07,11,online,0,342,2,0.1,0
71.11,6,withdrawal,0,3490,2,0.76,0
27.54,10,purchase,0,464,1,34.37,0
68.52,21,purchase,0,2225,2,3.54,0
86.29,20,transfer,0,2340,3,33.17,0
37.0,10,online,0,909,3,12.08,0
48.74,18,purchase,0,2866,1,24.26,0
59.01,21,purchase,0,3478,3,14.79,0
65.41,14,withdrawal,0,3060,2,2.58,0
1213.72,4,online,0,256,5,145.21,1
29.2,8,purchase,0,2399,6,27.28,0
62.74,15,online,0,3130,0,0.18,0
49.79,14,purchase,0,2931,1,18.85,0
91.47,10,online,0,3126,2,10.73,0
115.39,21,purchase,0,2933,1,6.17,0
56.77,16,purchase,0,3045,1,13.41,0
9.27,6,purchase,0,3285,1,2.71,0
78.41,19,purchase,0,575,1,24.04,0
133.21,15,purchase,0,3232,2,12.44,0
32.77,22,transfer,0,1013,1,11.95,0
406.38,4,online,0,156,5,284.93,1
84.08,12,transfer,0,1018,6,30.25,0
96.92,10,online,0,3515,0,0.67,0
69.52,17,withdrawal,0,365,0,7.85,0
175.18,17,purchase,0,501,3,41.76,0
23.55,15,purchase,0,1420,1,30.07,0
51.77,7,purchase,0,2099,4,5.02,0
72.95,22,transfer,0,1266,1,21.61,0
63.01,8,purchase,0,2634,2,20.4,0
39.58,13,purchase,0,1926,3,0.96,0
141.64,18,withdrawal,0,1233,3,44.76,0
119.1,22,purchase,0,801,3,3.89,0
246.41,8,purchase,1,195,4,26.67,1
39.65,8,purchase,0,1880,3,12.78,0
142.44,8,purchase,0,123,0,11.79,0
86.88,7,withdrawal,0,238,4,9.16,0
69.4,22,purchase,0,2613,1,18.58,0
58.19,22,withdrawal,0,2592,4,33.46,0
46.14,16,online,0,2839,4,4.94,0
41.55,17,online,0,878,1,29.2,0
176.35,6,online,0,889,2,19.84,0
22.67,21,purchase,0,1695,2,21.33,0
64.77,18,purchase,0,3080,0,14.79,0
125.12,21,withdrawal,0,1748,3,9.06,0
47.9,8,purchase,0,3447,1,14.53,0
16.93,20,transfer,0,3395,6,31.25,0
72.87,8,online,0,2197,2,3.58,0
16.93,9,transfer,0,2630,3,8.54,0
28.63,22,purchase,0,1169,0,23.21,0
33.72,11,transfer,0,1399,2,15.18,0
15.7,12,purchase,0,3199,2,28.66,0
16.57,6,purchase,0,1698,1,17.48,0
21.64,10,purchase,0,1095,4,15.5,0
88.87,9,purchase,0,2648,4,5.72,0
70.47,16,transfer,0,2247,2,14.44,0
36.21,7,purchase,0,505,2,7.28,0
26.51,14,transfer,0,1345,1,5.29,0
55.41,7,purchase,0,527,1,6.92,0
86.65,21,transfer,1,2559,1,3.77,0
133.57,14,online,0,127,2,12.44,0
31.37,6,purchase,0,1240,4,14.82,0
131.9,6,purchase,0,260,3,24.12,0
22.7,12,transfer,0,2279,1,16.78,0
212.64,2,transfer,1,198,6,14.17,1
33.33,6,purchase,0,2013,4,5.33,0
30.12,10,purchase,0,843,0,6.72,0
113.69,15,purchase,1,1745,4,4.09,0
179.87,14,online,1,284,7,183.48,1
54.98,15,withdrawal,0,405,5,8.64,0
67.16,8,online,1,3400,4,19.95,0
55.37,20,transfer,0,2200,1,14.85,0
82.0,10,purchase,0,2157,4,4.03,0
134.96,8,purchase,0,566,1,3.35,0
69.46,14,purchase,0,837,1,13.03,0
34.82,9,withdrawal,0,2375,2,15.63,0
80.88,9,purchase,0,550,2,2.22,0
807.79,4,withdrawal,1,324,7,180.03,1
127.6,9,purchase,0,3423,4,10.39,0
134.44,19,withdrawal,0,2546,3,12.11,0
73.43,16,online,0,1648,3,4.69,0
57.66,22,purchase,0,626,0,0.62,0
2086.38,3,online,0,315,3,7.34,1
110.92,18,purchase,0,2377,3,3.05,0
73.7,7,transfer,0,2741,3,7.8,0
11.28,19,withdrawal,0,2458,2,22.59,0
89.34,16,purchase,0,1868,0,39.4,0
467.57,8,online,1,67,5,88.39,1
55.69,16,purchase,0,3139,0,5.65,0
116.77,18,purchase,0,1931,4,3.42,0
178.94,17,transfer,0,2805,2,13.67,0
247.18,17,withdrawal,0,138,3,16.47,0
305.29,18,purchase,0,1896,1,7.24,0
98.98,15,transfer,0,2357,2,34.14,0
11.42,16,withdrawal,1,2386,1,1.4,0
67.54,21,purchase,0,3582,1,1.94,0
44.57,12,transfer,0,1702,4,8.63,0
117.16,6,withdrawal,0,248,1,3.61,0
400.37,7,purchase,0,1678,2,1.06,0
56.42,6,transfer,0,1307,0,18.06,0
20.89,22,transfer,0,1135,0,12.48,0
23.46,13,withdrawal,0,945,0,7.47,0
116.04,6,transfer,0,936,3,1.11,0
94.67,15,purchase,0,3154,2,5.33,0
41.73,21,transfer,0,1927,2,4.06,0
86.71,11,withdrawal,0,1767,0,34.26,0
60.09,19,purchase,0,3088,2,11.57,0
28.36,16,withdrawal,0,1929,3,2.3,0
45.69,20,withdrawal,0,1831,0,56.35,0
48.8,18,online,0,2222,3,14.35,0
182.72,17,purchase,0,864,1,1.58,0
214.51,7,purchase,0,1561,1,20.01,0
60.56,10,online,0,1183,0,15.25,0
28.64,15,purchase,0,402,0,6.43,0
64.23,13,withdrawal,0,1681,2,32.25,0
2.16,18,purchase,0,1819,3,5.06,0
7.07,17,withdrawal,0,3015,2,1.86,0
224.27,19,online,0,1918,2,10.62,0
92.71,13,transfer,0,2117,2,18.75,0
51.61,17,purchase,0,931,3,1.44,0
70.12,17,purchase,1,3506,2,21.84,0
86.39,13,purchase,0,165,2,9.45,0
780.81,1,purchase,1,24,1,1259.38,1
58.97,7,purchase,0,828,2,42.93,0
65.23,10,purchase,0,918,2,1.37,0
1890.37,7,online,0,65,7,53.73,1
292.99,9,withdrawal,0,3174,1,5.17,0
99.88,22,purchase,0,3394,2,15.15,0
90.02,17,purchase,0,2793,2,7.94,0
123.48,21,withdrawal,0,196,5,44.53,0
235.1,11,transfer,0,2799,2,8.85,0
36.88,10,transfer,0,2380,1,0.9,0
14.59,6,purchase,1,711,2,22.71,0
143.85,20,withdrawal,0,1936,1,32.82,0
340.53,15,purchase,0,761,2,41.61,0
28.42,6,withdrawal,0,1351,4,5.39,0
69.41,9,online,0,2363,1,45.64,0
55.58,10,withdrawal,0,1175,1,2.72,0
145.35,13,transfer,1,2073,0,0.07,0
32.48,6,purchase,0,2869,1,31.06,0
105.44,7,purchase,0,2330,2,3.7,0
82.61,22,withdrawal,0,946,1,22.8,0
67.2,18,purchase,0,1728,3,10.23,0
65.99,16,purchase,0,3263,2,5.07,0
12.91,8,online,0,940,7,2.38,0
45.45,16,transfer,0,3505,5,8.69,0
83.87,22,purchase,0,2533,2,2.23,0
61.78,9,purchase,0,1097,3,4.09,0
93.18,9,transfer,0,2203,2,8.85,0
36.34,13,purchase,0,1485,1,2.37,0
46.82,16,withdrawal,0,3314,3,1.02,0
52.08,18,purchase,0,1129,3,1.39,0
76.32,18,transfer,0,3553,0,1.94,0
79.43,15,transfer,0,3452,1,28.02,0
71.36,9,withdrawal,1,542,5,1.3,0
19.65,17,online,0,2529,1,37.96,0
85.53,16,transfer,0,1517,3,12.61,0
48.82,22,purchase,0,1351,2,9.64,0
245.35,6,online,0,63,2,10.4,0
38.39,15,withdrawal,0,2011,1,20.68,0
14.47,11,transfer,0,455,1,2.03,0
184.99,15,purchase,0,1868,3,4.18,0
40.75,19,withdrawal,0,770,1,19.84,0
64.38,21,purchase,0,745,2,2.98,0
141.2,17,online,0,1419,5,3.07,0
98.47,7,online,0,635,3,8.72,0
44.5,17,withdrawal,0,1681,0,16.93,0
157.69,13,withdrawal,0,1510,1,12.52,0
36.56,14,purchase,0,1280,3,7.52,0
12.41,12,purchase,0,2442,4,16.77,0
103.75,15,purchase,1,943,1,10.98,0
37.74,22,purchase,0,356,2,10.88,0
61.93,11,online,0,2906,0,5.68,0
43.59,21,online,0,2667,3,33.25,0
226.01,12,purchase,0,2140,4,21.99,0
97.08,22,purchase,0,258,5,45.97,0
122.29,15,purchase,0,1204,1,13.03,0
46.9,20,purchase,1,2059,3,20.42,0
63.64,10,purchase,0,2236,4,25.3,0
53.51,15,withdrawal,0,2282,3,0.78,0
53.58,16,purchase,0,485,1,11.83,0
97.33,12,withdrawal,0,2738,3,15.63,0
71.02,19,purchase,0,690,1,2.1,0
116.64,6,transfer,0,1029,0,3.01,0
266.27,18,online,0,1572,2,19.86,0
78.98,19,purchase,0,1529,4,6.47,0
45.04,9,purchase,0,457,4,32.12,0
88.93,20,purchase,1,647,2,3.87,0
245.61,22,online,0,3606,3,1.2,0
158.46,16,online,0,956,1,9.15,0
277.63,22,transfer,0,1647,3,12.48,0
31.72,18,withdrawal,1,1756,1,19.84,0
24.44,12,purchase,0,1311,3,3.1,0
1024.81,4,online,0,362,10,830.4,1
61.39,21,purchase,0,1610,1,7.16,0
81.22,7,purchase,0,2242,2,1.49,0
40.74,15,purchase,0,1483,2,2.45,0
170.97,18,online,0,839,2,9.56,0
75.16,21,transfer,0,2346,2,15.14,0
18.82,10,purchase,0,2386,1,2.56,0
64.37,17,withdrawal,0,2990,2,7.14,0
124.28,7,transfer,0,3075,4,22.14,0
76.25,17,purchase,0,1661,1,27.35,0
122.59,6,withdrawal,0,433,2,9.03,0
59.01,13,withdrawal,0,3230,1,3.99,0
178.05,9,purchase,0,2872,0,23.01,0
162.66,14,withdrawal,0,46,3,2.26,0
46.7,19,withdrawal,0,45,2,2.75,0
38.05,19,purchase,0,1364,5,24.97,0
37.09,14,online,0,3092,1,22.4,0
90.86,18,purchase,1,1176,2,14.04,0
110.6,16,transfer,0,2648,2,21.42,0
63.82,15,transfer,0,2936,1,2.27,0
247.05,17,transfer,1,388,0,15.48,0
163.77,19,purchase,0,1894,1,4.25,0
630.04,12,online,1,303,7,110.63,1
78.87,19,withdrawal,0,129,0,13.5,0
108.99,17,withdrawal,0,3132,2,7.75,0
83.08,19,transfer,0,775,0,1.65,0
37.82,11,purchase,0,2929,1,1.01,0
89.54,19,withdrawal,0,769,5,22.81,0
472.68,23,online,0,46,3,434.15,1
180.54,17,purchase,0,1477,0,5.75,0
51.17,10,purchase,0,813,2,0.46,0
50.52,19,purchase,0,3624,0,24.44,0
41.45,14,withdrawal,0,893,5,28.99,0
63.56,17,purchase,0,568,0,9.29,0
37.97,22,purchase,0,1907,2,13.4,0
87.81,10,purchase,0,2566,2,6.73,0
72.14,10,purchase,0,3553,2,0.37,0
172.38,21,purchase,0,1469,1,1.96,0
39.51,13,purchase,0,2978,0,0.21,0
11.55,9,purchase,0,2879,1,3.78,0
57.61,8,online,0,352,4,6.97,0
123.7,16,withdrawal,0,1165,2,7.7,0
137.27,18,withdrawal,0,2748,0,19.94,0
134.04,18,online,0,2138,1,1.63,0
10.01,8,purchase,0,669,0,0.01,0
1083.94,1,withdrawal,0,295,5,98.26,1
10.03,10,purchase,0,503,2,23.01,0
684.44,18,transfer,0,108,4,1519.8,1
161.07,17,withdrawal,0,494,1,47.78,0
27.17,20,purchase,0,363,3,6.16,0
18.96,15,purchase,0,1948,2,30.23,0
16.29,19,purchase,1,419,0,6.07,0
28.74,15,purchase,0,1351,2,19.54,0
39.53,21,online,0,1490,4,0.97,0
35.11,22,transfer,0,3097,2,15.74,0
91.55,22,purchase,0,2263,1,16.65,0
26.24,8,purchase,0,2449,3,3.41,0
90.31,10,purchase,0,2582,2,28.81,0
33.45,7,purchase,0,1991,2,1.52,0
25.23,17,transfer,0,2965,3,9.46,0
78.46,20,purchase,0,3337,2,11.59,0
51.25,9,online,0,293,1,6.92,0
67.04,11,purchase,0,369,1,2.75,0
51.78,11,transfer,0,2553,0,48.26,0
64.85,14,online,0,653,2,15.33,0
79.53,6,purchase,0,2463,2,13.24,0
259.41,6,online,0,1031,3,37.08,0
91.98,10,purchase,1,3155,1,1.9,0
75.46,18,purchase,0,3635,2,0.02,0
25.89,11,purchase,0,3034,3,31.01,0
14.8,15,purchase,0,38,2,50.63,0
44.4,14,purchase,0,1922,4,17.66,0
119.98,7,purchase,0,265,1,10.53,0
78.09,22,purchase,0,3478,1,19.37,0
121.73,18,withdrawal,0,578,0,4.05,0
33.57,10,online,0,2193,3,6.28,0
135.94,11,purchase,0,2717,1,15.2,0
110.34,9,withdrawal,0,52,5,29.48,0
357.34,10,purchase,0,2679,1,38.81,0
93.71,16,online,0,916,0,7.06,0
251.81,21,withdrawal,0,216,1,13.29,0
151.39,17,purchase,0,1646,4,6.53,0
219.69,15,purchase,0,958,1,1.22,0
66.54,13,purchase,0,3454,3,20.32,0
72.35,7,withdrawal,0,2570,0,70.99,0
34.3,7,purchase,0,1493,7,26.0,0
33.09,8,online,0,2091,3,9.98,0
136.5,18,purchase,0,431,2,4.1,0
88.46,20,online,0,3139,1,20.44,0
33.34,8,purchase,0,509,2,6.3,0
32.78,21,purchase,0,3207,1,39.42,0
26.36,14,purchase,0,3233,3,5.82,0
20.84,14,purchase,0,679,4,10.91,0
10.93,8,withdrawal,0,2439,3,15.84,0
38.28,8,online,0,269,4,49.4,0
85.87,19,withdrawal,0,1305,2,27.2,0
19.09,16,purchase,0,1102,0,32.54,0
299.54,13,online,0,316,8,100.77,1
81.85,15,purchase,0,3302,2,5.1,0
100.68,15,purchase,0,2789,0,13.97,0
213.12,7,withdrawal,0,1821,3,10.77,0
39.3,12,purchase,0,428,2,6.38,0
85.3,16,purchase,0,174,3,3.52,0
58.94,13,purchase,0,1954,0,9.47,0
69.29,22,purchase,0,496,4,13.03,0
208.48,11,purchase,0,884,5,0.46,0
37.42,6,purchase,0,748,0,3.58,0
198.01,12,purchase,1,2084,2,5.23,0
30.31,16,purchase,1,3429,1,70.95,0
38.59,10,transfer,0,870,2,15.55,0
162.57,22,purchase,0,1500,4,2.86,0
9.51,9,transfer,0,233,4,11.3,0
31.74,7,purchase,0,2598,1,24.19,0
185.74,9,withdrawal,0,957,2,27.48,0
87.61,21,online,0,3386,1,13.2,0
99.2,7,purchase,0,3018,0,10.51,0
71.42,9,transfer,0,2429,2,10.96,0
46.45,16,online,0,527,0,10.27,0
13.01,8,online,0,1548,1,10.3,0
108.34,13,online,1,272,3,10.75,0
30.61,20,purchase,1,498,2,26.89,0
76.72,11,purchase,0,3096,6,0.6,0
182.53,18,purchase,0,1886,1,6.48,0
64.7,19,withdrawal,0,1015,4,1.24,0
128.65,21,online,0,3000,2,16.3,0
7.49,10,purchase,0,1594,1,8.87,0
21.08,11,purchase,0,3520,0,7.18,0
80.58,21,transfer,0,287,5,8.4,0
19.25,21,withdrawal,0,1967,1,5.03,0
122.84,20,purchase,0,2713,3,23.24,0
11.18,12,withdrawal,0,912,1,15.59,0
49.1,21,transfer,1,2883,4,5.17,0
18.21,16,online,0,3568,0,15.8,0
36.85,11,transfer,0,3057,3,24.9,0
42.1,6,purchase,0,2302,1,40.44,0
13.13,22,purchase,0,1978,3,27.44,0
76.87,14,purchase,0,3049,3,16.54,0
50.04,21,purchase,0,1955,0,39.42,0
117.68,11,withdrawal,0,1977,5,65.0,0
90.33,22,online,0,2542,3,19.66,0
115.15,11,purchase,0,2188,3,18.65,0
74.01,7,transfer,1,1916,0,6.01,0
122.16,14,purchase,0,3522,3,16.46,0
41.4,13,transfer,0,1884,0,18.49,0
104.89,8,purchase,0,3453,2,2.01,0
132.93,14,purchase,0,1580,1,12.15,0
61.34,15,withdrawal,0,1878,2,31.24,0
28.49,9,purchase,0,165,3,4.3,0
71.12,21,transfer,0,1957,6,9.98,0
214.4,19,transfer,0,2966,1,8.84,0
115.57,10,purchase,0,723,2,1.64,0
94.84,18,transfer,0,277,1,9.05,0
74.71,19,transfer,0,2736,4,30.42,0
35.96,22,transfer,0,1811,1,2.6,0
52.54,6,online,0,1852,1,21.17,0
23.12,17,online,0,755,3,0.39,0
67.41,10,purchase,0,2355,0,17.39,0
131.6,20,purchase,0,2951,1,12.32,0
119.57,7,purchase,0,918,3,35.05,0
76.65,14,purchase,0,1017,2,14.63,0
908.26,20,withdrawal,1,316,2,56.57,1
33.06,10,transfer,0,2863,2,14.77,0
101.85,17,withdrawal,0,945,1,5.43,0
12.59,19,purchase,0,3629,4,29.36,0
179.12,8,withdrawal,0,1484,1,38.36,0
74.88,8,withdrawal,0,3118,1,31.67,0
23.49,7,purchase,0,3126,1,3.41,0
1191.19,4,purchase,1,160,4,122.6,1
26.73,7,purchase,0,459,2,2.16,0
117.53,19,purchase,0,1510,2,4.49,0
172.21,6,withdrawal,0,3189,1,17.12,0
158.3,21,withdrawal,0,459,2,5.89,0
38.1,8,purchase,0,2808,4,14.59,0
92.0,18,withdrawal,0,2692,2,10.18,0
43.61,10,transfer,0,1318,3,38.68,0
112.09,22,purchase,0,3277,2,36.21,0
113.63,21,purchase,0,2762,5,25.4,0
31.76,6,purchase,0,1244,1,8.53,0
5.85,7,purchase,0,869,2,6.39,0
4.3,10,online,0,393,1,33.63,0
69.63,21,purchase,0,2754,1,8.46,0
8.6,11,online,0,1964,3,13.7,0
52.45,10,online,0,2064,2,2.24,0
124.03,8,withdrawal,0,3213,3,3.61,0
22.42,16,purchase,1,1396,1,35.93,0
39.81,11,online,0,2282,4,7.47,0
116.34,16,online,1,2084,3,1.16,0
144.29,21,purchase,0,641,2,12.99,0
103.38,14,withdrawal,0,2341,2,2.0,0
74.49,20,purchase,0,1518,1,141.25,0
41.7,18,withdrawal,0,683,2,68.21,0
18.71,13,withdrawal,0,3236,1,1.0,0
95.15,15,purchase,0,2276,2,32.48,0
82.22,12,withdrawal,0,1487,2,1.18,0
24.58,15,purchase,0,1398,1,15.94,0
23.67,16,online,0,3636,2,6.47,0
262.38,17,withdrawal,0,241,1,16.75,0
53.77,11,withdrawal,0,1743,6,3.43,0
20.24,8,online,0,1078,3,16.2,0
363.44,0,transfer,1,316,8,187.44,1
65.72,22,purchase,0,63,3,43.34,0
74.16,17,purchase,0,1321,1,21.17,0
60.96,15,purchase,0,2200,4,11.75,0
77.54,22,withdrawal,0,2979,1,7.6,0
62.83,14,transfer,0,1994,1,80.09,0
210.66,13,purchase,0,927,3,60.62,0
94.65,15,online,0,1892,2,1.16,0
84.22,12,transfer,0,612,1,16.1,0
183.15,9,withdrawal,1,3262,0,35.82,0
50.51,9,purchase,0,3484,4,8.9,0
5.57,20,online,0,1938,1,11.08,0
51.22,9,transfer,0,2056,1,2.49,0
61.01,20,transfer,0,2187,2,27.16,0
72.03,15,purchase,1,3580,2,0.44,0
308.44,2,transfer,1,266,9,792.79,1
66.64,8,purchase,0,423,2,3.03,0
113.34,15,purchase,0,622,3,4.45,0
15.02,13,online,0,3167,0,0.81,0
99.67,21,purchase,0,2947,3,18.91,0
42.44,20,purchase,0,2548,1,1.95,0
128.31,21,purchase,0,1880,4,7.53,0
115.45,20,online,0,1887,1,9.82,0
63.64,12,online,0,1662,0,8.65,0
97.26,15,purchase,0,2899,1,35.52,0
117.26,17,purchase,0,921,0,2.12,0
71.69,21,purchase,0,1840,3,6.12,0
168.88,15,purchase,0,1052,2,14.05,0
21.12,10,purchase,0,2787,6,28.22,0
74.47,6,withdrawal,0,2303,3,1.33,0
28.75,6,transfer,0,726,0,53.57,0
51.46,14,transfer,0,3331,5,22.63,0
47.89,6,withdrawal,0,1203,2,5.25,0
68.26,6,purchase,0,68,0,34.04,0
83.83,14,purchase,0,2816,1,34.89,0
12.01,11,withdrawal,0,1313,4,17.04,0
55.69,9,purchase,0,3444,0,9.86,0
29.37,13,purchase,0,1568,1,25.74,0
159.41,13,transfer,0,1499,2,5.42,0
37.23,6,purchase,0,571,3,7.32,0
52.03,10,transfer,0,1123,5,7.68,0
29.83,13,withdrawal,0,3445,1,10.83,0
87.94,22,purchase,0,1980,5,0.6,0
91.49,16,withdrawal,0,3245,2,17.48,0
71.07,15,purchase,0,411,3,3.99,0
73.78,19,purchase,0,1162,0,0.05,0
51.7,19,withdrawal,0,223,0,4.88,0
70.79,22,withdrawal,0,2245,3,10.32,0
141.27,16,withdrawal,0,265,5,17.17,0
38.71,7,purchase,0,34,0,4.78,0
104.37,18,withdrawal,0,808,2,28.8,0
89.14,11,online,0,3156,2,10.9,0
69.43,6,purchase,0,2179,2,24.54,0
70.63,15,purchase,0,1297,5,28.98,0
37.73,7,purchase,0,2997,2,2.79,0
827.57,8,withdrawal,1,273,8,106.93,1
507.96,19,online,1,301,4,188.53,1
95.33,22,purchase,0,945,2,38.97,0
78.93,7,withdrawal,0,1703,4,35.04,0
17.87,21,withdrawal,0,1950,2,5.82,0
50.01,17,purchase,0,809,0,7.85,0
40.44,20,withdrawal,0,3607,2,5.86,0
6.33,22,online,0,2224,2,4.11,0
8.04,13,purchase,0,2760,2,1.19,0
122.31,18,online,0,738,3,9.38,0
38.49,22,withdrawal,0,549,2,18.72,0
153.18,10,withdrawal,0,1084,6,5.82,0
117.5,6,online,0,1842,1,5.62,0
85.31,17,transfer,0,2506,0,32.17,0
50.76,6,online,0,258,3,10.22,0
335.54,18,online,0,343,6,39.15,1
55.51,11,purchase,0,3462,0,21.42,0
51.94,21,online,0,3515,2,15.09,0
306.25,3,online,1,227,4,140.6,1
10.13,20,purchase,0,1357,2,14.52,0
65.71,14,purchase,0,254,0,3.92,0
126.9,20,withdrawal,0,1245,2,9.44,0
27.82,12,purchase,0,3488,3,10.87,0
14.62,16,purchase,0,1657,2,6.91,0
61.82,9,withdrawal,0,2447,3,18.4,0
114.06,15,online,0,89,4,0.14,0
11.15,9,online,1,1405,2,21.79,0
20.9,6,withdrawal,0,2705,3,8.68,0
64.52,6,purchase,0,1238,1,7.2,0
72.56,11,transfer,0,247,1,24.23,0
96.19,14,purchase,0,1289,0,34.94,0
41.75,13,purchase,0,1389,0,68.82,0
90.93,6,purchase,0,2632,1,11.31,0
89.84,7,withdrawal,1,2705,4,19.8,0
169.1,17,online,0,454,3,18.5,0
46.17,9,purchase,0,2155,2,3.34,0
10.7,22,purchase,0,3094,2,33.18,0
34.26,10,transfer,0,254,3,7.13,0
29.73,13,withdrawal,0,1551,0,1.41,0
112.97,16,purchase,0,141,2,1.26,0
77.72,10,purchase,0,3613,1,4.5,0
90.02,7,purchase,0,1376,1,10.39,0
98.88,8,purchase,0,2913,1,14.1,0
61.76,7,purchase,0,2123,4,10.04,0
23.13,9,withdrawal,0,3318,2,16.75,0
1186.67,11,withdrawal,1,186,8,235.33,1
87.64,12,purchase,0,3044,2,5.62,0
24.5,15,transfer,0,1717,2,16.47,0
116.71,22,purchase,0,2215,4,0.99,0
16.14,9,online,0,3075,4,4.51,0
102.83,20,withdrawal,0,3500,3,19.83,0
121.67,12,purchase,0,1385,0,27.86,0
73.4,10,transfer,0,3247,2,25.47,0
228.79,20,withdrawal,0,2527,1,3.03,0
44.76,6,purchase,0,65,1,1.63,0
38.22,10,purchase,0,2851,2,1.43,0
206.14,9,purchase,0,2572,2,18.33,0
25.17,15,online,0,926,5,40.17,0
141.72,20,withdrawal,0,1955,2,14.89,0
110.14,18,withdrawal,0,2881,2,2.64,0
121.32,17,purchase,0,2135,1,21.38,0
129.96,18,transfer,0,3006,3,8.65,0
31.39,6,withdrawal,0,3175,4,1.36,0
56.71,9,withdrawal,0,1142,6,6.52,0
6.96,12,purchase,0,1948,2,8.16,0
134.93,22,purchase,0,446,2,21.9,0
166.3,21,online,0,3034,1,7.49,0
13.42,17,purchase,0,1372,0,19.37,0
69.2,17,withdrawal,0,705,1,2.48,0
33.31,9,purchase,1,840,0,15.81,0
11.16,8,withdrawal,0,3642,2,4.43,0
133.84,12,purchase,0,2874,2,33.68,0
77.94,18,online,0,1563,1,31.93,0
27.45,17,online,0,2900,1,0.99,0
49.83,21,transfer,0,1539,1,3.34,0
35.46,9,purchase,0,909,0,17.66,0
52.99,16,purchase,0,2648,1,43.47,0
34.02,6,purchase,0,2541,6,9.52,0
6.95,11,withdrawal,0,2931,4,14.03,0
79.89,9,withdrawal,1,2438,1,42.92,0
24.61,12,online,0,244,0,1.34,0
9.47,20,purchase,0,190,2,1.23,0
29.6,11,online,0,1240,2,11.99,0
1266.63,1,online,1,108,4,93.47,1
127.7,15,withdrawal,0,1448,0,5.55,0
95.97,21,purchase,0,214,4,9.99,0
65.86,9,transfer,0,3604,5,15.6,0
43.16,21,purchase,0,1704,2,2.5,0
51.4,16,withdrawal,0,2984,1,25.45,0
152.26,15,purchase,0,2745,1,14.08,0
131.32,11,purchase,0,3072,3,13.73,0
37.15,18,purchase,0,2855,2,25.07,0
86.26,9,purchase,0,567,2,23.62,0
96.12,18,purchase,0,965,3,21.91,0
178.07,17,purchase,0,1552,2,0.53,0
1002.32,12,transfer,1,168,7,435.12,1
74.37,9,purchase,1,1504,3,41.96,0
135.68,11,transfer,0,1062,4,49.26,0
69.69,10,online,0,325,1,22.98,0
113.42,21,purchase,0,242,0,10.43,0
36.43,17,transfer,0,1094,3,54.68,0
41.33,17,purchase,0,189,3,13.02,0
33.38,14,withdrawal,0,1531,1,8.08,0
113.25,19,purchase,0,3215,3,15.72,0
84.18,20,purchase,0,1440,0,1.22,0
4.3,9,purchase,0,2699,3,8.91,0
21.66,13,withdrawal,0,2561,1,14.09,0
182.94,15,withdrawal,1,165,3,8.82,0
38.79,16,online,0,1344,1,0.63,0
250.17,10,transfer,0,1973,2,0.15,0
27.93,7,withdrawal,0,1309,2,22.12,0
46.87,9,purchase,0,2912,4,25.49,0
190.85,19,purchase,0,1462,0,6.16,0
44.29,20,online,0,1258,4,0.92,0
129.88,11,purchase,0,536,0,7.49,0
34.64,15,purchase,0,2751,2,4.21,0
15.58,14,purchase,0,2631,0,25.14,0
18.92,12,online,0,1912,2,17.67,0
307.29,20,purchase,0,2571,1,18.68,0
49.76,20,purchase,0,1329,1,3.35,0
160.82,8,purchase,0,1440,2,12.55,0
110.78,17,withdrawal,0,1026,1,9.34,0
37.67,11,transfer,0,1694,1,36.15,0
87.32,9,purchase,0,3567,1,6.01,0
31.63,16,transfer,0,2452,0,7.4,0
88.13,12,purchase,0,1466,1,10.53,0
27.37,8,purchase,0,2127,1,42.83,0
9.42,11,transfer,0,2969,0,6.33,0
90.78,18,purchase,0,1779,3,1.03,0
75.41,10,transfer,0,983,5,6.12,0
112.57,15,online,0,2423,2,19.81,0
21.79,17,purchase,0,1303,2,13.86,0
66.22,6,purchase,0,2665,1,4.53,0
4.52,22,purchase,0,1211,0,3.18,0
158.91,14,transfer,0,2243,4,10.76,0
90.2,12,purchase,0,3227,4,0.14,0
37.94,8,online,0,170,2,16.85,0
60.03,17,purchase,0,373,3,17.21,0
201.12,10,purchase,0,1906,2,13.92,0
14.14,6,online,0,2752,4,7.78,0
131.98,11,purchase,0,3148,2,13.44,0
149.77,7,withdrawal,0,1490,1,37.62,0
17.54,16,purchase,0,3494,4,4.63,0
85.58,7,purchase,0,402,4,3.59,0
99.84,18,withdrawal,0,1912,2,1.44,0
282.27,20,purchase,0,2757,2,5.52,0
41.56,6,purchase,0,677,3,59.81,0
167.78,13,online,0,155,2,11.06,0
42.17,14,withdrawal,0,2547,0,6.19,0
69.91,22,online,0,226,3,9.48,0
65.77,7,withdrawal,0,1384,1,27.05,0
130.6,9,online,0,341,4,11.97,0
172.02,8,online,0,373,1,20.24,0
210.11,14,purchase,0,2769,5,29.41,0
61.1,21,withdrawal,0,1796,1,0.92,0
146.05,13,purchase,0,581,2,4.93,0
273.68,8,purchase,0,3489,2,1.21,0
71.43,10,purchase,0,171,2,1.4,0
73.03,17,purchase,1,2368,2,2.47,0
2.94,6,withdrawal,0,3612,2,7.38,0
236.54,17,purchase,0,1830,1,25.55,0
29.78,22,purchase,0,3227,2,27.8,0
40.74,16,purchase,1,767,2,15.14,0
40.8,20,purchase,0,2552,1,4.26,0
280.61,18,purchase,0,2797,4,7.11,0
94.63,22,withdrawal,0,2844,1,13.5,0
94.99,14,withdrawal,0,1717,3,0.87,0
12.12,21,withdrawal,0,312,3,16.91,0
289.56,11,purchase,0,2921,3,20.02,0
24.29,12,purchase,0,1837,2,31.0,0
9.36,20,online,0,2816,3,3.84,0
22.1,19,withdrawal,0,1331,5,3.06,0
11.46,21,withdrawal,0,1962,1,51.33,0
15.83,15,online,0,1390,2,6.59,0
33.41,16,purchase,0,3238,1,13.28,0
35.53,16,purchase,0,1632,0,15.01,0
34.94,11,online,0,1580,1,13.51,0
21.99,12,withdrawal,0,3600,1,10.61,0
14.16,10,purchase,0,1411,2,3.89,0
44.94,19,purchase,0,2673,1,15.07,0
107.07,12,purchase,0,935,2,1.17,0
27.17,21,purchase,0,885,3,18.7,0
89.46,10,purchase,0,2817,1,13.38,0
66.26,9,withdrawal,0,3210,1,81.18,0
85.06,13,transfer,0,2010,3,0.28,0
152.21,20,purchase,0,2340,1,11.24,0
42.55,17,purchase,1,1738,3,2.24,0
117.1,6,purchase,0,887,3,12.33,0
7.69,13,withdrawal,0,2853,3,5.76,0
189.97,14,purchase,0,3342,1,1.26,0
28.82,9,online,0,1665,2,1.24,0
20.15,6,purchase,0,222,5,27.12,0
60.94,9,purchase,0,2854,1,2.63,0
45.69,20,purchase,0,1225,1,3.37,0
65.44,14,purchase,1,1328,2,34.05,0
187.43,19,purchase,0,1693,3,5.5,0
138.54,11,transfer,0,1187,2,6.47,0
77.35,15,transfer,0,3200,1,12.22,0
129.53,11,transfer,0,478,0,15.95,0
91.15,14,online,0,630,2,7.6,0
278.92,7,online,0,568,1,6.27,0
81.45,11,purchase,0,3314,5,5.98,0
85.23,8,purchase,0,806,4,13.2,0
140.57,20,withdrawal,0,263,3,0.71,0
27.73,12,purchase,0,3626,1,0.45,0
78.75,7,purchase,0,666,3,12.95,0
101.17,18,withdrawal,1,642,4,26.4,0
112.23,15,withdrawal,0,512,3,8.99,0
617.95,9,transfer,1,251,6,2576.28,1
142.78,14,purchase,0,994,2,1.49,0
79.45,16,withdrawal,0,2909,3,0.17,0
114.27,7,transfer,0,2922,4,19.98,0
128.89,17,online,0,1154,2,5.06,0
63.36,15,withdrawal,0,2256,0,17.43,0
216.64,8,purchase,0,3138,2,13.05,0
147.66,10,transfer,0,2625,1,66.71,0
41.94,12,purchase,0,1147,0,8.56,0
123.62,17,transfer,0,1265,3,8.46,0
38.33,6,purchase,0,1250,1,19.57,0
88.76,10,purchase,0,2382,1,3.78,0
1359.54,4,online,0,328,5,85.32,1
192.29,17,purchase,0,125,2,1.76,0
93.47,10,purchase,0,1810,3,31.06,0
93.08,17,purchase,0,2603,3,35.77,0
71.83,12,transfer,0,84,3,2.0,0
83.3,17,purchase,0,272,0,0.42,0
18.13,8,transfer,0,1450,1,12.44,0
153.96,20,transfer,0,223,2,1.37,0
74.76,11,withdrawal,0,1811,2,23.47,0
81.23,9,withdrawal,0,2000,0,6.47,0
100.3,20,withdrawal,0,3261,1,28.66,0
74.72,15,purchase,0,1489,2,0.83,0
78.87,9,transfer,0,1942,1,22.33,0
25.74,11,purchase,0,1234,3,1.15,0
40.03,20,purchase,0,383,1,17.81,0
73.94,13,purchase,0,1360,2,1.03,0
132.3,17,purchase,0,759,3,3.21,0
119.62,17,online,0,3472,4,65.23,0
157.97,12,withdrawal,0,1644,3,19.4,0
15.4,10,online,0,1626,6,20.62,0
77.98,21,purchase,0,514,1,41.62,0
106.72,6,transfer,0,478,1,13.02,0
3.71,11,purchase,0,1083,0,12.94,0
82.15,13,transfer,0,1825,1,54.32,0
234.95,18,transfer,0,2464,2,4.66,0
19.23,22,purchase,0,2701,1,8.37,0
38.68,17,purchase,0,3639,1,2.13,0
1343.74,13,online,1,25,8,989.74,1
31.94,18,withdrawal,0,279,4,49.19,0
702.79,19,online,0,130,12,1327.68,1
79.31,6,purchase,0,3458,3,1.25,0
149.58,13,purchase,0,2616,0,1.5,0
11.27,19,purchase,0,1530,1,36.63,0
105.8,19,withdrawal,0,2232,1,27.1,0
19.51,13,transfer,0,3492,0,26.57,0
106.41,8,purchase,0,281,2,10.31,0
51.52,21,purchase,0,352,4,5.54,0
62.18,6,purchase,0,1630,0,18.29,0
80.74,18,purchase,0,396,1,0.4,0
81.71,8,transfer,0,2364,0,31.27,0
25.67,17,purchase,0,3462,1,13.62,0
201.38,11,purchase,0,2892,2,8.0,0
55.06,14,purchase,0,2965,0,13.98,0
30.19,20,purchase,0,1357,0,2.13,0
112.79,13,purchase,0,3453,4,7.59,0
26.66,15,purchase,0,1177,0,1.75,0
23.23,16,purchase,0,1531,1,4.12,0
56.65,17,transfer,0,2362,4,22.01,0
50.14,12,transfer,0,3473,3,41.21,0
58.68,9,online,0,3512,5,5.53,0
50.76,22,online,0,1714,4,19.0,0
97.39,6,withdrawal,1,3100,2,4.29,0
122.29,19,purchase,0,2578,0,10.8,0
186.5,8,purchase,0,1622,2,45.07,0
41.1,19,purchase,0,2471,1,7.81,0
33.79,19,transfer,0,1008,4,44.13,0
19.63,12,online,1,3064,0,14.55,0
141.49,18,online,0,3092,0,1.91,0
45.45,17,purchase,0,1063,2,47.01,0
18.25,12,purchase,0,2355,3,21.0,0
115.78,9,online,0,2152,2,1.96,0
90.77,8,transfer,0,1652,3,26.77,0
44.97,21,purchase,0,1713,1,1.65,0
74.77,21,purchase,0,2372,1,0.45,0
83.01,8,online,0,3269,2,33.14,0
126.88,15,online,0,2568,1,1.89,0
253.84,8,transfer,0,2213,1,24.45,0
58.79,18,purchase,0,1381,1,11.17,0
64.25,16,purchase,0,2111,1,4.1,0
29.01,12,transfer,0,2076,2,3.34,0
42.69,9,withdrawal,0,661,3,1.93,0
31.87,14,transfer,0,1164,3,6.8,0
111.74,11,purchase,1,3128,3,17.47,0
115.89,15,purchase,0,2670,1,31.3,0
33.47,17,purchase,0,2980,2,9.14,0
31.59,9,withdrawal,0,2753,1,22.79,0
39.75,10,withdrawal,0,2631,1,33.35,0
76.42,20,purchase,0,530,1,61.67,0
36.86,17,transfer,0,1510,2,36.58,0
107.33,8,transfer,0,1545,3,45.85,0
14.56,22,withdrawal,0,1171,1,1.01,0
50.44,19,withdrawal,0,1489,3,50.2,0
56.55,15,purchase,0,2342,3,0.76,0
863.29,19,transfer,0,347,7,518.77,1
43.15,13,online,0,3115,0,5.83,0
41.52,8,purchase,0,3262,3,6.11,0
1.19,18,transfer,0,1210,2,4.33,0
65.86,13,purchase,1,3355,1,6.07,0
47.0,14,withdrawal,0,1987,5,0.46,0
172.1,22,online,0,2193,0,49.45,0
76.38,6,transfer,0,2301,2,0.32,0
80.31,20,purchase,1,2421,1,5.18,0
19.14,20,online,0,3016,1,7.25,0
352.13,14,purchase,1,2181,2,1.91,0
128.54,8,purchase,0,1487,3,3.33,0
127.04,18,purchase,0,2204,2,20.86,0
148.57,6,purchase,0,87,1,15.41,0
167.54,7,transfer,0,2618,1,1.87,0
185.04,20,purchase,0,1225,1,15.98,0
204.37,14,purchase,0,2599,1,7.26,0
49.73,8,transfer,0,2564,1,13.72,0
35.62,14,online,0,2318,2,4.09,0
78.68,20,purchase,0,3495,3,38.99,0
180.16,15,withdrawal,1,952,3,5.76,0
187.31,12,withdrawal,0,1068,0,33.79,0
90.93,7,purchase,0,671,1,6.86,0
99.23,22,withdrawal,0,3334,2,5.65,0
20.21,12,transfer,0,1799,2,3.13,0
31.48,11,transfer,0,1185,4,13.81,0
21.83,6,transfer,0,3119,2,1.41,0
121.96,11,online,0,234,2,3.0,0
53.49,16,online,0,3491,1,70.04,0
66.57,18,purchase,1,122,1,33.03,0
57.52,11,transfer,0,2446,4,1.25,0
101.86,11,purchase,0,1983,3,12.78,0
30.76,21,online,0,2706,3,30.1,0
75.99,13,online,0,2191,0,1.79,0
135.57,21,transfer,0,2871,1,30.69,0
48.6,9,purchase,0,883,1,11.81,0
24.35,14,online,0,1874,1,26.98,0
16.26,22,online,0,2618,4,18.06,0
74.59,18,purchase,0,2779,0,7.31,0
79.96,9,withdrawal,0,2144,3,3.22,0
66.37,17,transfer,0,1462,1,15.01,0
29.04,11,withdrawal,0,1438,1,4.14,0
107.65,10,purchase,0,757,0,15.41,0
108.33,18,purchase,0,421,0,32.75,0
76.5,17,online,0,2736,3,4.95,0
12.79,20,purchase,0,879,3,16.82,0
87.74,6,withdrawal,0,1078,1,1.44,0
100.36,10,online,0,1891,2,14.64,0
12.42,17,withdrawal,0,2342,2,1.28,0
88.82,12,withdrawal,0,3607,3,2.0,0
238.67,13,purchase,0,1082,1,10.94,0
16.36,22,purchase,0,1895,1,1.54,0
118.53,7,online,0,3263,0,10.79,0
164.37,14,online,0,304,2,5.48,0
27.14,7,withdrawal,0,3367,0,49.04,0
1297.72,17,online,1,349,8,573.75,1
10.18,8,purchase,1,2365,5,1.9,0
137.63,8,withdrawal,0,1336,2,1.67,0
152.41,18,purchase,0,1468,0,27.65,0
117.55,12,purchase,0,2993,0,7.92,0
30.13,15,purchase,1,2742,3,9.4,0
137.51,19,purchase,0,2311,0,11.0,0
58.92,12,withdrawal,0,1099,1,7.81,0
143.85,15,withdrawal,0,1066,3,4.06,0
32.7,8,withdrawal,0,2939,2,20.21,0
32.71,10,online,0,2574,2,6.44,0
69.09,10,withdrawal,0,2104,1,75.36,0
223.69,14,withdrawal,0,2122,1,17.95,0
76.69,19,withdrawal,0,1632,1,3.5,0
124.65,15,transfer,0,3528,0,16.21,0
23.31,10,online,0,3168,1,9.95,0
67.52,17,online,0,2942,3,12.21,0
30.78,19,online,1,105,3,2.37,0
118.79,9,purchase,0,1341,2,12.57,0
66.94,18,purchase,0,132,1,22.26,0
35.1,8,transfer,0,3021,2,23.12,0
113.77,12,purchase,0,1626,1,5.61,0
102.81,16,transfer,0,1338,4,2.8,0
187.13,6,purchase,0,3444,3,9.13,0
134.13,11,transfer,0,2391,3,18.09,0
20.31,20,purchase,0,3121,3,17.12,0
71.26,12,purchase,0,2632,4,3.71,0
266.33,13,online,0,2478,2,31.86,0
25.86,10,withdrawal,0,3164,2,6.28,0
132.47,22,online,0,3370,3,25.52,0
97.26,22,purchase,0,2542,0,16.3,0
12.13,22,withdrawal,0,3640,3,5.23,0
361.94,4,transfer,0,340,3,42.68,1
16.82,10,online,0,1378,6,4.92,0
46.67,18,online,0,2357,2,3.85,0
85.8,9,online,0,2276,2,1.85,0
228.24,7,purchase,0,577,2,18.33,0
34.61,22,purchase,0,2227,2,10.76,0
122.36,9,online,0,250,6,1.14,0
81.94,8,purchase,0,500,1,15.03,0
51.77,8,withdrawal,0,1247,1,29.53,0
122.94,18,online,0,36,4,15.9,0
472.58,7,withdrawal,1,43,4,327.41,1
27.31,10,online,0,3041,0,24.08,0
179.9,7,online,0,2767,3,10.52,0
39.19,21,withdrawal,0,1581,3,48.56,0
204.68,16,purchase,0,3201,2,29.3,0
127.48,13,transfer,0,3468,0,5.37,0
37.97,13,purchase,0,2788,2,1.16,0
114.82,10,withdrawal,0,415,3,27.3,0
72.81,21,withdrawal,1,2391,0,17.61,0
75.87,9,withdrawal,0,3070,2,70.59,0
85.98,13,purchase,0,532,0,28.09,0
100.32,19,withdrawal,0,2393,2,7.03,0
39.16,9,purchase,0,148,1,14.75,0
13.83,20,purchase,0,2766,3,19.65,0
42.12,8,purchase,0,1715,3,10.85,0
55.19,10,purchase,0,1917,2,2.52,0
53.81,14,online,0,3060,3,17.26,0
63.62,8,purchase,0,2163,4,9.78,0
61.8,12,online,0,366,2,26.35,0
33.46,19,purchase,0,3154,2,12.02,0
72.14,9,transfer,0,436,3,2.24,0
110.22,18,transfer,0,309,1,19.97,0
647.51,23,transfer,0,348,6,124.05,1
152.72,7,purchase,0,2672,1,22.72,0
99.58,21,online,0,129,1,27.67,0
59.61,8,purchase,0,2438,4,4.34,0
273.2,12,online,0,1599,1,2.52,0
65.42,15,purchase,0,262,1,2.32,0
85.75,20,purchase,0,1506,1,4.3,0
125.42,14,purchase,0,919,2,7.85,0
85.51,19,withdrawal,0,3534,1,2.06,0
85.45,16,transfer,0,2381,0,1.92,0
163.45,17,purchase,0,2952,3,3.38,0
24.35,21,transfer,0,1880,0,22.47,0
113.95,21,purchase,0,1772,2,9.68,0
152.51,11,online,0,1483,0,17.99,0
39.3,18,purchase,0,3564,2,21.23,0
1364.54,5,online,0,207,6,77.78,1
63.78,11,purchase,1,942,1,19.46,0
99.82,20,withdrawal,1,2507,2,8.22,0
30.75,19,purchase,0,1104,2,54.93,0
44.02,18,purchase,0,3502,0,40.33,0
186.68,6,transfer,0,1322,2,22.25,0
66.05,8,purchase,0,1702,4,19.67,0
11.87,10,withdrawal,0,1117,0,17.33,0
125.04,7,purchase,0,2743,2,1.39,0
39.65,12,purchase,0,2377,1,3.17,0
75.81,9,withdrawal,0,383,1,9.19,0
19.28,21,purchase,0,1946,2,10.24,0
102.1,17,withdrawal,0,2318,2,34.77,0
80.11,9,purchase,0,269,2,10.85,0
75.36,22,purchase,0,2234,3,1.95,0
61.08,13,online,0,1561,2,10.66,0
206.72,20,online,0,182,2,1.44,0
33.2,20,online,0,2357,1,11.24,0
175.53,19,withdrawal,1,3511,1,2.49,0
10.98,6,transfer,0,461,1,21.85,0
977.66,1,online,1,293,4,71.35,1
204.87,19,purchase,0,2644,2,13.94,0
118.76,16,transfer,0,1323,1,4.92,0
16.0,13,purchase,0,1042,3,3.93,0
88.9,12,purchase,0,2435,1,53.38,0
111.28,13,withdrawal,0,956,3,14.26,0
188.69,21,purchase,0,1922,2,1.87,0
77.09,7,purchase,0,2615,0,5.69,0
64.51,20,purchase,0,2054,2,11.38,0
84.93,21,transfer,0,3173,2,6.41,0
50.41,9,online,0,1170,4,20.57,0
44.2,21,purchase,0,1948,4,29.95,0
67.04,16,transfer,0,220,3,41.27,0
217.72,19,purchase,0,557,0,1.45,0
33.03,6,withdrawal,0,2762,1,15.34,0
40.14,9,withdrawal,0,327,2,27.51,0
10.52,10,purchase,0,87,3,0.41,0
24.98,14,purchase,0,1922,1,2.62,0
98.04,18,withdrawal,0,3031,1,9.49,0
120.18,19,transfer,0,1190,2,9.7,0
68.37,6,purchase,0,3297,1,4.41,0
20.08,13,purchase,0,1350,1,43.68,0
75.89,11,online,0,386,1,6.98,0
36.32,10,transfer,0,129,2,0.98,0
100.58,13,purchase,0,751,0,0.53,0
93.87,11,withdrawal,0,3383,3,48.08,0
67.61,12,withdrawal,0,2289,1,4.21,0
89.55,11,transfer,0,1565,3,1.47,0
1120.77,11,withdrawal,1,124,6,258.15,1
89.45,19,purchase,0,3539,3,41.15,0
49.58,8,transfer,0,1280,3,1.24,0
37.43,16,purchase,0,1656,2,51.19,0
1168.37,16,withdrawal,1,76,4,183.8,1
296.78,18,online,0,1005,2,0.99,0
87.82,20,purchase,0,3184,2,7.66,0
31.69,11,withdrawal,0,1914,0,6.59,0
126.69,20,withdrawal,0,2124,3,1.39,0
23.63,18,withdrawal,0,819,1,10.44,0
22.22,13,purchase,0,1457,0,18.15,0
99.2,6,online,0,3071,1,12.21,0
157.82,17,online,0,1216,0,35.92,0
77.83,16,purchase,0,3555,3,39.65,0
49.21,11,online,0,3472,1,12.56,0
68.49,22,transfer,0,3586,4,16.99,0
44.03,21,purchase,0,1491,2,12.43,0
29.0,10,transfer,1,2579,0,21.36,0
41.38,10,purchase,0,3435,3,5.17,0
63.27,21,withdrawal,0,1992,4,2.83,0
182.45,15,purchase,0,135,0,40.21,0
107.58,11,purchase,0,3519,4,1.79,0
57.18,6,purchase,0,882,2,2.07,0
37.71,20,withdrawal,0,629,0,1.72,0
52.82,15,purchase,0,1710,1,37.14,0
24.79,10,online,0,3393,1,18.1,0
45.91,15,online,0,106,1,2.24,0
73.76,12,withdrawal,0,1792,3,44.88,0
76.92,14,purchase,0,396,1,8.67,0
100.28,8,online,0,704,0,24.56,0
44.76,12,purchase,0,2484,0,4.39,0
217.62,17,purchase,0,3353,3,15.66,0
41.4,8,online,0,3193,2,0.37,0
184.42,9,online,1,305,0,36.05,0
15.24,17,withdrawal,1,2258,2,7.26,0
20.12,15,online,0,2526,2,4.28,0
49.4,15,withdrawal,0,2106,1,26.54,0
59.44,14,purchase,0,1034,2,8.26,0
56.65,13,purchase,0,83,0,61.12,0
59.14,7,transfer,0,1477,2,27.4,0
40.03,14,purchase,0,2521,4,2.24,0
40.41,22,transfer,1,2311,1,1.06,0
149.06,9,purchase,0,3344,3,2.42,0
336.49,4,transfer,0,328,6,478.58,1
242.22,7,purchase,1,986,4,1.52,0
81.64,6,purchase,0,1166,1,31.74,0
103.81,9,transfer,0,2651,3,35.15,0
151.87,13,purchase,0,684,4,2.8,0
630.02,3,online,1,28,7,133.03,1
43.53,6,transfer,0,2472,3,9.94,0
170.79,8,withdrawal,0,1987,1,87.4,0
23.78,13,purchase,0,2105,3,0.27,0
56.69,8,transfer,0,3202,1,5.5,0
30.0,17,purchase,0,2406,1,28.97,0
14.06,15,purchase,0,3482,3,51.21,0
23.92,20,transfer,0,681,1,32.62,0
798.57,3,online,0,32,2,19.91,1
49.22,21,withdrawal,0,3358,2,4.43,0
49.88,19,purchase,0,2810,3,59.05,0
153.67,19,online,1,475,2,1.07,0
45.35,20,purchase,0,2575,0,0.65,0
79.76,7,online,0,3509,3,11.0,0
29.46,14,purchase,1,1274,1,22.66,0
168.26,8,transfer,0,343,2,2.04,0
207.51,6,withdrawal,0,344,2,3.82,0
51.59,12,transfer,0,1439,0,19.32,0
196.07,7,withdrawal,0,1037,2,8.87,0
108.66,9,withdrawal,0,3228,4,3.95,0
45.22,19,withdrawal,0,2792,2,23.32,0
123.52,21,withdrawal,0,1869,1,19.42,0
117.83,16,purchase,0,866,2,1.27,0
50.54,13,purchase,0,1318,1,0.54,0
67.28,10,transfer,0,2487,3,6.74,0
94.08,15,purchase,0,886,0,10.01,0
68.07,17,withdrawal,0,2140,1,2.7,0
18.05,20,withdrawal,0,274,2,20.76,0
33.32,9,purchase,0,3425,2,7.85,0
214.06,6,withdrawal,0,390,3,6.46,0
119.13,20,purchase,0,489,2,1.38,0
26.24,13,transfer,0,2388,3,26.59,0
123.14,11,purchase,0,1283,2,7.07,0
129.11,9,purchase,0,3146,1,4.16,0
48.13,18,online,0,252,1,6.44,0
81.33,7,purchase,0,325,3,19.71,0
69.14,15,withdrawal,0,3132,6,6.16,0
96.63,22,purchase,1,1050,2,14.76,0
74.06,11,transfer,0,2799,2,4.93,0
37.18,22,transfer,0,455,1,11.67,0
263.89,12,withdrawal,0,427,6,25.61,0
89.27,14,online,0,433,3,2.69,0
136.4,21,purchase,0,1110,3,26.42,0
118.26,20,withdrawal,0,1325,3,5.46,0
167.21,12,transfer,0,2488,3,2.87,0
224.95,15,transfer,0,1318,4,1.18,0
25.26,6,purchase,0,254,3,7.25,0
61.48,8,transfer,0,1334,2,19.35,0
142.11,18,online,0,1628,5,2.39,0
37.77,22,purchase,0,1389,3,43.82,0
52.81,22,withdrawal,0,2079,3,2.92,0
103.68,20,withdrawal,0,3116,6,0.22,0
79.9,18,purchase,0,1785,1,19.91,0
73.04,12,purchase,0,698,3,15.07,0
118.94,12,purchase,0,68,2,4.46,0
47.4,17,transfer,0,2874,1,1.42,0
56.22,14,transfer,1,3243,2,5.39,0
58.51,19,purchase,0,3270,1,10.69,0
150.69,19,transfer,0,3162,5,28.15,0
143.73,8,purchase,0,2619,4,8.55,0
148.55,17,transfer,0,1118,1,13.14,0
10.12,6,purchase,0,193,1,31.42,0
80.81,21,purchase,0,3151,1,0.52,0
48.7,16,withdrawal,0,3144,4,6.91,0
37.71,20,online,0,1814,2,9.49,0
16.27,21,withdrawal,0,1682,1,3.14,0
41.36,12,purchase,0,161,3,29.92,0
154.36,17,online,0,629,8,1.5,0
95.07,9,withdrawal,0,3550,0,0.83,0
26.8,11,purchase,0,2482,3,9.14,0
18.91,12,withdrawal,0,1769,1,19.01,0
72.46,7,withdrawal,0,1558,6,46.31,0
109.51,22,transfer,0,2849,1,9.49,0
172.21,19,purchase,0,1425,1,29.65,0
73.62,19,purchase,0,2350,3,18.25,0
98.23,21,transfer,1,462,2,15.63,0
18.08,13,purchase,0,735,1,10.86,0
14.28,16,purchase,0,1600,3,4.41,0
69.62,14,transfer,0,1163,1,2.48,0
56.54,22,online,0,3567,3,28.49,0
69.28,12,withdrawal,0,463,3,10.5,0
66.67,17,purchase,1,732,2,4.54,0
70.82,22,purchase,0,3227,2,27.97,0
43.84,17,withdrawal,0,1497,2,2.09,0
35.19,21,withdrawal,0,3009,1,7.66,0
51.18,7,purchase,0,3147,3,16.74,0
42.23,19,purchase,0,1894,3,2.12,0
16.64,19,online,0,496,2,2.22,0
61.93,20,purchase,0,513,2,19.06,0
207.22,15,purchase,0,1525,4,6.75,0
52.64,17,online,0,3573,1,6.3,0
11.89,20,purchase,0,2452,1,1.41,0
18.31,7,transfer,0,1501,2,12.3,0
33.43,22,withdrawal,0,1646,4,8.45,0
45.98,7,transfer,0,2214,1,11.2,0
48.03,22,purchase,0,219,3,38.72,0
34.04,9,transfer,0,1756,1,13.99,0
160.25,20,purchase,0,2115,1,2.82,0
43.31,8,purchase,0,1111,2,66.57,0
60.98,18,transfer,0,2229,2,4.17,0
40.73,18,purchase,0,2242,2,4.35,0
189.35,15,online,0,932,0,0.57,0
70.03,18,online,0,2557,2,3.27,0
126.08,17,purchase,0,285,1,1.82,0
50.76,11,purchase,0,83,0,15.87,0
51.69,17,purchase,0,766,2,1.83,0
120.39,17,withdrawal,0,263,4,29.07,0
29.34,6,purchase,0,3436,3,4.77,0
610.81,17,withdrawal,0,169,11,31.1,1
118.48,11,purchase,0,612,2,0.31,0
66.08,19,purchase,0,389,2,2.06,0
49.12,14,purchase,0,472,5,3.99,0
112.52,16,transfer,0,1617,1,8.29,0
90.63,19,purchase,0,473,0,11.37,0
81.47,12,withdrawal,0,1682,2,9.23,0
194.68,18,withdrawal,0,1057,1,17.8,0
164.27,21,purchase,0,1648,4,17.81,0
180.51,10,purchase,1,1835,4,5.48,0
76.47,12,online,0,3366,4,4.72,0
79.49,16,purchase,1,3429,0,10.09,0
47.44,12,transfer,0,3469,2,3.3,0
33.68,9,transfer,0,3317,3,2.73,0
42.73,17,online,0,2098,3,2.4,0
34.43,18,withdrawal,0,979,3,50.21,0
27.85,16,purchase,0,343,2,1.16,0
20.74,19,withdrawal,0,2561,2,19.05,0
57.25,6,purchase,0,1127,2,7.78,0
128.77,9,purchase,0,99,0,6.4,0
43.22,15,purchase,0,452,2,11.18,0
78.56,18,withdrawal,0,616,2,14.86,0
44.3,16,purchase,0,826,1,5.14,0
64.19,7,purchase,0,2724,2,10.98,0
18.64,9,purchase,0,1967,1,50.62,0
54.8,15,online,0,3391,2,0.37,0
14.69,16,purchase,0,2483,1,1.82,0
24.09,6,purchase,0,1907,0,5.72,0
35.66,13,online,0,3588,2,14.76,0
6.19,17,online,1,3316,0,1.1,0
104.83,21,transfer,0,2755,2,2.0,0
77.31,8,online,0,609,2,6.64,0
83.07,19,purchase,0,1166,3,28.74,0
140.19,10,transfer,0,302,1,1.71,0
27.96,8,purchase,0,3007,2,0.31,0
51.53,12,purchase,0,1538,1,12.52,0
17.6,21,withdrawal,0,3382,0,21.56,0
59.5,9,purchase,0,1022,1,22.13,0
44.89,22,online,0,2986,2,13.15,0
54.49,14,purchase,0,1760,2,3.96,0
47.2,22,purchase,0,881,3,4.17,0
112.51,20,withdrawal,1,3050,1,20.98,0
30.0,14,purchase,0,1291,3,40.58,0
13.28,16,online,0,2112,2,20.91,0
60.18,22,purchase,0,746,0,4.39,0
99.01,16,purchase,0,3316,2,2.23,0
34.72,14,online,0,2848,1,15.55,0
69.27,12,purchase,1,3602,2,10.42,0
31.09,14,transfer,0,2591,1,39.31,0
67.52,14,purchase,0,62,2,17.11,0
21.43,15,transfer,0,2621,2,3.29,0
58.62,16,transfer,0,936,1,23.07,0
33.66,7,withdrawal,0,163,3,18.91,0
35.2,9,purchase,1,299,2,37.85,0
34.28,6,purchase,0,1879,3,4.31,0
104.79,18,purchase,0,2099,1,26.08,0
47.68,17,purchase,0,2213,2,8.46,0
112.89,13,purchase,0,1470,2,6.08,0
125.71,8,purchase,0,2853,1,43.09,0
29.57,9,purchase,0,2641,1,6.58,0
170.7,9,purchase,0,75,3,45.07,0
12.26,8,purchase,0,122,1,8.66,0
50.54,11,transfer,0,345,2,7.39,0
39.4,15,online,0,2880,1,1.92,0
80.67,14,purchase,0,3083,3,2.23,0
72.3,22,purchase,0,2319,4,1.48,0
54.6,17,purchase,0,409,5,33.8,0
55.02,11,online,0,2535,4,33.59,0
166.78,18,withdrawal,0,3279,4,10.75,0
57.69,22,transfer,0,2002,4,5.62,0
71.02,13,purchase,0,647,4,12.31,0
72.74,17,online,0,216,3,21.15,0
73.37,7,purchase,0,1225,5,0.45,0
75.09,16,purchase,0,1063,0,12.96,0
190.39,19,purchase,0,3189,3,57.03,0
33.74,11,purchase,0,1287,1,18.12,0
137.62,6,purchase,0,2664,3,1.65,0
43.58,21,withdrawal,0,3024,3,21.08,0
134.73,16,purchase,0,609,2,75.66,0
238.14,4,purchase,1,115,5,247.97,1
63.9,19,withdrawal,0,2071,3,8.16,0
43.61,21,purchase,0,2720,2,0.23,0
72.46,11,transfer,0,2601,2,14.61,0
31.21,12,withdrawal,0,249,1,11.66,0
110.87,10,transfer,0,60,2,9.24,0
45.79,8,transfer,0,2270,2,16.75,0
83.15,12,withdrawal,0,3405,3,24.0,0
42.16,12,purchase,0,382,1,16.83,0
63.79,10,purchase,0,3537,3,14.73,0
107.05,13,withdrawal,0,2154,1,12.7,0
300.34,20,online,1,95,6,361.11,1
66.84,21,purchase,0,2304,3,0.14,0
4.0,14,withdrawal,0,3178,2,47.58,0
66.94,18,transfer,0,2144,4,11.24,0
96.58,12,purchase,0,593,2,0.9,0
27.07,20,purchase,0,3048,3,0.36,0
119.49,14,purchase,0,2167,5,1.51,0
27.62,8,purchase,0,1449,1,3.7,0
156.82,16,purchase,0,218,3,8.69,0
68.86,13,purchase,0,1606,3,6.15,0
82.66,8,transfer,1,1457,3,3.19,0
83.78,9,purchase,0,2697,5,10.77,0
42.91,13,purchase,0,2808,2,2.65,0
218.89,10,transfer,0,3619,1,4.98,0
169.05,20,purchase,0,869,2,0.29,0
73.39,18,withdrawal,0,2429,1,2.86,0
70.9,19,transfer,0,1258,1,3.25,0
108.7,13,withdrawal,0,2781,2,17.04,0
40.45,10,online,0,1029,3,23.98,0
184.45,18,purchase,0,1518,3,8.23,0
79.94,13,purchase,0,2995,4,33.07,0
140.97,18,transfer,0,3429,5,10.26,0
108.76,11,online,0,1251,3,44.32,0
75.76,8,purchase,0,2900,2,2.33,0
24.61,14,purchase,0,1542,0,6.37,0
38.02,6,transfer,0,1900,2,14.12,0
19.85,8,purchase,0,1259,1,0.82,0
48.16,17,online,0,2953,1,7.66,0
75.58,16,purchase,0,901,2,36.7,0
51.2,18,purchase,0,2378,4,1.31,0
92.48,15,purchase,0,3332,1,24.82,0
105.51,21,withdrawal,0,1178,3,22.65,0
117.12,9,purchase,0,3409,1,3.39,0
26.38,21,withdrawal,0,1081,1,25.34,0
25.04,22,online,0,2804,2,5.71,0
113.01,21,purchase,0,2794,2,5.38,0
116.5,7,withdrawal,0,413,1,5.49,0
9.69,7,purchase,0,2715,2,7.07,0
86.23,10,online,0,2905,4,7.95,0
174.61,14,withdrawal,0,3037,1,13.7,0
89.24,12,purchase,0,1364,1,12.55,0
602.49,21,transfer,1,83,3,275.74,1
68.54,20,withdrawal,0,1274,3,22.7,0
69.57,13,transfer,0,2383,0,52.06,0
85.58,9,withdrawal,0,930,6,1.82,0
113.63,12,purchase,0,1694,4,20.77,0
69.09,18,purchase,0,2596,1,48.51,0
25.14,14,purchase,0,3031,0,2.28,0
66.28,11,withdrawal,0,669,4,4.01,0
88.86,22,purchase,1,3587,3,3.18,0
33.81,12,transfer,0,2203,1,1.91,0
299.73,22,purchase,0,989,3,5.51,0
34.81,9,purchase,0,2039,3,6.18,0
92.0,8,purchase,0,1617,4,2.83,0
86.52,11,purchase,1,1122,1,40.27,0
41.62,6,purchase,0,383,1,10.72,0
10.06,10,purchase,0,607,2,85.01,0
94.23,10,withdrawal,0,3439,3,6.96,0
31.24,18,online,0,1327,6,14.33,0
145.29,20,withdrawal,0,576,2,19.45,0
157.08,22,purchase,0,245,8,16.58,0
79.92,14,withdrawal,0,2289,0,8.11,0
16.9,13,purchase,0,1449,4,9.84,0
19.95,11,withdrawal,1,1290,1,8.94,0
36.36,18,transfer,0,3181,1,22.92,0
22.02,18,withdrawal,0,2645,1,31.09,0
255.13,19,purchase,0,2789,3,10.39,0
63.82,18,purchase,0,985,1,10.91,0
105.78,11,purchase,0,1053,0,10.73,0
223.47,14,purchase,0,716,1,11.92,0
204.25,6,withdrawal,0,629,0,35.8,0
70.37,9,purchase,0,2397,2,4.45,0
94.13,8,purchase,0,2168,2,14.29,0
93.12,21,online,0,2647,1,4.29,0
226.92,10,online,0,1021,0,25.7,0
135.89,9,purchase,0,1219,4,14.9,0
104.26,12,transfer,0,1219,1,43.43,0
83.67,16,purchase,0,2857,1,30.94,0
24.34,17,online,0,2592,3,9.59,0
14.44,20,purchase,0,1052,1,6.07,0
34.48,9,purchase,1,2629,1,33.29,0
107.9,22,online,0,3578,2,8.0,0
113.41,6,purchase,0,306,1,10.39,0
172.35,14,transfer,0,189,2,6.45,0
156.95,6,purchase,0,3288,5,15.58,0
117.48,11,purchase,0,1776,2,22.96,0
57.07,9,online,0,1003,0,0.35,0
139.97,9,withdrawal,0,2385,2,26.74,0
90.39,16,online,0,1519,0,0.64,0
56.55,19,withdrawal,0,3174,3,8.96,0
50.98,7,transfer,0,2264,1,3.09,0
145.28,15,purchase,0,1106,3,22.7,0
114.99,20,purchase,0,2476,2,11.08,0
64.99,7,purchase,0,1356,4,4.68,0
283.7,13,online,0,750,2,15.97,0
122.72,19,purchase,0,668,1,8.69,0
75.31,12,purchase,0,2930,2,17.6,0
52.76,21,withdrawal,0,2233,1,1.98,0
155.16,19,purchase,0,884,3,3.07,0
38.5,15,withdrawal,0,403,1,7.23,0
89.26,10,purchase,0,787,1,3.78,0
23.13,22,purchase,0,1297,1,2.61,0
139.69,19,withdrawal,0,1485,0,14.09,0
51.32,18,purchase,0,2212,1,14.83,0
57.22,16,purchase,0,2701,2,26.7,0
134.56,9,purchase,0,1369,3,6.17,0
137.29,7,purchase,0,887,3,0.07,0
83.57,18,withdrawal,0,2827,2,11.93,0
106.26,9,purchase,0,291,0,16.09,0
164.22,16,purchase,0,844,3,38.39,0
951.59,18,transfer,1,270,9,275.76,1
66.22,17,transfer,0,318,2,7.72,0
87.59,7,purchase,0,2790,2,28.05,0
47.36,19,purchase,0,1550,3,3.43,0
100.26,13,purchase,0,1659,3,5.36,0
134.2,12,withdrawal,0,203,2,17.89,0
63.82,19,purchase,0,2318,1,1.4,0
3.49,10,online,0,1282,2,18.15,0
28.05,7,withdrawal,0,577,1,3.42,0
144.96,21,online,0,3287,2,6.42,0
94.68,18,purchase,0,1345,6,19.61,0
74.4,14,transfer,0,1115,2,32.96,0
115.58,7,purchase,1,1544,2,23.72,0
201.62,14,purchase,0,1074,1,4.03,0
74.74,14,withdrawal,0,2884,4,12.53,0
91.45,7,purchase,0,2858,1,13.06,0
14.38,14,online,0,807,1,12.13,0
136.89,18,withdrawal,0,724,2,13.34,0
95.97,10,withdrawal,0,2258,3,4.86,0
56.13,19,transfer,0,1236,3,21.62,0
31.86,8,purchase,0,3120,2,0.15,0
154.26,7,online,0,1099,1,19.06,0
113.84,17,online,0,2376,1,19.1,0
248.62,6,purchase,0,2855,3,2.03,0
73.6,9,purchase,0,3500,3,10.38,0
154.8,17,transfer,0,3145,1,30.75,0
43.3,6,purchase,0,3487,1,24.32,0
31.34,15,withdrawal,0,3141,1,6.22,0
62.09,19,purchase,0,2224,4,11.36,0
43.02,9,purchase,0,1850,2,3.06,0
841.8,3,purchase,0,113,6,66.04,1
162.73,10,purchase,0,2603,2,18.22,0
90.96,12,purchase,0,1240,1,19.55,0
153.03,8,transfer,0,1279,4,0.37,0
95.83,11,transfer,0,2366,2,0.77,0
107.58,14,transfer,0,3097,2,1.7,0
220.56,16,withdrawal,0,78,2,3.62,0
57.57,15,purchase,0,727,1,36.82,0
84.38,20,withdrawal,0,2429,2,7.65,0
73.88,6,purchase,0,2645,2,2.52,0
356.35,19,withdrawal,0,3085,2,16.46,0
94.68,14,online,0,30,4,12.44,0
118.08,8,online,0,1361,1,32.44,0
156.47,14,transfer,0,723,1,4.02,0
18.17,21,purchase,0,1625,2,5.07,0
136.15,18,purchase,0,2915,2,14.12,0
89.86,12,purchase,0,2679,2,9.94,0
21.85,19,purchase,0,2644,3,12.86,0
133.94,8,online,0,2041,1,5.68,0
67.49,7,withdrawal,0,717,1,19.83,0
24.18,21,online,0,2992,1,20.43,0
35.56,16,purchase,0,2709,3,22.72,0
130.27,8,transfer,0,2737,3,16.66,0
76.19,10,purchase,0,2731,3,13.08,0
160.61,6,withdrawal,0,248,1,7.89,0
108.12,6,purchase,0,2477,2,30.96,0
56.41,12,transfer,0,993,0,35.88,0
151.99,17,purchase,0,1223,2,4.49,0
37.55,11,purchase,0,1500,2,8.98,0
147.07,12,purchase,0,721,2,16.06,0
81.61,7,purchase,0,905,2,16.98,0
99.13,9,purchase,0,1045,2,6.06,0
69.4,12,online,0,2908,2,39.55,0
19.5,18,purchase,0,3492,2,2.87,0
106.34,8,purchase,0,3119,2,39.46,0
110.26,10,online,0,1480,3,0.11,0
59.21,13,transfer,0,1874,4,1.23,0
43.29,8,purchase,0,1312,3,58.06,0
54.65,11,purchase,0,877,4,10.87,0
49.06,22,purchase,0,3274,2,40.35,0
64.91,19,online,1,1263,3,56.17,0
140.53,7,purchase,0,886,0,16.68,0
97.7,10,online,1,2633,2,14.34,0
35.09,9,purchase,1,272,1,31.87,0
32.93,10,purchase,0,1967,2,0.31,0
165.99,22,withdrawal,0,140,2,23.93,0
44.3,11,withdrawal,0,1632,2,0.97,0
89.03,21,transfer,0,1861,1,51.44,0
136.93,12,purchase,0,916,1,3.78,0
70.72,12,transfer,0,386,5,12.91,0
49.12,16,online,0,2029,1,13.64,0
86.23,11,withdrawal,0,721,4,8.87,0
556.03,8,online,1,281,4,176.54,1
23.91,6,transfer,0,2892,3,17.76,0
37.48,16,transfer,0,3468,3,11.18,0
210.57,7,purchase,0,2594,1,53.09,0
166.39,14,purchase,0,2498,2,12.1,0
60.78,11,withdrawal,1,274,2,26.18,0
88.81,13,transfer,0,629,4,0.84,0
130.3,13,purchase,0,2868,4,57.97,0
132.46,9,purchase,0,1216,3,6.23,0
66.82,12,purchase,0,1907,4,2.44,0
163.35,8,purchase,0,2188,2,0.8,0
62.58,15,online,0,3411,2,12.94,0
140.7,18,purchase,0,302,0,2.69,0
494.62,2,online,0,297,9,79.3,1
85.78,9,withdrawal,0,2374,2,35.97,0
70.56,8,purchase,0,2407,3,1.73,0
156.77,22,online,0,2859,0,2.39,0
85.72,12,withdrawal,0,2100,4,6.49,0
450.46,2,online,0,108,8,43.81,1
66.95,11,withdrawal,0,3645,2,15.06,0
67.05,15,purchase,0,1073,0,0.13,0
133.65,12,withdrawal,0,241,2,14.53,0
72.01,15,purchase,0,3349,1,8.21,0
112.3,19,purchase,0,2911,1,8.08,0
125.48,14,purchase,0,2895,1,9.13,0
69.37,21,withdrawal,0,874,4,2.47,0
132.03,18,withdrawal,0,1272,2,8.72,0
94.99,16,purchase,0,1801,5,2.83,0
106.0,17,transfer,0,1348,2,2.7,0
14.6,9,withdrawal,0,1070,2,12.26,0
37.35,9,purchase,0,1573,3,10.82,0
636.57,15,purchase,1,255,5,173.32,1
245.44,6,online,0,969,2,7.12,0
131.55,17,purchase,1,810,3,16.01,0
82.61,7,transfer,0,3250,2,6.98,0
128.08,18,withdrawal,0,1529,1,2.48,0
34.72,11,purchase,0,2708,0,4.3,0
30.65,8,purchase,0,1875,3,3.41,0
90.39,9,purchase,0,1466,0,8.1,0
151.19,17,withdrawal,0,867,2,1.9,0
96.67,14,online,0,358,2,7.03,0
44.3,11,purchase,0,2551,0,47.94,0
89.69,9,withdrawal,0,3603,2,13.6,0
30.84,13,online,0,3615,0,10.64,0
33.6,13,purchase,0,3091,2,15.85,0
7.34,10,withdrawal,1,813,2,5.63,0
22.31,19,purchase,0,396,0,73.08,0
0.57,19,purchase,0,2348,2,15.72,0
11.9,13,purchase,1,1936,2,41.18,0
147.83,15,withdrawal,0,1232,2,26.62,0
217.65,12,withdrawal,0,3095,2,3.08,0
57.68,8,withdrawal,0,2196,3,2.82,0
37.79,6,online,0,2792,3,46.84,0
128.66,7,purchase,0,2897,0,4.85,0
78.19,6,withdrawal,1,1058,4,22.11,0
11.89,9,withdrawal,0,2517,8,8.64,0
326.47,7,purchase,0,128,1,14.36,0
185.05,19,transfer,0,2556,3,14.79,0
7.68,22,purchase,0,1000,3,13.02,0
32.29,7,withdrawal,0,419,3,3.3,0
27.46,7,online,0,2412,3,74.27,0
70.91,11,withdrawal,0,2294,2,6.51,0
78.53,10,withdrawal,0,1179,4,49.11,0
75.29,12,purchase,1,2021,0,30.81,0
64.32,17,online,0,451,2,8.43,0
58.26,14,purchase,0,3278,1,30.31,0
129.51,21,purchase,0,3491,4,24.08,0
22.94,8,purchase,0,339,3,3.09,0
624.55,4,withdrawal,0,26,4,146.43,1
42.27,22,online,0,1494,4,7.26,0
42.78,6,purchase,0,253,2,0.46,0
163.43,8,withdrawal,0,1567,1,5.78,0
226.05,8,withdrawal,0,306,1,39.46,0
57.68,6,purchase,0,3439,1,5.27,0
133.31,11,withdrawal,0,3542,1,4.12,0
360.11,14,online,0,350,8,420.97,1
11.9,14,purchase,0,2809,2,75.34,0
72.02,14,purchase,0,1716,1,0.85,0
36.41,12,transfer,0,2774,1,5.6,0
66.42,10,purchase,0,1697,2,31.97,0
131.29,6,online,0,1569,3,4.88,0
129.72,21,withdrawal,0,1746,1,3.68,0
14.7,20,purchase,0,2592,0,13.93,0
29.35,16,purchase,0,1237,4,7.56,0
7.9,9,withdrawal,0,2095,4,18.71,0
69.43,22,online,0,995,0,25.52,0
23.07,6,purchase,0,1348,0,5.45,0
63.45,15,purchase,0,279,1,7.26,0
103.6,20,withdrawal,0,2867,1,1.64,0
55.1,14,purchase,0,1923,2,16.31,0
9.68,8,purchase,0,1538,5,7.8,0
18.19,20,purchase,0,1038,3,4.59,0
18.28,13,purchase,0,2069,4,9.96,0
85.5,13,purchase,0,2402,1,49.8,0
22.81,15,purchase,0,1824,3,36.79,0
25.34,15,purchase,0,3291,2,12.47,0
56.55,11,purchase,0,2381,1,42.9,0
42.75,8,purchase,0,217,3,68.42,0
95.65,12,purchase,0,3159,3,5.13,0
291.15,21,transfer,0,2733,3,41.89,0
86.87,12,purchase,0,1144,0,12.65,0
66.21,12,purchase,0,1271,3,10.11,0
3.8,22,purchase,0,1421,0,2.04,0
47.99,12,online,0,792,1,6.35,0
97.24,7,purchase,0,1982,5,16.26,0
47.75,11,purchase,0,816,1,61.03,0
138.97,20,purchase,0,2428,0,13.7,0
93.45,7,withdrawal,0,960,0,7.48,0
24.63,17,transfer,0,2904,3,8.42,0
68.28,11,purchase,0,1734,0,10.23,0
44.13,20,purchase,0,1166,1,3.31,0
110.57,7,online,0,834,1,3.83,0
24.84,15,withdrawal,0,967,1,15.58,0
57.02,15,withdrawal,0,1040,1,1.19,0
12.79,7,purchase,0,1638,2,10.35,0
56.91,10,transfer,0,3228,1,11.29,0
34.28,10,online,0,178,1,4.56,0
66.15,14,online,0,3181,2,14.61,0
40.57,15,withdrawal,0,452,2,8.28,0
4.66,17,purchase,0,194,2,18.08,0
41.62,20,purchase,0,2359,2,21.38,0
175.0,21,purchase,0,1462,1,4.16,0
45.47,18,transfer,0,1497,2,22.16,0
146.23,18,purchase,0,1394,3,35.7,0
77.7,10,withdrawal,0,1882,2,11.93,0
115.88,22,online,1,1979,3,15.4,0
6.35,20,online,0,2529,2,0.68,0
133.03,7,purchase,0,1457,0,1.98,0
26.06,12,withdrawal,0,822,2,17.59,0
167.63,14,purchase,0,2455,4,0.55,0
29.53,19,purchase,0,488,0,17.48,0
4.08,21,purchase,0,1332,0,7.09,0
4.68,20,online,0,3646,2,4.23,0
180.16,19,purchase,0,1352,2,32.4,0
21.55,13,withdrawal,0,2386,1,21.6,0
102.12,13,purchase,0,2930,2,17.85,0
75.26,16,purchase,0,1215,1,8.66,0
146.82,6,purchase,0,2142,0,11.99,0
231.66,13,withdrawal,0,1016,4,27.89,0
46.65,9,withdrawal,0,1186,2,0.99,0
63.4,7,purchase,0,3035,2,0.19,0
54.21,6,purchase,0,1996,5,8.48,0
130.31,20,purchase,0,71,0,9.45,0
8.69,15,purchase,0,1721,4,4.68,0
66.26,21,online,0,3310,3,30.33,0
30.07,19,online,0,2877,4,17.33,0
5.41,18,purchase,0,2974,0,5.0,0
57.79,18,purchase,0,581,1,5.46,0
101.78,9,online,0,3503,0,3.95,0
200.08,8,purchase,0,2313,0,4.11,0
188.28,17,purchase,0,1569,2,22.82,0
29.42,11,transfer,0,1093,2,31.98,0
74.19,11,withdrawal,0,694,4,11.75,0
53.13,17,online,0,3390,1,10.43,0
32.62,20,withdrawal,0,728,1,14.44,0
64.4,18,purchase,0,1919,2,0.86,0
146.99,20,withdrawal,0,3098,2,15.75,0
134.59,18,withdrawal,0,276,1,26.4,0
8.67,10,purchase,0,2328,2,27.62,0
234.64,22,transfer,0,1509,2,3.75,0
62.94,11,withdrawal,0,769,0,24.54,0
412.24,0,withdrawal,1,57,4,85.47,1
41.06,14,transfer,0,96,1,12.47,0
126.18,6,purchase,1,1900,2,33.32,0
171.48,10,purchase,0,3281,0,6.7,0
212.5,17,withdrawal,0,1719,1,12.13,0
74.81,13,withdrawal,0,3469,1,12.1,0
46.53,20,transfer,0,1557,0,10.43,0
60.09,11,withdrawal,0,2547,3,30.15,0
42.7,16,transfer,0,563,4,21.07,0
248.45,10,purchase,0,1531,2,3.23,0
39.1,14,transfer,0,1483,1,3.74,0
28.6,9,withdrawal,0,260,2,0.76,0
68.32,8,purchase,0,3267,2,9.49,0
76.27,15,purchase,0,1555,2,3.85,0
13.37,22,purchase,0,617,0,29.13,0
11.13,6,online,0,3232,4,18.25,0
55.08,19,withdrawal,0,3145,3,0.59,0
49.04,22,withdrawal,0,1300,2,1.84,0
25.64,19,purchase,0,953,2,5.54,0
5.19,15,withdrawal,0,520,3,3.86,0
114.51,13,withdrawal,0,1061,2,16.0,0
79.38,10,purchase,0,1643,2,6.28,0
91.43,11,purchase,0,1575,1,29.73,0
21.31,20,purchase,0,93,4,33.64,0
104.14,7,purchase,0,1369,2,5.82,0
108.35,8,withdrawal,0,390,0,10.81,0
96.39,22,withdrawal,0,3615,3,44.68,0
29.67,20,online,0,1159,0,0.84,0
257.96,12,online,0,175,10,17.86,1
387.69,2,online,0,26,7,55.41,1
72.81,8,purchase,0,2814,4,6.05,0
87.44,9,purchase,0,3183,1,12.23,0
71.98,21,purchase,0,3096,0,18.48,0
68.31,14,online,0,263,4,13.97,0
91.25,7,purchase,0,1948,2,24.54,0
129.58,19,online,0,1735,2,15.86,0
24.54,17,purchase,0,2858,1,36.02,0
62.4,12,withdrawal,1,3334,2,8.35,0
34.03,21,transfer,0,1869,1,0.91,0
92.92,17,purchase,0,1685,0,50.24,0
73.82,6,withdrawal,0,2750,2,42.19,0
52.95,8,transfer,0,682,1,16.08,0
1297.66,9,online,1,255,3,118.79,1
79.07,22,withdrawal,0,340,3,22.16,0
45.74,13,transfer,0,555,2,17.61,0
79.53,7,transfer,0,3181,0,6.09,0
64.97,11,withdrawal,0,38,5,1.26,0
78.2,18,purchase,0,2549,2,26.5,0
41.93,7,online,0,828,1,1.44,0
16.08,15,purchase,0,3599,4,26.87,0
15.21,7,online,1,1537,0,6.24,0
73.42,10,withdrawal,0,782,3,5.26,0
141.73,7,transfer,0,1166,2,20.43,0
48.64,13,withdrawal,0,1104,4,0.89,0
30.04,11,transfer,0,2995,1,11.81,0
6.19,15,purchase,0,2713,1,9.46,0
121.21,8,purchase,0,295,1,20.18,0
66.59,20,purchase,0,1758,2,8.53,0
88.36,12,purchase,0,2009,1,9.65,0
141.05,13,purchase,0,3337,4,23.61,0
75.74,20,purchase,0,1419,2,50.21,0
76.97,13,online,0,893,2,7.6,0
102.4,17,transfer,0,3201,2,27.84,0
61.91,9,online,0,1282,2,11.76,0
22.84,13,transfer,0,2138,3,65.41,0
14.55,12,online,0,3608,4,7.82,0
41.27,20,purchase,0,3628,2,34.87,0
87.41,22,withdrawal,0,3259,3,28.61,0
224.88,17,purchase,0,1831,1,20.31,0
60.51,14,online,0,2645,4,6.69,0
52.2,16,purchase,0,902,2,22.21,0
46.33,17,purchase,0,483,2,17.35,0
129.43,13,purchase,1,2844,1,18.91,0
114.3,7,purchase,0,1631,3,1.3,0
40.91,11,withdrawal,0,850,1,63.75,0
44.72,13,transfer,0,90,4,9.89,0
86.16,13,purchase,0,155,7,8.55,0
27.05,22,online,0,1958,1,3.66,0
112.05,9,purchase,0,2265,1,3.33,0
99.63,13,withdrawal,0,1688,2,6.09,0
84.48,6,purchase,0,259,0,19.46,0
18.55,9,online,1,3277,2,4.8,0
9.15,12,purchase,0,1260,2,3.04,0
35.24,18,transfer,0,3128,4,6.33,0
169.54,14,withdrawal,0,2534,1,11.19,0
92.07,10,withdrawal,0,2268,4,25.05,0
48.44,20,withdrawal,0,2328,1,32.6,0
42.47,17,purchase,0,2179,2,2.55,0
87.9,20,purchase,0,216,3,11.42,0
129.45,20,purchase,0,3266,2,1.74,0
69.27,18,withdrawal,0,1826,2,13.45,0
68.61,15,purchase,0,428,5,13.18,0
89.68,20,purchase,0,2365,1,25.55,0
302.1,13,withdrawal,1,340,9,112.52,1
29.46,17,purchase,0,3335,1,14.02,0
91.91,21,purchase,1,3079,1,59.4,0
10.17,11,transfer,0,2451,2,4.38,0
12.97,7,online,0,3285,0,7.82,0
7.5,16,online,0,3090,1,4.03,0
17.15,20,withdrawal,0,3399,1,72.99,0
1326.38,0,purchase,1,73,3,219.03,1
65.56,9,withdrawal,0,2491,2,3.64,0
100.18,20,purchase,1,422,4,3.79,0
43.24,12,purchase,0,721,2,10.01,0
140.03,6,withdrawal,0,1624,1,17.04,0
97.68,9,purchase,0,1296,1,22.83,0
84.54,10,withdrawal,0,604,1,39.91,0
61.41,16,purchase,0,546,1,0.1,0
44.32,8,online,0,1280,2,24.13,0
55.17,22,online,1,1435,3,15.99,0
334.08,17,withdrawal,0,246,2,32.0,0
35.58,20,online,0,2852,1,3.73,0
32.73,12,purchase,0,1376,2,49.64,0
155.81,11,purchase,0,1766,1,10.25,0
123.08,12,withdrawal,1,2714,2,1.92,0
35.02,14,purchase,0,963,3,3.18,0
39.82,9,purchase,0,323,0,28.1,0
53.38,19,purchase,0,3540,2,9.77,0
121.19,6,transfer,0,521,3,2.23,0
164.02,19,transfer,0,2177,1,55.79,0
124.53,11,withdrawal,1,2192,2,41.51,0
54.23,15,withdrawal,0,2317,1,13.17,0
49.54,14,online,0,3412,3,35.67,0
125.6,14,purchase,1,3582,3,13.57,0
22.27,10,transfer,0,689,3,9.15,0
73.11,11,purchase,0,190,1,9.8,0
203.44,12,online,1,2360,4,12.44,0
128.08,19,purchase,0,862,2,0.01,0
25.36,19,purchase,0,2879,1,16.41,0
27.38,19,withdrawal,0,1190,2,1.19,0
164.94,18,purchase,0,1231,1,29.38,0
161.56,9,withdrawal,0,3421,0,3.87,0
46.1,22,online,0,428,3,8.06,0
48.81,16,online,0,2273,0,13.84,0
15.98,7,purchase,0,3594,2,35.04,0
64.4,10,purchase,0,3082,2,37.43,0
176.67,6,online,0,3605,2,3.53,0
49.15,20,purchase,0,2849,1,7.77,0
56.56,16,purchase,0,3201,1,23.86,0
105.73,12,transfer,0,322,1,19.14,0
36.56,22,purchase,0,3220,0,23.55,0
53.59,15,purchase,0,796,1,7.49,0
44.3,8,withdrawal,0,3511,0,33.03,0
20.96,21,online,0,1330,2,9.15,0
94.97,13,transfer,0,753,2,3.46,0
123.51,22,purchase,0,645,2,15.2,0
31.77,19,purchase,0,555,3,6.65,0
14.53,10,purchase,0,2849,1,18.91,0
131.49,13,transfer,0,1058,3,24.59,0
9.65,21,withdrawal,0,2381,2,7.65,0
141.68,20,purchase,0,630,3,23.05,0
63.96,21,purchase,0,3377,3,8.2,0
113.22,16,purchase,0,2620,3,9.59,0
51.58,20,online,0,3036,3,14.17,0
90.38,6,purchase,0,2861,2,30.6,0
69.86,13,withdrawal,0,142,2,13.09,0
44.5,16,purchase,0,2669,0,50.62,0
70.12,7,online,0,2926,3,28.89,0
39.34,15,withdrawal,0,1365,3,14.62,0
51.76,20,withdrawal,0,3364,1,18.17,0
63.08,20,transfer,0,3647,2,8.16,0
182.42,12,purchase,0,2538,1,4.71,0
92.84,9,purchase,0,892,2,1.84,0
44.37,15,transfer,0,476,2,28.06,0
63.71,22,purchase,0,1043,2,2.58,0
97.27,17,purchase,0,2858,1,6.13,0
32.5,18,purchase,0,890,0,29.67,0
1503.09,0,purchase,1,337,4,1123.5,1
304.27,11,purchase,1,383,1,4.97,0
53.25,10,purchase,0,1758,2,26.79,0
73.67,7,purchase,0,1883,2,29.96,0
1220.2,1,online,0,358,5,267.2,1
83.26,15,online,0,1565,3,7.8,0
129.96,19,purchase,0,2643,0,0.19,0
86.41,15,purchase,0,150,6,2.81,0
71.33,10,online,0,2570,2,5.88,0
46.07,7,transfer,0,2088,1,0.28,0
8.92,17,purchase,0,1958,0,18.66,0
30.57,9,withdrawal,0,1383,2,32.11,0
178.06,18,purchase,0,2226,2,19.75,0
32.84,8,purchase,0,3481,0,13.26,0
69.2,22,transfer,0,2477,0,13.78,0
237.16,17,purchase,0,984,1,12.25,0
26.42,10,withdrawal,0,2278,2,7.48,0
36.08,13,online,0,2111,1,43.52,0
55.07,13,transfer,0,398,2,0.96,0
60.31,11,purchase,0,237,1,14.56,0
89.78,11,purchase,0,868,4,0.84,0
190.76,13,withdrawal,0,1945,3,1.74,0
101.28,7,purchase,0,684,3,2.94,0
105.42,12,transfer,0,3422,2,20.18,0
44.47,21,withdrawal,0,3479,3,0.2,0
25.2,14,purchase,0,916,0,20.69,0
80.1,6,withdrawal,0,2828,1,8.02,0
142.58,6,online,0,519,4,73.08,0
133.07,13,online,0,2629,5,0.33,0
40.89,20,transfer,0,1164,0,42.39,0
74.74,17,purchase,0,707,2,3.31,0
106.04,6,withdrawal,0,829,4,2.61,0
51.56,11,withdrawal,0,1574,2,5.51,0
71.13,7,withdrawal,0,670,2,12.17,0
35.63,21,transfer,0,2078,3,38.22,0
47.59,10,online,0,3596,1,1.77,0
28.69,21,withdrawal,0,857,1,0.59,0
38.48,21,online,0,3074,3,23.19,0
39.87,17,withdrawal,0,3237,6,0.61,0
13.66,20,purchase,0,3312,3,2.23,0
8.5,10,purchase,0,1117,2,0.65,0
177.51,10,withdrawal,0,2436,4,8.44,0
19.53,22,purchase,0,575,4,0.15,0
17.07,6,purchase,0,350,1,25.55,0
93.31,8,purchase,0,2619,5,3.71,0
30.97,21,purchase,1,3196,3,3.8,0
13.4,10,withdrawal,0,3575,1,31.24,0
114.32,12,purchase,0,700,2,36.75,0
81.93,12,purchase,0,1167,1,21.44,0
60.78,13,purchase,0,3081,1,4.79,0
129.65,22,withdrawal,0,2125,0,24.6,0
95.85,17,purchase,0,802,3,44.58,0
48.33,13,withdrawal,0,1736,2,20.16,0
79.56,6,purchase,0,1438,2,34.28,0
49.98,10,withdrawal,0,312,4,1.46,0
75.18,17,purchase,0,598,4,18.78,0
201.8,15,withdrawal,0,797,2,8.19,0
85.34,20,purchase,0,3531,2,27.89,0
156.53,16,online,0,379,3,30.81,0
42.93,15,purchase,1,779,2,20.88,0
41.08,13,purchase,0,2173,3,13.15,0
85.53,13,purchase,0,3525,1,8.46,0
39.23,21,online,0,1985,1,39.17,0
22.15,18,purchase,0,1823,0,53.8,0
63.57,21,withdrawal,0,1512,3,2.79,0
54.23,9,purchase,0,3209,1,6.65,0
216.6,17,purchase,0,2582,2,11.16,0
42.92,9,purchase,0,205,0,16.36,0
30.79,11,withdrawal,0,1143,9,11.16,0
82.26,11,purchase,0,3031,3,9.38,0
113.23,11,purchase,0,2837,0,9.43,0
39.87,16,purchase,0,802,3,16.27,0
65.38,20,purchase,0,424,0,33.86,0
21.32,20,purchase,0,2521,1,34.04,0
130.15,19,purchase,0,821,0,11.31,0
70.99,17,purchase,0,685,1,1.0,0
92.91,15,purchase,0,673,1,64.04,0
53.11,13,transfer,0,525,0,30.19,0
44.6,22,purchase,0,2313,3,10.36,0
78.35,12,withdrawal,0,3226,1,0.82,0
35.37,15,purchase,0,3504,3,19.71,0
56.22,18,purchase,0,429,3,42.12,0
23.74,15,withdrawal,0,2944,1,1.91,0
118.63,17,online,0,2942,2,1.27,0
18.61,16,purchase,0,587,1,1.47,0
130.29,19,purchase,0,1694,3,15.03,0
88.29,18,withdrawal,0,1668,1,2.47,0
63.96,20,withdrawal,0,3192,2,19.78,0
137.02,22,purchase,0,1200,3,3.16,0
39.07,15,online,0,2589,5,0.32,0
79.63,14,transfer,1,1103,1,24.41,0
37.72,8,purchase,0,3464,2,42.04,0
90.91,10,online,0,2242,0,18.67,0
36.45,13,purchase,0,1885,1,32.9,0
63.85,12,withdrawal,1,2404,1,6.98,0
30.51,8,transfer,0,2432,3,2.37,0
968.25,7,withdrawal,0,168,4,11.3,1
73.04,16,online,0,480,1,19.8,0
213.44,12,purchase,0,703,3,17.98,0
80.37,20,transfer,0,2430,4,3.63,0
304.31,23,online,0,182,7,33.35,1
218.32,11,withdrawal,0,1841,1,6.92,0
118.33,7,purchase,0,158,1,14.14,0
54.74,21,withdrawal,0,3587,0,2.06,0
68.47,14,purchase,0,1540,1,29.44,0
18.83,14,withdrawal,0,3028,0,8.59,0
50.18,21,withdrawal,0,785,4,37.93,0
130.18,19,withdrawal,0,1264,1,1.98,0
104.94,12,withdrawal,0,2664,0,7.78,0
93.57,19,withdrawal,0,587,1,18.72,0
166.03,8,purchase,0,3624,1,8.65,0
97.16,17,online,0,3311,2,10.09,0
4.19,17,purchase,0,710,3,9.12,0
110.26,16,purchase,0,1527,3,15.63,0
18.74,21,online,0,1125,3,6.76,0
63.65,21,purchase,0,3390,1,6.72,0
38.17,22,online,0,424,1,31.8,0
6.0,15,purchase,0,919,2,25.06,0
95.59,15,withdrawal,0,1450,0,0.52,0
30.14,19,purchase,0,1818,0,18.57,0
85.33,6,transfer,0,972,2,19.68,0
92.38,8,purchase,0,1053,1,7.81,0
64.81,9,online,0,3383,0,10.03,0
150.47,17,purchase,0,3322,1,32.31,0
242.15,11,purchase,0,3489,3,17.2,0
52.28,12,withdrawal,0,408,1,22.03,0
108.57,17,purchase,0,577,2,18.28,0
282.46,0,online,1,234,8,680.43,1
64.77,19,online,0,1753,0,11.7,0
127.1,17,purchase,0,416,3,29.56,0
26.02,8,purchase,0,205,5,33.57,0
361.64,10,withdrawal,0,26,8,18.77,1
180.3,7,withdrawal,0,2674,2,4.05,0
120.94,22,withdrawal,0,1915,2,40.44,0
30.13,18,online,0,1103,3,1.53,0
90.5,10,online,0,3347,3,0.25,0
50.13,17,withdrawal,0,1465,1,6.33,0
67.29,18,purchase,0,2366,2,6.91,0
40.53,19,withdrawal,0,1355,1,3.14,0
157.7,15,purchase,0,3083,1,22.51,0
35.0,9,purchase,0,2688,4,4.34,0
24.86,11,purchase,0,3033,3,39.32,0
46.38,21,purchase,0,1707,5,2.88,0
39.35,21,transfer,0,1347,3,30.91,0
44.05,20,online,0,676,4,14.68,0
38.39,10,purchase,0,1254,2,6.62,0
142.88,12,purchase,0,424,2,12.11,0
30.8,21,transfer,0,1096,1,1.53,0
22.12,6,purchase,0,839,3,1.83,0
39.84,7,online,0,1037,1,4.9,0
53.27,10,purchase,0,2024,1,31.27,0
139.8,11,online,0,949,1,8.42,0
99.47,15,withdrawal,0,1047,3,5.78,0
84.57,16,purchase,1,3105,2,9.16,0
123.02,12,online,0,1316,4,20.49,0
102.09,18,purchase,0,1580,4,30.54,0
23.87,13,transfer,0,3586,0,1.51,0
196.32,13,purchase,0,785,1,11.96,0
5.69,8,purchase,0,3369,1,91.75,0
24.18,19,transfer,0,2733,4,12.05,0
45.77,16,withdrawal,0,1675,2,5.81,0
131.94,20,online,0,2135,2,2.97,0
99.55,13,purchase,0,1788,1,7.44,0
28.33,22,purchase,0,284,0,20.1,0
149.98,11,online,0,1084,0,40.64,0
38.32,11,transfer,0,2616,2,61.92,0
169.42,14,purchase,0,2850,0,8.35,0
23.09,18,purchase,0,1007,1,8.05,0
136.34,19,purchase,0,2673,3,4.38,0
38.04,21,purchase,0,261,3,2.16,0
40.13,17,purchase,0,973,1,9.83,0
1617.23,5,online,0,108,10,818.36,1
86.11,12,transfer,0,604,1,19.65,0
56.56,17,withdrawal,0,508,3,2.62,0
134.04,9,transfer,0,1371,0,43.98,0
33.83,16,online,0,3518,3,34.26,0
120.06,10,online,0,1679,2,26.2,0
30.4,17,purchase,0,2505,1,9.35,0
23.7,20,purchase,0,405,0,22.73,0
79.36,15,purchase,0,3586,1,6.46,0
74.19,15,online,0,641,2,1.16,0
78.53,12,purchase,0,1722,1,23.01,0
167.66,13,purchase,0,2831,3,9.49,0
52.13,18,online,0,2731,2,19.26,0
39.0,7,purchase,0,3545,2,3.73,0
36.2,12,online,0,682,0,2.08,0
85.53,6,transfer,0,3425,2,29.12,0
56.77,7,online,0,3115,4,13.38,0
107.53,7,purchase,0,2140,2,4.0,0
33.02,19,withdrawal,0,1081,1,14.56,0
57.31,8,online,0,2108,0,17.24,0
46.44,21,purchase,0,2079,1,24.46,0
83.63,21,purchase,0,1633,1,9.39,0
183.12,15,purchase,0,2513,3,9.72,0
177.02,18,withdrawal,1,2869,1,19.51,0
79.57,21,withdrawal,0,1604,1,6.18,0
52.27,15,purchase,0,806,1,3.85,0
66.06,8,purchase,0,3172,4,3.79,0
273.58,9,withdrawal,0,1895,2,22.65,0
14.55,20,withdrawal,0,2239,1,21.99,0
185.22,17,purchase,0,2576,3,2.62,0
421.87,17,withdrawal,0,1725,1,0.64,0
55.52,20,online,0,2622,3,4.02,0
221.18,17,purchase,1,3391,5,28.87,0
728.99,5,purchase,1,299,3,708.38,1
81.81,16,purchase,0,1465,3,21.62,0
103.25,18,withdrawal,0,1653,4,8.3,0
34.18,13,withdrawal,0,448,3,13.23,0
65.25,8,withdrawal,0,1095,2,10.46,0
79.03,19,purchase,0,2047,2,15.14,0
89.25,10,online,0,233,3,19.9,0
30.04,17,purchase,0,3102,0,25.8,0
61.71,14,purchase,0,375,2,7.39,0
20.17,16,purchase,0,2329,2,13.74,0
21.36,6,withdrawal,0,606,0,39.66,0
62.54,10,purchase,0,1267,2,7.85,0
76.94,13,withdrawal,1,3582,1,3.64,0
51.42,11,withdrawal,0,1839,3,8.01,0
117.02,20,purchase,0,59,1,10.93,0
88.32,13,transfer,0,455,3,4.2,0
119.5,19,purchase,1,3068,3,17.49,0
19.54,21,withdrawal,0,3505,1,3.15,0
68.62,19,purchase,0,764,4,1.48,0
103.24,11,purchase,0,1415,1,82.27,0
